model,frame,runtime,redchi_meas,no_unc,alpha,alpha_robust,lsf_w,lsf_asym,bic
single,HI.19980826.37213,18.1772,3.13628,58,3.21354,0.459808,2.11,0,1.0173e+06
single,HI.19980826.37323,16.9584,2.99887,55,3.18597,0.379006,2.09085,0,483311
super,HI.19980826.37213,24.5654,3.11858,60,3.36257,0.501089,2.14225,3.74854e-06,831402
super,HI.19980826.37323,24.3871,3.01292,55,3.30334,0.433509,2.11273,0.000686036,504286
multi_lick,HI.19980826.37213,37.4688,3.41292,59,3.24255,0.45426,2.0652,-0.00620174,830746
multi_lick,HI.19980826.37323,35.7259,3.19231,56,3.19856,0.343489,2.05412,-0.00201368,315523
multi_song,HI.19980826.37213,32.9688,4.0387,54,3.29293,0.488429,2.12584,-0.000790982,989199
multi_song,HI.19980826.37323,29.7403,3.62913,54,3.22405,0.413507,2.10625,-0.0018455,474920
hermite,HI.19980826.37213,40.7132,4.6189,59,3.05207,0.700914,2.09289,-0.0740409,1.01256e+06
hermite,HI.19980826.37323,38.2866,29.6377,56,1.83544,0.579543,1.42782,0.126957,1.16761e+06
