chunk,order,pixc,wave,n,alpha,alpha_scatter,iod_depth,e_iod_depth,redchi_meas,iod_contrast,lsf_w,lsf_asym,dv_wave_c
0,58,44,6104.376195,1,3.17371,nan,1.22537,0.790706,3.08694,0.0582544,2.17782,0.00827786,-411.947
1,58,84,6106.19106,8,3.97189,0.311961,1.53355,0.240861,0.406833,0.056861,2.10592,-0.0121915,-121.475
2,58,124,6108.001596,6,5.28419,1.08987,2.04023,0.547009,1.92338,0.053868,2.15211,-0.00958169,637.62
3,58,164,6109.809135,10,4.47751,0.20061,1.72877,0.156475,0.598009,0.064423,2.29685,0.00931548,159.419
4,58,204,6111.612788,9,4.81968,2.30163,1.86088,0.894495,3.89499,0.0815061,2.59952,0.0294154,-211.379
5,58,244,6113.41308,10,3.53952,0.469436,1.36661,0.242612,0.502325,0.0981071,2.1548,-0.00788358,-267.622
6,58,284,6115.209291,9,2.28659,1.04771,0.882852,0.536752,4.2412,0.114233,1.99933,-0.00806054,-646.885
7,58,324,6117.001946,10,3.64653,0.324959,1.40793,0.274439,0.411283,0.111649,2.0899,0.00425956,-566.741
8,58,364,6118.790311,10,3.15767,0.210578,1.21918,0.85693,2.84132,0.106022,2.1182,0.00384725,-362.124
9,58,404,6120.575032,10,3.74989,0.358483,1.44784,0.156109,0.424734,0.103352,2.31452,-0.00227307,-495.319
10,58,444,6122.355269,10,3.27068,0.688626,1.26281,0.883236,4.54844,0.105732,2.13814,-0.00287639,-244.284
11,58,484,6124.131836,10,3.33055,0.205047,1.28592,0.33478,0.539732,0.102707,2.3029,0.00309401,-338.254
12,58,524,6125.903236,10,4.91612,1.99014,1.89812,0.472033,2.83852,0.0958841,2.43843,0.00761607,-954.305
13,58,564,6127.672001,10,3.63389,0.245366,1.40304,0.234647,0.475576,0.0877508,2.47003,0.0058372,-502.911
14,58,604,6129.436045,10,2.77685,0.432101,1.07214,0.838503,3.2293,0.0829834,2.43139,-0.00649755,-152.83
15,58,644,6131.195271,6,3.90232,0.44495,1.50669,0.320038,0.36411,0.0774775,2.48734,-0.0098768,-304.058
16,58,684,6132.95085,10,3.93448,1.11981,1.5191,0.918396,4.26049,0.073093,2.45664,-0.00113829,-159.736
17,58,724,6134.70144,10,4.08153,0.456853,1.57588,0.397206,0.376638,0.0679038,2.42251,-0.00427341,-203.11
18,58,764,6136.448429,10,3.66976,0.972416,1.4169,0.361004,0.643237,0.0642482,2.28114,-0.00735597,-435.944
19,58,804,6138.190326,10,7.76581,3.79169,2.99838,0.91887,2.90781,0.06032,2.92475,0.0168342,-201.252
20,58,844,6139.928575,4,3.35989,0.222772,1.29725,0.464373,0.552537,0.0567588,2.01736,-0.0060908,-92.7264
21,58,884,6141.66092,10,3.71627,2.65589,1.43485,1.67886,4.30516,0.0553277,2.36877,0.00121559,-228.264
22,58,924,6143.391045,5,3.63002,0.260472,1.40155,0.303079,0.508798,0.0514916,2.23991,9.04425e-05,-369.603
23,58,964,6145.115898,3,11.6632,13.0717,4.50317,1.32103,6.85093,0.0478331,2.89316,0.103955,310.396
24,58,1004,6146.835553,2,3.51189,nan,1.35594,1.08474,3.85812,0.0475628,2.26553,0.00458819,-782.546
25,58,1044,6148.551269,10,3.74469,0.299363,1.44583,0.217953,0.27362,0.0446967,2.55845,0.0238038,-271.854
26,58,1084,6150.261136,4,3.53665,0.57397,1.3655,0.552764,5.10897,0.0544615,2.03212,-0.00264231,-1683.19
27,58,1124,6151.968099,10,3.97824,0.346942,1.536,1.00826,0.692943,0.0776924,2.3507,-0.001342,-664.421
28,58,1164,6153.669657,10,4.6136,0.994554,1.78131,0.901835,3.68622,0.0863063,2.19589,-0.00501416,-1010.18
29,58,1204,6155.365952,10,5.16024,2.08293,1.99237,1.31837,5.21218,0.0932927,2.16599,-0.00143359,-530.974
30,58,1244,6157.057798,10,3.72801,0.28641,1.43939,0.33245,0.299209,0.0911835,2.36064,-0.00349696,-382.201
31,58,1284,6158.744649,9,3.24664,0.103294,1.25353,1.08899,7.34983,0.0937818,2.06844,0.000108793,-448.924
32,58,1324,6160.426223,10,6.13994,2.57101,2.37063,0.854187,5.39331,0.0940735,2.57807,-0.0156099,-417.818
33,58,1364,6162.102987,10,3.44973,0.326147,1.33194,0.411189,0.773228,0.0883146,2.20082,-0.00296803,-435.67
34,58,1404,6163.77458,4,3.11183,0.142057,1.20148,0.798768,2.83661,0.087045,1.99134,-0.00940923,-381.628
35,58,1444,6165.440867,10,4.09764,1.31039,1.5821,1.06969,4.89748,0.0832807,2.18795,0.00178846,-655.161
36,58,1484,6167.102023,10,3.90666,0.648105,1.50836,0.415195,0.596955,0.0792876,2.30084,0.0011493,-780.469
37,58,1524,6168.757861,9,3.28576,0.20378,1.26863,0.95195,6.29442,0.0732163,1.94096,0.0106846,-418.623
38,58,1564,6170.408332,10,4.52976,0.888824,1.74894,1.23627,5.7443,0.0660032,2.09854,0.00336421,-687.081
39,58,1604,6172.053447,10,3.56654,0.190731,1.37704,0.403559,1.00181,0.0660306,1.99462,-0.00474928,-341.84
40,58,1644,6173.693132,10,3.67552,0.605358,1.41912,0.523251,2.14111,0.0609051,2.13471,0.00426421,-702.02
41,58,1684,6175.327178,10,3.3729,0.851328,1.30228,0.78352,4.50173,0.0574743,2.11781,-0.0100493,-537.67
42,58,1724,6176.95608,10,3.92709,0.925544,1.51625,0.87197,2.09743,0.0550657,2.08719,0.00100906,-651.757
43,58,1764,6178.579282,10,4.19184,0.402014,1.61847,0.241077,0.429088,0.0540293,1.98201,-0.00114278,-712.712
44,58,1804,6180.196977,10,4.61568,1.42191,1.78212,0.699594,4.37907,0.0517164,2.17835,0.00297427,-684.169
45,58,1844,6181.808835,10,2.54419,0.952827,0.982315,0.905272,4.84032,0.0482688,1.8808,-0.00917838,-415.335
46,58,1884,6183.415169,10,3.90659,0.322202,1.50833,0.331418,0.394351,0.0429386,2.34576,0.00097931,-453.323
47,58,1924,6185.015786,10,3.94222,0.347176,1.52209,0.72068,1.0253,0.0426855,2.19351,0.000664041,-416.634
48,58,1964,6186.610602,10,2.3282,1.43928,0.898918,1.20381,4.6598,0.0399086,1.77732,0.00418461,-188.4
49,58,2004,6188.198855,10,4.61785,1.11006,1.78295,1.36482,3.74917,0.0397971,2.29628,0.00443534,-515.301
50,59,44,6000.920463,10,3.84907,0.350018,1.48613,0.233959,2.85219,0.161944,2.19847,-0.00826538,-567.937
51,59,84,6002.704881,10,3.53173,0.419025,1.3636,0.150751,0.604081,0.156528,2.12704,0.00178566,-294.429
52,59,124,6004.486202,10,3.5636,0.363492,1.37591,0.536744,4.12949,0.159319,2.00586,-0.002074,-415.767
53,59,164,6006.263414,10,3.80972,0.45083,1.47093,0.221029,0.965574,0.156696,1.97045,0.00996671,-213.244
54,59,204,6008.037396,10,3.48423,0.443298,1.34526,0.532251,2.60356,0.145058,2.10056,0.00724005,-299.048
55,59,244,6009.807232,10,3.83484,0.215043,1.48063,0.228579,0.853986,0.136665,2.15331,-0.0147643,-315.65
56,59,284,6011.572722,10,4.9046,0.109802,1.89367,0.51772,2.82117,0.127073,2.28298,0.00897345,-177.755
57,59,324,6013.336002,10,4.12695,0.385708,1.59342,0.317265,0.675988,0.123913,2.17826,-0.00165393,-412.01
58,59,364,6015.093876,10,5.97506,2.48933,2.30697,0.358393,1.7806,0.112233,2.31941,-0.0133968,125.442
59,59,404,6016.849381,10,3.62278,0.235843,1.39876,0.182412,0.613553,0.10515,2.15957,0.00415452,-399.28
60,59,444,6018.599444,10,3.28785,0.425391,1.26944,0.37607,2.49674,0.102209,2.12157,-0.00598196,-297.742
61,59,484,6020.34702,10,3.7695,0.0964143,1.45541,0.154717,0.603496,0.098247,2.39058,-0.00465858,-580.869
62,59,524,6022.090047,10,6.14358,2.31136,2.37204,0.454911,2.07808,0.0891511,2.28483,0.0182052,-142.254
63,59,564,6023.82857,10,4.35654,0.507802,1.68206,0.173237,0.562194,0.0899037,2.60667,-0.00295075,-574.882
64,59,604,6025.563442,10,4.05279,1.02565,1.56478,0.456139,4.13094,0.0819977,2.21776,0.00157352,-532.345
65,59,644,6027.293679,1,4.26333,nan,1.64607,0.172385,0.596605,0.0725992,1.90863,0.0287894,-666.349
66,59,684,6029.020226,1,2.85154,nan,1.10098,0.240165,1.71459,0.073471,1.82345,-0.00107463,-615.042
67,59,724,6030.742021,2,3.47625,nan,1.34218,0.219556,1.19875,0.0689561,2.20344,-0.00351129,-581.089
68,59,764,6032.460048,5,4.92926,0.244081,1.90319,0.170324,1.72376,0.105199,2.29363,0.0191182,-82.598
69,59,804,6034.173225,10,4.18065,1.46192,1.61415,0.588909,6.19834,0.140936,2.34831,-0.0244758,352.488
70,59,844,6035.882559,10,3.21159,0.102306,1.24,0.145283,0.642305,0.147231,2.28666,0.00125981,-287.389
71,59,884,6037.58632,10,2.72276,0.482467,1.05126,0.389536,3.8835,0.145474,2.17864,-0.00117977,-287.213
72,59,924,6039.287407,10,3.49415,0.274357,1.34909,0.157693,0.370636,0.145362,2.3627,0.0031333,-224.16
73,59,964,6040.983351,10,4.18558,1.51333,1.61605,0.458246,6.06344,0.146467,2.06921,-0.00736767,-365.413
74,59,1004,6042.674243,10,4.37963,0.350434,1.69098,0.35602,1.02634,0.138872,2.33857,0.00656692,-411.94
75,59,1044,6044.36106,6,3.98635,0.375305,1.53913,0.324552,1.78627,0.133253,2.28349,-0.0191399,-408.523
76,59,1084,6046.042706,10,3.86052,1.0053,1.49055,0.824326,5.6868,0.12578,2.17804,-0.00674108,-325.468
77,59,1124,6047.720221,10,4.27302,0.21765,1.64981,0.173415,0.483168,0.120436,2.39929,0.000339099,-636.68
78,59,1164,6049.392958,10,3.85709,0.750578,1.48922,0.492164,4.5778,0.114352,2.1387,-0.00873531,-301.7
79,59,1204,6051.060462,10,3.35063,0.297969,1.29368,0.15973,0.502998,0.109076,2.20418,0.00670779,-336.629
80,59,1244,6052.723623,9,3.82884,0.228917,1.47832,0.14183,0.643818,0.104162,2.11095,6.51913e-05,-393.72
81,59,1284,6054.38188,4,4.19052,0.574904,1.61796,0.250286,0.912327,0.0950708,2.08032,-0.00833958,-152.852
82,59,1324,6056.034843,10,4.11187,0.136122,1.5876,0.128749,0.529868,0.0925683,2.32364,0.00395975,-665.451
83,59,1364,6057.68323,10,3.90239,0.327796,1.50671,0.149343,0.562104,0.0889947,2.16096,-0.0154965,-398.852
84,59,1404,6059.326225,10,3.68141,1.61586,1.42139,0.359711,3.44981,0.0817186,1.85054,-0.00272098,-522.913
85,59,1444,6060.964614,10,4.15233,0.294166,1.60322,0.169869,0.507298,0.0849307,2.26387,-0.000381437,-172.373
86,59,1484,6062.597834,9,4.16342,0.18593,1.6075,0.239447,0.616881,0.0797461,2.14572,-1.68774e-05,-381.095
87,59,1524,6064.225618,10,2.90127,1.30975,1.12018,0.657046,4.23859,0.0708148,2.00728,5.68246e-05,-500.543
88,59,1564,6065.848586,10,3.31571,0.0852387,1.2802,0.212354,0.398143,0.067764,2.22046,-0.00321883,-477.651
89,59,1604,6067.466263,10,5.25609,0.882154,2.02938,0.460965,1.93243,0.0635441,2.45041,-0.0077164,-877.897
90,59,1644,6069.07808,10,4.26489,1.34237,1.64668,0.680167,3.65346,0.0585519,2.28134,0.00235499,-288.868
91,59,1684,6070.685622,10,4.42066,0.412671,1.70682,0.191798,0.538851,0.0760591,2.07763,0.00196265,-149.633
92,59,1724,6072.287391,9,3.85859,0.202452,1.4898,0.0741409,0.331816,0.108984,2.14092,4.27979e-05,-484.237
93,59,1764,6073.883798,10,5.53216,0.635886,2.13597,1.26554,4.45359,0.12108,2.34209,0.000208417,-66.3693
94,59,1804,6075.474598,10,7.58994,1.68563,2.93048,0.546414,2.27351,0.126739,2.5953,-0.0153658,-613.748
95,59,1844,6077.060129,10,3.50827,0.230833,1.35454,0.283414,0.548028,0.13077,2.16044,0.00768618,-317.23
96,59,1884,6078.640163,10,5.05496,1.69571,1.95172,0.615781,5.90906,0.126189,2.21451,0.01051,-775.628
97,59,1924,6080.214412,10,3.78517,0.560539,1.46146,1.14756,3.2916,0.12309,2.24153,0.0115268,-400.968
98,59,1964,6081.783366,10,4.30917,0.433842,1.66377,0.426497,0.498214,0.118359,2.28248,-0.00279393,-204.14
99,59,2004,6083.346641,10,4.1882,0.432023,1.61707,0.236692,0.515268,0.117382,2.40663,0.00352836,199.967
100,60,44,5900.91457,10,3.5489,0.236601,1.37023,0.206083,1.50511,0.180966,2.16992,-0.00257996,-342.081
101,60,84,5902.670747,10,3.78953,0.707608,1.46314,0.370748,5.91446,0.162438,2.09926,0.00269828,-539.501
102,60,124,5904.422253,10,3.93745,0.110277,1.52025,0.11556,0.600752,0.163962,1.97292,-0.00165738,-423.655
103,60,164,5906.169141,10,3.75978,0.731531,1.45165,0.446317,4.77839,0.153723,1.944,-0.000281075,-441.948
104,60,204,5907.914553,10,4.32137,0.382054,1.66848,0.115038,0.6538,0.141218,2.01088,0.00351186,-465.971
105,60,244,5909.655364,10,3.40188,0.315101,1.31347,0.228591,2.50098,0.134901,1.92451,0.00373476,56.8387
106,60,284,5911.391892,10,4.20235,0.31459,1.62253,0.14533,0.833201,0.125495,2.01075,-0.00299896,-113.648
107,60,324,5913.124274,4,5.6023,3.23669,2.16305,0.504096,2.01203,0.122277,2.0716,0.00749235,-100.089
108,60,364,5914.854422,2,4.16344,nan,1.60751,0.149886,0.813874,0.117073,2.06208,0.00168356,-233.827
109,60,404,5916.580305,6,3.31268,0.326923,1.27903,0.285942,1.76456,0.111781,2.05641,-0.000460806,-340.275
110,60,444,5918.302068,10,3.65745,0.187723,1.41214,0.0913859,0.851792,0.123434,2.20083,0.0112287,-402.719
111,60,484,5920.020384,10,4.2494,0.835516,1.6407,0.141804,2.00686,0.169923,2.12949,0.0161982,-564.581
112,60,524,5921.734566,10,3.25804,0.171939,1.25793,0.184962,1.47406,0.221664,2.09249,-0.00234416,-173.477
113,60,564,5923.445139,10,3.15143,0.337617,1.21677,0.277914,3.93655,0.229087,2.06397,-0.0053056,-182.427
114,60,604,5925.151512,10,4.92245,0.351786,1.90056,0.147597,1.7683,0.218465,2.3859,-0.0392848,-775.936
115,60,644,5926.854116,10,4.04979,0.406129,1.56362,0.247127,5.91198,0.215069,2.15343,-0.00751588,50.5494
116,60,684,5928.55242,9,3.64787,0.116248,1.40845,0.133706,0.756885,0.208535,2.24356,0.00452212,-206.237
117,60,724,5930.24644,10,3.56654,0.892575,1.37704,0.210227,3.92501,0.195065,2.0794,-0.00407134,-419.121
118,60,764,5931.936729,10,4.00924,0.173199,1.54797,0.117074,0.609197,0.184344,2.28257,-0.00204386,-515.161
119,60,804,5933.622596,10,3.4103,0.178839,1.31672,0.148801,1.2297,0.177371,2.13533,0.0097871,-252.869
120,60,844,5935.303906,10,3.4641,0.251235,1.33749,0.281963,5.46592,0.17415,2.12211,0.00366897,-440.012
121,60,884,5936.981003,9,3.27683,0.522895,1.26519,0.198346,1.11173,0.169555,2.1532,-0.0188433,-544.797
122,60,924,5938.65311,10,3.23218,0.182671,1.24795,0.160185,2.13356,0.157649,2.123,0.00555733,-391.044
123,60,964,5940.321508,10,3.66739,0.234848,1.41598,0.111991,0.585671,0.152475,2.19671,0.00525742,-240.343
124,60,1004,5941.985027,10,4.10133,0.998966,1.58352,0.237294,3.94483,0.152466,2.2861,0.0109279,-827.395
125,60,1044,5943.643671,9,3.31672,0.0920397,1.28059,0.191942,2.43211,0.144175,2.14172,0.0020459,-374.505
126,60,1084,5945.297967,9,3.45246,0.507354,1.333,0.107508,0.520728,0.127216,2.21005,0.0021327,-236.967
127,60,1124,5946.947098,9,2.56381,0.298191,0.989888,0.163683,1.4746,0.124006,1.93994,-0.0212037,-594.941
128,60,1164,5948.591933,9,3.97501,0.256674,1.53475,0.151238,1.07686,0.117737,2.35675,0.00866043,-504.365
129,60,1204,5950.230888,8,3.21427,0.442471,1.24103,0.229146,3.7125,0.109268,2.0862,0.00266483,-870.97
130,60,1244,5951.866824,5,3.28963,0.135504,1.27013,0.275979,5.71938,0.105531,2.05308,-0.00250896,-1001.55
131,60,1284,5953.49728,10,3.93127,0.41032,1.51787,0.122389,0.585425,0.0927023,2.14227,-0.000828844,-330.898
132,60,1324,5955.121586,9,4.26939,1.63325,1.64841,0.413341,2.66459,0.0940381,1.94272,-0.0122379,-400.21
133,60,1364,5956.743153,10,3.41263,0.147081,1.31762,0.0609809,0.502999,0.144349,2.11785,0.00143401,-338.711
134,60,1404,5958.359062,10,3.01178,0.31217,1.16285,0.254173,2.56587,0.179335,1.99054,0.00036132,-184.084
135,60,1444,5959.969395,10,6.18695,1.45994,2.38878,0.583456,5.86422,0.190147,2.40748,-0.0106344,-241.139
136,60,1484,5961.575523,10,3.55515,0.265016,1.37265,0.125756,0.63579,0.186597,2.10901,0.000924284,-419.98
137,60,1524,5963.176686,10,3.52475,0.308746,1.36091,0.331944,7.63915,0.181459,2.05189,-0.00658242,-609.277
138,60,1564,5964.772116,10,3.72892,0.164449,1.43974,0.331231,3.08351,0.177232,2.17713,-0.00439065,-488.227
139,60,1604,5966.363297,10,4.29318,0.307816,1.6576,0.149813,0.907393,0.179671,2.28322,0.00548347,-344.632
140,60,1644,5967.949414,10,3.30931,0.176509,1.27773,0.436303,6.085,0.166817,2.15704,-0.00112012,-413.78
141,60,1684,5969.529689,10,3.40194,0.141386,1.31349,0.419106,3.29984,0.160128,2.05983,0.00195173,-285.932
142,60,1724,5971.105558,10,3.79994,0.11366,1.46716,0.109424,0.383063,0.162511,2.45734,0.0237525,-53.2206
143,60,1764,5972.674788,10,3.29064,0.46095,1.27052,0.312974,1.48006,0.144675,2.05681,0.0151434,-110.409
144,60,1804,5974.24097,10,3.82493,0.758178,1.47681,0.552551,7.52187,0.139483,2.18181,-9.26373e-05,-909
145,60,1844,5975.801016,10,3.70696,0.119801,1.43126,0.108553,0.562777,0.139355,2.33304,-0.0137127,-494.579
146,60,1884,5977.354811,10,3.38039,0.525091,1.30517,0.321432,4.73896,0.134938,2.12174,0.00850913,164.881
147,60,1924,5978.904443,10,3.64862,0.850888,1.40873,0.556246,5.1463,0.122615,2.26658,0.0178397,-89.6109
148,60,1964,5980.448056,10,3.28341,0.0418103,1.26773,0.216811,0.966789,0.11608,2.1597,-0.0103368,-335.488
149,60,2004,5981.986011,10,3.42548,0.0173683,1.32258,0.127856,0.455574,0.110988,2.34102,-4.41617e-05,-113.238
150,61,44,5804.183882,9,3.20105,0.100355,1.23593,0.19193,0.733651,0.185474,1.95927,-0.00708953,-286.383
151,61,84,5805.912031,10,3.17468,0.155389,1.22575,0.285861,4.07793,0.175334,2.04798,-0.00713198,-655.466
152,61,124,5807.636187,4,3.58075,0.105244,1.38253,0.083277,0.762968,0.168136,2.08432,-0.0064746,-132.588
153,61,164,5809.356374,10,4.06603,0.730507,1.5699,0.250294,2.76469,0.17085,2.02969,0.00990125,-24.9328
154,61,204,5811.074137,10,3.26918,0.136506,1.26223,0.143226,0.928722,0.174781,2.09043,-0.00741066,-415.387
155,61,244,5812.787426,4,2.86905,0.284289,1.10774,0.120411,1.74758,0.215207,1.90517,0.000588199,-56.4313
156,61,284,5814.497362,10,3.18917,0.089779,1.23134,0.101961,0.934295,0.250822,2.08121,0.00824415,-307.29
157,61,324,5816.203158,10,3.27011,0.170206,1.26259,0.20527,4.18793,0.255426,2.0467,-0.00120862,-482.498
158,61,364,5817.905526,10,3.42163,0.480805,1.32109,0.0782805,0.987668,0.254826,2.06812,-0.00678123,-166.105
159,61,404,5819.603665,10,3.50538,0.451434,1.35343,0.214894,4.24132,0.264404,2.00327,0.00354513,-280.597
160,61,444,5821.29832,10,3.38662,0.21348,1.30758,0.11274,1.27077,0.248271,2.11243,-0.000369813,-258.565
161,61,484,5822.988649,10,3.98542,0.277266,1.53877,0.204532,3.27401,0.250263,2.21115,-0.00538119,-115.289
162,61,524,5824.67544,10,3.32228,0.133996,1.28273,0.0994618,1.12223,0.244613,2.09159,0.00510003,-386.249
163,61,564,5826.357812,10,3.07749,0.141192,1.18822,0.490996,4.58609,0.234345,2.0795,-0.00814896,-560.612
164,61,604,5828.036586,10,3.06624,0.0476952,1.18388,0.102517,0.977108,0.229742,2.15518,0.00242816,-323.966
165,61,644,5829.710417,10,3.3286,0.23301,1.28517,0.272199,3.26015,0.21943,2.05954,0.0105982,-325.211
166,61,684,5831.381452,8,3.29379,0.336041,1.27173,0.146519,1.00074,0.206411,2.16836,-0.00392364,-223.989
167,61,724,5833.047882,10,4.08346,0.736184,1.57663,0.286582,3.27775,0.201511,2.18645,0.00332131,-209.654
168,61,764,5834.709727,10,3.56068,0.256692,1.37478,0.123858,0.809093,0.18973,2.16925,-0.0046051,-274.051
169,61,804,5836.366889,10,5.04587,0.50691,1.94821,0.520885,4.03204,0.187433,2.19072,-0.00274476,-470.112
170,61,844,5838.021089,10,3.79539,0.210563,1.4654,0.232295,0.802964,0.169913,2.24412,-0.00702378,-398.238
171,61,884,5839.670508,10,3.74597,0.356518,1.44632,0.249311,1.01661,0.163732,2.06805,0.000116798,-401.716
172,61,924,5841.315207,6,3.61797,0.530561,1.3969,0.197276,1.43116,0.156467,2.02356,-0.00707466,-290.474
173,61,964,5842.955871,5,3.25769,0.104159,1.2578,0.249077,1.09429,0.154049,1.96447,0.00783839,-351.59
174,61,1004,5844.591747,10,3.11421,0.365878,1.2024,0.209577,3.69287,0.151517,1.94405,0.00825033,-374.954
175,61,1044,5846.223498,10,3.39904,0.0902903,1.31237,0.0578535,0.623418,0.15789,2.21318,-0.00594849,-335.254
176,61,1084,5847.849983,10,4.07518,0.857138,1.57343,0.804107,15.1551,0.217597,2.11768,0.00503018,-296.053
177,61,1124,5849.473068,10,3.36044,0.160969,1.29747,0.211067,1.24566,0.236661,2.10742,0.00873204,-621.548
178,61,1164,5851.09112,10,3.54105,0.368636,1.3672,0.158282,5.60473,0.242745,2.18971,-0.0122721,-402.901
179,61,1204,5852.704251,10,3.58023,0.584073,1.38233,0.208452,3.13087,0.253199,2.10492,0.0101883,-371.048
180,61,1244,5854.313016,8,3.03744,0.464704,1.17276,0.422269,7.55318,0.256877,1.938,-0.00451762,-703.828
181,61,1284,5855.917074,10,3.84584,0.717737,1.48488,0.208307,4.34631,0.247248,2.04092,0.0104173,-176.96
182,61,1324,5857.516107,10,3.35258,0.333876,1.29443,0.143275,1.85069,0.233981,2.07159,-0.00744053,-278.566
183,61,1364,5859.110662,10,3.10102,0.319957,1.19731,0.184832,1.35892,0.226258,2.14789,-0.00488506,-119.178
184,61,1404,5860.70009,9,3.77811,0.658587,1.45873,0.377723,3.83817,0.211864,2.05906,0.000857307,-331.932
185,61,1444,5862.285046,10,3.5947,0.379378,1.38792,0.116073,0.732003,0.217394,2.10648,-0.00384211,-405.095
186,61,1484,5863.864178,10,3.60294,0.497729,1.3911,0.179256,3.71255,0.199512,2.02922,-0.0120419,-132.766
187,61,1524,5865.439978,10,3.48583,0.398588,1.34588,0.163084,2.43866,0.196864,2.07564,-0.00954631,-128.141
188,61,1564,5867.01026,10,3.48391,0.0779849,1.34514,0.0590827,0.389725,0.192714,2.16245,0.00612875,-372.849
189,61,1604,5868.574549,10,3.55978,0.351068,1.37443,0.26091,3.73576,0.174248,2.15562,0.0141205,-465.799
190,61,1644,5870.135571,10,3.45058,0.347548,1.33227,0.154937,0.74576,0.167952,2.13833,0.000856593,-247.493
191,61,1684,5871.690919,10,3.43591,0.24248,1.32661,0.113342,0.622957,0.167458,2.07671,-0.0032443,-208.199
192,61,1724,5873.240125,10,4.98942,1.50576,1.92642,0.255599,2.12394,0.150644,2.18695,0.00603072,-136.92
193,61,1764,5874.786009,10,3.15209,0.151725,1.21702,0.102175,0.742935,0.149404,2.06141,0.0168033,-178.859
194,61,1804,5876.326073,10,3.46072,0.193811,1.33619,0.159099,1.25623,0.142924,2.18001,0.00572918,-367.026
195,61,1844,5877.859963,10,3.13195,0.551318,1.20925,0.454747,4.09802,0.138023,2.15905,0.030021,-222.402
196,61,1884,5879.390179,10,4.00792,0.163234,1.54746,0.142402,0.423939,0.128797,2.12656,0.00383737,24.2783
197,61,1924,5880.914451,10,3.54427,0.174205,1.36844,0.10223,0.369288,0.124145,2.20939,-0.000909009,-109.082
198,61,1964,5882.432748,10,2.72165,0.21981,1.05083,0.130865,1.81761,0.154541,2.03962,0.000388321,77.0857
199,61,2004,5883.946485,10,3.67579,0.445105,1.41922,0.182263,3.65119,0.179377,2.43885,-0.00309736,-214.061
200,62,44,5710.576874,5,4.02375,0.62534,1.55357,0.163523,1.10704,0.247024,1.93891,0.00824668,32.9008
201,62,84,5712.277488,9,3.80312,0.688181,1.46838,0.101321,1.41671,0.254092,1.99237,0.00304815,-214.645
202,62,124,5713.976465,9,4.39412,0.452485,1.69657,0.0863179,0.680926,0.247262,2.06773,-0.0235412,-166.968
203,62,164,5715.670681,10,3.23948,0.0944701,1.25076,0.0551908,0.992675,0.273518,2.03873,-0.00159482,-355.599
204,62,204,5717.360157,10,3.26751,0.236284,1.26159,0.136402,2.09961,0.332042,2.083,-0.00281121,-216.321
205,62,244,5719.046583,10,3.70046,0.176066,1.42875,0.144151,4.71042,0.326979,2.16543,2.49556e-06,-479.627
206,62,284,5720.728442,10,3.19039,0.33327,1.23181,0.123732,2.09217,0.316723,2.03561,-0.00418301,-57.2133
207,62,324,5722.407212,10,3.14692,0.244039,1.21503,0.234199,3.79283,0.303903,2.04389,0.000415535,-169.636
208,62,364,5724.083886,10,2.9863,0.0513751,1.15301,0.127611,1.14469,0.286438,1.95488,0.000392024,-339.473
209,62,404,5725.752776,10,3.02535,0.391784,1.16809,0.19417,5.39652,0.279329,1.92995,-0.00184222,-210.267
210,62,444,5727.419723,10,2.97511,0.273212,1.14869,0.110852,0.955287,0.266806,1.96246,-0.00389198,-219.329
211,62,484,5729.083277,10,3.24224,0.098871,1.25183,0.246778,6.77727,0.257266,1.9366,0.00365452,3.71564
212,62,524,5730.742698,10,3.17575,0.308428,1.22616,0.142713,1.66875,0.246614,1.99485,0.00657413,-236.711
213,62,564,5732.398542,10,3.82338,0.5745,1.47621,0.133272,2.47546,0.237309,2.04248,0.00114978,-29.4628
214,62,604,5734.050279,10,3.35181,0.130697,1.29414,0.120058,1.22754,0.237174,1.97899,-0.000106126,95.3707
215,62,644,5735.698265,10,3.18198,0.196758,1.22856,0.411724,7.92308,0.215747,2.04398,-0.00424347,-309.809
216,62,684,5737.342103,10,3.79582,0.155634,1.46557,0.0926126,1.37336,0.208748,2.04418,0.000906226,-241.448
217,62,724,5738.982044,10,2.8711,0.156812,1.10853,0.163962,1.98254,0.202312,2.05002,6.85813e-05,-232.045
218,62,764,5740.617741,10,3.91577,0.033898,1.51188,0.100224,0.98206,0.204279,2.09874,-0.00672174,-169.709
219,62,804,5742.249165,0,nan,nan,nan,nan,nan,nan,nan,nan,nan
220,62,844,5743.876737,9,3.48898,0.252069,1.3471,0.123258,1.69372,0.2195,2.02537,0.013388,-233.366
221,62,884,5745.499942,10,3.30245,0.1393,1.27508,0.0930811,0.870728,0.217841,2.05593,0.000207236,-215.4
222,62,924,5747.11862,10,3.96279,0.530243,1.53004,0.247128,9.82792,0.254832,2.01208,0.00490265,38.7664
223,62,964,5748.733323,10,3.46646,0.402443,1.3384,0.0871268,1.21646,0.310429,2.07541,-0.0122843,-323.918
224,62,1004,5750.342216,10,3.761,0.670012,1.45212,0.220059,2.83534,0.305069,2.10074,-0.0138858,-401.149
225,62,1044,5751.948643,10,3.00828,0.186037,1.1615,0.12859,1.41931,0.285865,2.05666,0.0060318,-247.412
226,62,1084,5753.549829,10,3.62659,0.40605,1.40023,0.152882,1.72457,0.277905,2.00875,-0.00651125,-443.322
227,62,1124,5755.146088,10,3.27799,0.0483848,1.26563,0.182505,2.01214,0.273067,2.04637,-0.00433831,-196.917
228,62,1164,5756.738168,10,3.25468,0.254262,1.25663,0.191817,1.03811,0.272434,2.12556,-0.0044274,-321.255
229,62,1204,5758.325165,10,2.74374,0.140606,1.05936,0.386044,13.5563,0.259279,2.03141,0.00195516,-460.324
230,62,1244,5759.908054,10,3.38586,0.424982,1.30728,0.128754,1.87699,0.24899,2.09208,0.00402831,-318.722
231,62,1284,5761.484964,10,3.30218,0.125374,1.27497,0.179096,4.25928,0.249902,2.09577,1.25798e-05,-163.431
232,62,1324,5763.059303,5,3.64057,0.05789,1.40563,0.153313,1.14414,0.23335,2.0765,-0.0157399,-130.161
233,62,1364,5764.6267,10,4.02719,0.66477,1.5549,0.247577,6.46983,0.225023,2.12379,0.00527021,-1.74456
234,62,1404,5766.191725,10,3.37365,0.263198,1.30257,0.143742,1.96284,0.227645,2.08785,-0.0048394,-170.086
235,62,1444,5767.751164,10,3.47431,0.367696,1.34143,0.0841665,0.762136,0.216917,2.09371,0.00617447,-241.895
236,62,1484,5769.304426,10,3.37639,0.706878,1.30362,0.241149,3.47904,0.20438,2.08244,-0.0100417,-334.042
237,62,1524,5770.855144,10,3.86776,0.334106,1.49334,0.0780506,0.552189,0.193048,2.14253,-0.00418652,-241.637
238,62,1564,5772.400197,10,3.23234,0.152653,1.24801,0.139704,1.86123,0.185362,1.97415,-0.00507846,-162.244
239,62,1604,5773.939891,10,3.16534,0.0733632,1.22214,0.236167,2.07426,0.181098,2.06398,0.00922204,-294.524
240,62,1644,5775.475275,10,3.392,0.153341,1.30965,0.129713,0.767449,0.191009,2.04415,-0.00955872,-403.954
241,62,1684,5777.0057,10,4.17651,1.10081,1.61255,0.405712,4.3332,0.20361,2.23879,0.00624278,-358.847
242,62,1724,5778.530855,10,3.41031,0.290216,1.31672,0.162495,5.25303,0.195543,2.11214,0.00485554,-49.8946
243,62,1764,5780.051374,10,3.39687,0.339509,1.31153,0.107598,2.48486,0.252001,2.13463,0.00131084,-90.1251
244,62,1804,5781.566857,10,3.30043,0.153516,1.2743,0.257573,3.98486,0.281044,2.05498,-0.0158185,-347.275
245,62,1844,5783.077183,10,3.0723,0.0293532,1.18622,0.154478,4.70803,0.277635,2.18462,-0.0086376,-262.451
246,62,1884,5784.582572,10,2.94404,0.15755,1.13669,0.109268,1.11645,0.261428,2.14935,0.00422405,-193.44
247,62,1924,5786.082884,10,3.07952,0.23413,1.189,0.184548,2.70856,0.261988,2.13272,0.00453181,-80.8769
248,62,1964,5787.5781,10,3.19482,0.083681,1.23352,0.115762,1.49433,0.269574,2.15411,-0.0106674,54.8022
249,62,2004,5789.068324,10,3.3677,0.39497,1.30027,0.15015,1.28229,0.260916,2.11547,-0.00592663,-296.447
250,63,44,5619.941468,10,3.45032,0.687247,1.33217,0.127485,2.05889,0.350072,2.02898,0.000816777,-242.404
251,63,84,5621.616824,10,3.65418,0.34684,1.41088,0.0802031,2.28764,0.333187,1.94788,-0.00231296,-122.083
252,63,124,5623.288749,8,3.11913,0.922857,1.2043,0.367411,6.39011,0.31054,1.95301,-0.0101408,-988.767
253,63,164,5624.956884,10,3.08335,0.368532,1.19048,0.0824458,1.48951,0.29848,1.953,0.00361288,-614.958
254,63,204,5626.620476,10,2.95365,0.596309,1.1404,0.183934,7.5621,0.299603,1.83305,-0.00176102,-582.897
255,63,244,5628.28029,10,3.25622,0.0997431,1.25723,0.0712251,2.24181,0.351185,1.96762,-0.00301738,-343.647
256,63,284,5629.936869,9,3.55664,1.83121,1.37322,0.313253,7.65619,0.369381,1.71713,-0.00474577,-323.394
257,63,324,5631.589093,10,3.64804,0.688408,1.40851,0.144921,2.92112,0.355274,1.88141,-0.0014855,-107.183
258,63,364,5633.236985,10,3.91025,0.978055,1.50975,0.185033,2.65269,0.345919,2.04244,-0.00140695,-253.197
259,63,404,5634.882723,10,3.73388,0.360954,1.44165,0.0731385,1.09308,0.330656,1.92842,-0.00372929,-290.964
260,63,444,5636.523605,6,3.27095,0.250984,1.26292,0.247454,3.53024,0.311218,1.89016,-0.0159576,-199.091
261,63,484,5638.161144,10,3.28604,0.167744,1.26874,0.0774369,0.784538,0.287414,1.97743,0.0135921,-194.581
262,63,524,5639.793685,10,3.91311,1.34898,1.51085,0.215044,4.78863,0.279321,1.99994,0.0173198,116.561
263,63,564,5641.424208,4,3.09364,0.21537,1.19446,0.0788794,1.92989,0.267378,2.10188,0.0197429,-270.097
264,63,604,5643.049755,9,3.18948,0.278984,1.23146,0.362195,31.0254,0.270901,1.87832,-0.0071165,-133.425
265,63,644,5644.671695,10,3.52823,0.4494,1.36225,0.131998,1.00881,0.249857,2.14288,-0.00679618,-132.705
266,63,684,5646.288874,10,3.44927,0.232988,1.33176,0.123955,0.882846,0.262984,1.91762,-0.000523558,-82.1474
267,63,724,5647.903311,10,3.0977,0.314501,1.19602,0.0859557,2.12586,0.29975,2.02941,-0.00541297,-21.4886
268,63,764,5649.513154,10,3.90457,0.688587,1.50756,0.178867,3.7987,0.309584,2.17851,-0.00165622,-275.152
269,63,804,5651.118712,4,3.16021,0.0772702,1.22016,0.0879335,1.59345,0.30468,2.08658,-0.0012805,-285.341
270,63,844,5652.72031,10,3.06623,0.106468,1.18387,0.159312,3.73959,0.293828,1.96244,0.00203015,6.56766
271,63,884,5654.317529,10,3.30742,0.120811,1.27699,0.0858379,0.970852,0.283322,2.06335,-0.00463298,-109.907
272,63,924,5655.910707,10,4.12361,0.836193,1.59213,0.0970676,3.27492,0.311872,2.02152,0.00349353,90.3506
273,63,964,5657.499388,10,3.39193,0.116927,1.30962,0.110807,2.02684,0.358044,2.03451,-0.00436291,-91.3022
274,63,1004,5659.083971,10,3.31788,0.183199,1.28103,0.121399,2.84872,0.355076,1.98316,0.00787076,-285.578
275,63,1044,5660.663929,10,3.16391,0.105925,1.22159,0.234021,7.27732,0.344181,2.0873,0.00120774,-336.016
276,63,1084,5662.239753,10,3.35816,0.163703,1.29659,0.0792896,1.85147,0.338393,2.09264,0.00116961,-217.527
277,63,1124,5663.810811,10,3.64889,0.369271,1.40884,0.210272,4.99479,0.309604,2.12413,-0.00168691,-298.79
278,63,1164,5665.377735,7,3.48648,0.341835,1.34613,0.0769515,1.59403,0.301934,2.12507,-0.0121112,-7.81854
279,63,1204,5666.940175,6,2.88992,0.279197,1.1158,0.914305,29.8644,0.282911,2.17743,0.00123947,-379.293
280,63,1244,5668.497644,3,4.16926,0.0772143,1.60975,0.130243,2.48635,0.275052,2.18811,0.0182367,-631.764
281,63,1284,5670.05099,5,3.52773,0.537741,1.36206,1.11391,21.2406,0.271037,2.17995,8.53988e-05,-314.214
282,63,1324,5671.599252,10,3.59291,0.448105,1.38722,0.203705,0.994031,0.265499,2.1343,0.000437003,-183.8
283,63,1364,5673.142031,9,3.62492,0.389843,1.39958,0.126892,1.11018,0.244987,2.08328,-0.00329393,-97.2208
284,63,1404,5674.682338,10,3.72895,0.913516,1.43975,0.255179,3.66927,0.251405,2.14295,0.00328538,-235.731
285,63,1444,5676.217212,10,3.47999,0.24009,1.34363,0.0531815,0.509297,0.236694,2.07494,0.0052319,-160.518
286,63,1484,5677.747411,10,3.15437,0.16535,1.2179,0.228365,8.22139,0.252163,2.05822,0.00687337,-269.811
287,63,1524,5679.272303,10,3.53502,0.170502,1.36487,0.16905,1.79249,0.281534,2.17007,0.00786479,-123.283
288,63,1564,5680.793061,10,3.44628,0.601836,1.33061,0.149528,1.38176,0.290785,2.17501,-0.0103576,-159.106
289,63,1604,5682.306872,10,3.17621,0.575757,1.22633,0.215958,2.25401,0.28084,2.08857,0.00425766,-198.472
290,63,1644,5683.819763,10,3.29583,0.134433,1.27252,0.143942,1.65931,0.269025,2.14533,-0.0032375,-118.023
291,63,1684,5685.326207,10,4.01882,0.624769,1.55167,0.181002,3.79288,0.297773,2.16419,0.0141437,-61.0638
292,63,1724,5686.827358,10,3.52625,0.395461,1.36149,0.178642,6.05038,0.342575,2.12657,0.00486322,-173.619
293,63,1764,5688.324109,10,2.97083,0.379611,1.14704,0.0820784,1.44354,0.344646,2.12514,-0.00252669,-114.374
294,63,1804,5689.815961,10,3.32211,0.513141,1.28267,0.177542,2.27899,0.332766,2.14477,-0.0143321,94.6434
295,63,1844,5691.302618,10,3.53374,0.339925,1.36438,0.170163,3.42076,0.323042,2.27614,0.000289202,-131.861
296,63,1884,5692.784595,10,3.60576,0.306361,1.39219,0.119487,1.28392,0.303863,2.20064,0.00211693,56.4908
297,63,1924,5694.261545,10,2.72725,0.65344,1.05299,0.133932,2.91919,0.295862,2.0671,-0.00077807,184.347
298,63,1964,5695.733462,10,3.20425,0.196199,1.23716,0.121356,1.22607,0.288021,2.16973,0.00613808,129.545
299,63,2004,5697.200351,10,3.21926,0.322916,1.24296,0.158057,1.41823,0.276571,2.13038,0.0027415,139.864
300,64,44,5532.139334,10,4.13885,0.76689,1.59801,0.333317,9.15384,0.282644,2.00362,-3.80832e-05,-130.381
301,64,84,5533.787755,10,3.30719,0.164274,1.27691,0.0494553,1.34306,0.3503,1.95416,-0.00891788,-25.4531
302,64,124,5535.434001,10,3.08288,0.575598,1.1903,0.197829,3.85266,0.398794,1.95916,-0.00584506,-4.47576
303,64,164,5537.076127,10,4.00982,1.29745,1.54819,0.154213,2.63195,0.36652,2.05832,0.0303326,340.249
304,64,204,5538.7144,10,3.85859,0.2749,1.4898,0.122658,1.46779,0.352446,2.00049,0.00584298,-279.425
305,64,244,5540.349088,10,3.21045,0.276675,1.23956,0.125055,3.59177,0.348522,1.9521,0.0123311,-24.3684
306,64,284,5541.980224,10,3.19524,0.324689,1.23368,0.0751349,1.23851,0.329748,1.94588,-0.00139589,-404.086
307,64,324,5543.607708,10,8.28665,5.89718,3.19948,1.92558,59.1275,0.322875,1.916,0.00316455,-868.003
308,64,364,5545.231205,10,3.17758,0.214108,1.22687,0.201415,0.442993,0.318901,2.04748,0.00108529,-8.98686
309,64,404,5546.850861,10,3.63086,0.3829,1.40188,0.131676,2.21365,0.319378,2.06487,-9.2961e-05,-30.9515
310,64,444,5548.467102,10,3.95045,0.345975,1.52527,0.103962,1.15986,0.33263,2.03849,-0.000848465,-185.587
311,64,484,5550.079355,10,3.21893,0.116507,1.24283,0.149841,3.13535,0.34059,2.04425,-0.000484685,-216.511
312,64,524,5551.687685,10,3.69341,0.393206,1.42603,0.0826975,0.95533,0.335449,1.98211,-0.0122109,-265.464
313,64,564,5553.291654,10,3.62125,0.681443,1.39817,0.648133,15.3125,0.330625,1.9074,-0.0108703,-571.417
314,64,604,5554.892724,10,3.1596,0.0807094,1.21992,0.124241,2.02194,0.322096,2.03635,-0.00721997,-81.5999
315,64,644,5556.489282,1,2.83571,nan,1.09487,0.104049,2.33526,0.313397,2.00554,0.00556169,-288.17
316,64,684,5558.08198,10,3.2464,0.232446,1.25344,0.161263,1.54941,0.293773,1.99608,-0.0157026,-278.956
317,64,724,5559.669901,10,4.42053,0.707265,1.70677,0.325588,5.00501,0.287147,2.07146,-0.000963523,8.68709
318,64,764,5561.255198,10,2.73245,0.084861,1.055,0.057674,1.70609,0.362619,1.99129,0.00490342,-411.689
319,64,804,5562.833017,10,3.12127,1.13774,1.20512,1.77294,104.038,0.398045,2.03084,0.0021756,31.2335
320,64,844,5564.412108,10,2.91208,0.361879,1.12436,0.162999,4.64941,0.373764,2.05709,-0.0134558,-117.482
321,64,884,5565.984322,8,3.86635,1.25799,1.4928,1.71487,28.5746,0.367058,2.13647,-0.00935004,-66.7799
322,64,924,5567.552424,10,3.63873,0.483806,1.40491,0.176603,2.68323,0.337406,2.0262,0.00102761,-177.72
323,64,964,5569.116277,4,4.66382,1.39456,1.8007,3.68116,242.421,0.329079,2.06991,-0.023336,-827.283
324,64,1004,5570.675851,3,3.17115,0.224056,1.22438,0.127083,2.5101,0.322507,1.8768,0.0115984,-51.7357
325,64,1044,5572.231207,9,3.05568,0.414228,1.1798,0.156537,4.20881,0.301563,1.92285,3.16196e-05,-135.512
326,64,1084,5573.782097,10,3.5134,0.433546,1.35653,0.100068,5.19288,0.349289,2.03109,-0.0100745,-117.148
327,64,1124,5575.328255,10,3.33021,0.249702,1.2858,0.298028,28.3676,0.351752,2.04062,-0.00117192,-275.89
328,64,1164,5576.87089,6,3.96722,0.682488,1.53174,0.130933,4.00096,0.346634,2.13506,0.000667264,-190.855
329,64,1204,5578.40898,10,3.37491,0.259356,1.30305,0.084459,1.75473,0.342269,2.10992,0.000171296,-204.076
330,64,1244,5579.94157,1,3.87563,nan,1.49638,0.111146,1.39904,0.328904,2.14536,0.00553477,92.198
331,64,1284,5581.471101,2,3.23988,nan,1.25092,0.101112,0.792086,0.318571,2.07224,0.00765556,-57.8293
332,64,1324,5582.99539,9,3.15631,0.598916,1.21865,0.807062,18.2944,0.30379,2.11825,-0.000122022,127.028
333,64,1364,5584.515168,10,3.25334,0.426461,1.25612,0.0992482,1.54749,0.295606,2.16379,-0.0147078,-116.948
334,64,1404,5586.030485,10,3.44478,0.164023,1.33003,0.109471,1.66535,0.282888,2.18615,0.00202458,-23.2584
335,64,1444,5587.541025,10,3.28473,0.263502,1.26823,0.314715,5.97028,0.272837,2.07791,0.00374623,-236.247
336,64,1484,5589.047551,10,3.16279,0.242664,1.22115,0.0698802,2.30835,0.333725,2.13313,-0.000122776,-194.448
337,64,1524,5590.548907,10,3.39838,0.790785,1.31211,4.86394,448.048,0.377689,1.71738,-0.00656923,-578.997
338,64,1564,5592.045936,10,3.44048,0.491754,1.32837,0.114004,4.09514,0.36257,2.17276,-0.000766111,27.639
339,64,1604,5593.538222,10,3.6217,0.473747,1.39834,0.157712,3.82913,0.353504,2.19637,0.0113262,128.919
340,64,1644,5595.025806,10,3.13253,0.324618,1.20947,0.288117,3.93775,0.329882,2.19627,-0.0178593,4.00906
341,64,1684,5596.50941,10,3.14025,0.110844,1.21245,0.10486,1.70641,0.317758,2.13302,0.00910086,-98.4882
342,64,1724,5597.987514,10,3.22926,0.197226,1.24682,0.150907,3.75899,0.311138,2.13425,0.00599977,-180.478
343,64,1764,5599.46139,10,3.3728,0.144441,1.30224,0.0668308,1.37995,0.314337,2.11083,-0.000587076,6.91467
344,64,1804,5600.929067,10,3.29446,0.373704,1.27199,0.0810747,2.09784,0.362985,2.14742,0.00189535,-106.458
345,64,1844,5602.394357,10,3.36976,0.0934639,1.30107,0.120232,1.67829,0.365739,2.16798,-0.00592746,-39.6434
346,64,1884,5603.85432,10,3.6469,0.12195,1.40807,0.0691973,1.11776,0.348288,2.23228,-0.00653498,-162.846
347,64,1924,5605.308428,10,3.69081,0.442736,1.42502,0.114272,1.88952,0.328239,2.24945,0.0171765,83.2834
348,64,1964,5606.757866,10,3.74608,0.442214,1.44636,0.0893165,0.924116,0.319786,2.27647,0.0301549,170.642
349,64,2004,5608.202022,10,3.39809,0.235369,1.31201,0.0646102,1.74586,0.312048,2.25065,0.00386245,56.6939
350,65,44,5447.040072,9,3.25076,0.305055,1.25512,0.124869,3.10095,0.323565,1.98526,0.0102155,-31.6207
351,65,84,5448.664462,10,2.87917,0.13913,1.11165,0.146003,3.63272,0.314411,1.78867,0.00279882,-115.849
352,65,124,5450.285205,10,3.12539,0.115048,1.20671,0.0934762,2.492,0.301269,1.97851,-0.0046664,-52.3429
353,65,164,5451.90244,10,3.70882,0.327012,1.43198,0.094026,3.42786,0.291146,1.94009,-0.00916324,-245.693
354,65,204,5453.516436,4,2.99323,0.0934619,1.15569,0.101907,2.3833,0.291778,1.98363,-0.00767904,-218.398
355,65,244,5455.126498,10,3.24375,0.525222,1.25241,0.148511,5.252,0.295138,2.0678,-0.0123532,-291.961
356,65,284,5456.733189,10,3.21218,0.129265,1.24022,0.114271,2.01785,0.297766,1.95022,0.0109684,-187.139
357,65,324,5458.335849,10,3.13808,0.199288,1.21162,0.0825615,6.93868,0.370155,2.01793,0.0128938,-350.47
358,65,364,5459.935066,10,3.39483,0.837394,1.31075,0.481565,9.70845,0.430757,1.7608,-0.00431793,-194.604
359,65,404,5461.530161,10,3.54921,0.428403,1.37035,0.148583,4.62776,0.413841,2.04971,0.00334859,-274.836
360,65,444,5463.121781,10,3.10512,0.155034,1.19889,0.143046,5.22365,0.389291,1.95274,0.000699119,-18.115
361,65,484,5464.709198,10,3.29392,0.543706,1.27178,0.147018,4.05449,0.371901,1.84788,2.58914e-05,-74.1858
362,65,524,5466.29225,10,3.1054,0.465363,1.199,0.395821,14.4271,0.349521,1.97615,0.0100012,204.067
363,65,564,5467.873239,10,3.28475,0.33797,1.26824,0.15031,2.23543,0.34706,1.91745,-0.00976176,-390.276
364,65,604,5469.448931,7,3.66651,0.824753,1.41564,3.55469,2.54057,0.329524,1.89991,-0.0344151,-711.66
365,65,644,5471.020751,10,2.88816,0.283793,1.11512,0.13268,1.72217,0.315848,2.05155,3.39253e-05,-38.9311
366,65,684,5472.588073,10,3.3725,0.484631,1.30212,0.277989,5.0463,0.308169,1.87427,-0.00165541,-372.323
367,65,724,5474.152938,10,3.98613,0.362427,1.53905,0.116912,1.37922,0.303989,1.96328,-0.000435053,26.1941
368,65,764,5475.713271,10,3.16533,0.105861,1.22214,0.228171,7.01729,0.309162,1.96312,0.00718543,100.437
369,65,804,5477.269163,10,3.21938,0.436174,1.24301,0.0990515,1.47076,0.313516,2.00369,0.000377093,-200.759
370,65,844,5478.821435,10,3.15557,0.652958,1.21837,0.14163,6.29961,0.298109,1.92985,0.00952212,124.898
371,65,884,5480.369219,7,3.24592,0.0388857,1.25325,0.169217,1.56303,0.306123,2.03969,0.00168258,16.3591
372,65,924,5481.912383,10,3.04243,0.434229,1.17468,0.148556,5.06708,0.314912,1.9929,-0.00574427,-218.764
373,65,964,5483.452872,10,3.13174,0.10642,1.20917,0.170847,6.52222,0.407012,2.12503,0.00138028,-237.495
374,65,1004,5484.988661,10,3.17812,0.392718,1.22707,0.178397,4.78405,0.424787,2.05933,0.00416269,-46.6395
375,65,1044,5486.51987,10,2.99394,0.256859,1.15596,0.186887,6.16655,0.393271,2.02446,-0.0117439,-224.906
376,65,1084,5488.047219,10,2.94749,0.184829,1.13803,0.0973733,3.42295,0.379061,2.06521,0.0059612,90.2122
377,65,1124,5489.569941,10,3.92849,0.740317,1.51679,0.201346,6.44014,0.354995,2.19715,2.27846e-05,-317.825
378,65,1164,5491.088717,2,2.85225,nan,1.10126,0.0958008,1.56748,0.346694,2.0634,0.013664,-26.2717
379,65,1204,5492.602806,10,3.18862,0.169693,1.23113,0.173934,5.33439,0.330645,2.16438,0.00611984,-240.127
380,65,1244,5494.112884,10,3.12223,0.225539,1.2055,0.0910043,1.97984,0.327559,2.12199,-0.00865624,-133.243
381,65,1284,5495.618553,10,4.00321,0.863192,1.54564,0.210912,4.42904,0.315056,2.12127,-0.00803407,-273.548
382,65,1324,5497.119475,9,3.28995,0.381097,1.27025,0.127574,1.18902,0.307464,2.16874,-0.00725584,52.0614
383,65,1364,5498.61627,10,3.19902,0.232881,1.23514,0.126177,5.29061,0.316824,2.12134,0.0025493,-630.786
384,65,1404,5500.108281,10,3.29372,0.191908,1.27171,0.246952,6.60693,0.318467,2.04566,-0.000818567,-159.343
385,65,1444,5501.595345,10,3.29407,0.155945,1.27184,0.113134,1.68635,0.319497,2.1127,-0.00348558,-152.321
386,65,1484,5503.079119,10,3.1284,0.204247,1.20788,0.270104,6.2206,0.315476,2.08865,-0.000714684,-152.086
387,65,1524,5504.557911,10,3.48146,0.414788,1.34419,0.176308,2.82953,0.300787,2.11952,-0.0111038,-119.654
388,65,1564,5506.031422,4,3.27338,0.229081,1.26385,0.0962312,1.08209,0.296783,2.07662,-0.0115594,-160.95
389,65,1604,5507.501553,10,3.1157,0.248628,1.20297,0.114056,2.91954,0.331841,2.0842,0.00212419,-206.982
390,65,1644,5508.966688,9,3.26752,0.0897738,1.26159,0.234746,6.45949,0.416125,2.11799,-0.00169396,16.7755
391,65,1684,5510.426935,10,3.5489,0.321471,1.37023,0.178416,2.43898,0.413892,2.16367,-0.00107074,-114.415
392,65,1724,5511.882889,10,3.45496,0.271809,1.33396,0.124952,1.7305,0.385677,2.18275,0.0115946,74.5012
393,65,1764,5513.333913,10,3.24737,0.107052,1.25381,0.228001,5.15566,0.368218,2.16043,-0.000979077,-158.048
394,65,1804,5514.780635,10,3.55724,0.302425,1.37345,0.107509,1.17021,0.370888,2.19965,0.00930214,-139.211
395,65,1844,5516.222683,10,3.44502,0.257187,1.33013,0.201691,2.09934,0.346372,2.15516,0.00236724,-163.694
396,65,1884,5517.659698,10,3.08427,0.286926,1.19084,0.186044,4.92677,0.339373,2.13817,-0.00262249,-190.138
397,65,1924,5519.092247,10,3.31338,0.174259,1.2793,0.0877097,1.16842,0.310949,2.19035,-0.00253533,-192.151
398,65,1964,5520.519211,10,3.69042,0.731098,1.42487,0.189671,2.57219,0.309388,2.21717,0.00488408,56.5866
399,65,2004,5521.942416,10,3.28306,0.216645,1.26759,0.126405,1.94657,0.293901,2.20545,-0.00737252,-129.773
400,66,44,5364.519685,10,3.23895,0.152338,1.25056,0.180951,2.29048,0.298702,2.01639,0.000173765,-112.981
401,66,84,5366.119774,10,3.46349,0.166453,1.33726,0.15571,3.00145,0.287897,2.03177,0.00366662,-87.3284
402,66,124,5367.716743,10,3.55981,0.276654,1.37444,0.131654,1.52387,0.310823,1.98153,0.00487557,-37.678
403,66,164,5369.309911,10,3.08109,0.16198,1.18961,0.109535,5.5083,0.41171,2.00933,-0.00160986,-80.3765
404,66,204,5370.89977,10,2.8771,0.361388,1.11085,0.177771,6.14032,0.423085,1.81742,0.00796353,75.5105
405,66,244,5372.485767,10,3.74407,0.594803,1.44559,0.129734,4.38059,0.403303,2.03015,0.00736635,102.274
406,66,284,5374.068296,10,3.17927,0.13952,1.22752,0.172122,5.19323,0.379834,1.97525,-0.01305,-129.508
407,66,324,5375.646958,10,3.19634,0.083762,1.23411,0.199867,4.15453,0.341321,1.98594,-0.00249662,110.571
408,66,364,5377.22199,10,3.11331,0.0787517,1.20205,0.12197,3.62761,0.34676,1.95155,-0.00101526,-88.6315
409,66,404,5378.793195,10,3.7599,0.620028,1.4517,0.151362,3.6841,0.338745,1.99822,0.0108489,-8.17487
410,66,444,5380.360457,10,2.93628,0.569962,1.1337,0.164576,3.52827,0.342608,1.95119,2.55757e-05,84.0772
411,66,484,5381.924268,10,3.18852,0.327383,1.23109,0.142175,1.77105,0.332584,1.92944,1.29841e-05,135.833
412,66,524,5383.483842,10,3.24225,0.553001,1.25183,0.23366,6.08365,0.307137,1.91387,-0.00152188,-72.9541
413,66,564,5385.040022,2,3.47717,nan,1.34254,0.157208,0.581082,0.310967,1.99788,-0.000340608,231.03
414,66,604,5386.591241,2,3.57211,nan,1.37919,0.179151,1.12368,0.298182,1.9959,0.00434036,-109.438
415,66,644,5388.14031,3,3.87605,1.08593,1.49655,0.0840577,1.51284,0.283831,1.98765,-0.00290642,-98.9477
416,66,684,5389.684307,10,3.20497,0.0740063,1.23744,0.117923,7.39851,0.355164,1.94355,0.0009396,219.298
417,66,724,5391.222874,9,3.80186,1.53933,1.4679,0.827295,56.8856,0.438896,1.92151,-0.00456109,-125.65
418,66,764,5392.7611,10,2.94713,0.417519,1.13789,0.206481,4.07479,0.415936,1.96978,-0.0032891,54.8285
419,66,804,5394.293052,10,3.46902,0.524495,1.33939,0.406114,3.17373,0.394435,2.00605,-0.0158744,-8.35683
420,66,844,5395.822051,10,3.07045,0.142338,1.1855,0.224665,4.50562,0.3756,2.02297,-0.00287891,-72.1208
421,66,884,5397.346018,10,3.1239,0.181585,1.20614,0.200634,4.16401,0.366259,2.0444,0.000120702,116.931
422,66,924,5398.866969,9,3.60749,0.289763,1.39285,0.120199,3.64266,0.352023,2.0726,-0.00238775,110.119
423,66,964,5400.383692,10,3.14309,0.220953,1.21355,0.216,3.7671,0.351909,2.04691,-0.00517087,25.9617
424,66,1004,5401.895637,10,3.75538,1.27178,1.44996,4.30946,292.702,0.335289,3.21704,-0.00229302,291.983
425,66,1044,5403.404142,10,2.98815,0.312885,1.15372,0.155996,3.02851,0.308268,2.11677,-0.000660872,-84.4062
426,66,1084,5404.90782,10,3.30433,1.24135,1.2758,0.148442,3.09105,0.305421,2.03228,-0.00295718,255.776
427,66,1124,5406.407978,10,3.68198,0.747012,1.42161,0.146416,1.93388,0.298226,2.1651,0.00200685,120.925
428,66,1164,5407.902865,7,3.24701,0.209716,1.25367,0.101388,1.92197,0.284895,2.14165,0.0025956,220.521
429,66,1204,5409.394937,3,2.69412,0.894443,1.0402,0.199707,5.55326,0.290536,2.04533,-0.000225428,4.00408
430,66,1244,5410.881943,8,3.18954,0.0857091,1.23148,0.195531,4.76998,0.287214,2.11938,-0.0057182,-103.971
431,66,1284,5412.364775,10,3.21837,0.118009,1.24261,0.093007,8.23809,0.383266,2.07893,0.0133586,209.39
432,66,1324,5413.843186,10,3.13432,0.615082,1.21016,0.184936,5.51776,0.437686,2.19594,-0.0118404,-200.91
433,66,1364,5415.317263,10,2.79715,0.34376,1.07998,0.136518,5.36702,0.406197,2.07759,0.00209732,79.2203
434,66,1404,5416.786972,10,3.30425,0.316921,1.27577,0.220862,3.09444,0.369082,2.12095,-0.00256015,-134.198
435,66,1444,5418.252184,10,3.424,0.364206,1.32201,0.232933,4.47318,0.369971,2.12634,-0.00517767,-359.544
436,66,1484,5419.713309,1,3.27389,nan,1.26405,0.751024,95.7234,0.350291,2.55272,-0.000846784,-118.551
437,66,1524,5421.169377,4,3.4473,0.256627,1.331,0.114803,3.4946,0.352143,2.12619,-0.0168439,-87.1915
438,66,1564,5422.62159,10,3.08878,0.18689,1.19258,0.116384,3.64231,0.335972,2.07776,-0.00166267,-231.102
439,66,1604,5424.068848,10,4.07423,0.346233,1.57306,0.116316,1.52943,0.321647,2.17755,0.00243804,-282.071
440,66,1644,5425.511863,10,3.29017,0.145702,1.27033,0.183848,2.55633,0.317105,2.22567,-0.0034997,-466.833
441,66,1684,5426.950175,10,4.44208,0.50624,1.71509,0.151434,0.831982,0.320737,2.19928,0.00162709,-179.316
442,66,1724,5428.38402,10,3.53352,0.341781,1.36429,0.179083,2.08548,0.303173,2.23055,-0.00296432,-230.192
443,66,1764,5429.81371,10,3.18464,0.0444891,1.22959,0.0891581,2.33909,0.291485,2.14174,-0.00285662,-246.809
444,66,1804,5431.237978,10,4.07116,0.39629,1.57188,0.190071,3.98359,0.292008,2.25461,-0.00765827,-163.468
445,66,1844,5432.65856,10,3.54281,0.422838,1.36788,0.0949773,3.51982,0.295353,2.13161,0.00259966,-478.705
446,66,1884,5434.073867,10,3.86675,0.261478,1.49295,0.115211,2.07868,0.329336,2.17302,0.00321543,-274.861
447,66,1924,5435.484815,10,3.10573,0.195461,1.19913,0.10036,6.08477,0.419799,2.11783,-0.000108618,-141.725
448,66,1964,5436.890983,10,3.26047,0.171154,1.25887,0.160615,4.30849,0.42807,2.18744,-0.000846638,-61.3975
449,66,2004,5438.292219,10,3.28892,0.353489,1.26985,0.4351,15.3666,0.405674,2.18355,-0.0086581,-556.274
450,67,44,5284.463488,10,3.23247,0.180782,1.24806,0.112138,3.47367,0.336491,1.96352,-0.00952922,177.869
451,67,84,5286.039836,5,3.31076,0.701492,1.27829,0.211605,2.78256,0.325271,1.8912,-0.0132902,274.271
452,67,124,5287.614698,8,3.08879,0.283157,1.19258,0.254317,2.86766,0.31938,1.89442,-0.00680102,-69.8681
453,67,164,5289.184394,10,3.15914,0.175598,1.21975,0.148472,1.91934,0.304781,1.89777,0.00410785,-136.043
454,67,204,5290.750285,9,3.08768,0.110989,1.19216,0.0794678,1.17338,0.350467,1.84612,0.00529424,88.6979
455,67,244,5292.312795,10,3.10088,0.257201,1.19725,0.196523,4.28312,0.432926,1.99316,0.0128474,210.751
456,67,284,5293.871247,10,3.11975,0.402355,1.20454,0.19841,4.72656,0.415991,1.88641,0.00723418,191.293
457,67,324,5295.426412,10,3.13305,0.225542,1.20967,0.241082,6.74014,0.403103,1.94635,0.00628349,128.783
458,67,364,5296.977508,10,3.8923,0.605292,1.50282,0.148196,3.26942,0.370713,1.98424,-0.00420841,131.884
459,67,404,5298.52536,10,3.09824,0.197717,1.19623,0.197397,9.96202,0.359893,2.06598,0.00301278,130.123
460,67,444,5300.069112,10,3.10647,0.561178,1.19941,0.149783,5.03632,0.365188,1.89367,0.00487641,209.349
461,67,484,5301.609616,10,3.78275,0.438437,1.46052,0.182162,4.71574,0.346675,1.99441,0.0105434,545.137
462,67,524,5303.145985,10,6.39307,2.27723,2.46837,0.610373,14.8949,0.344477,1.96957,0.033826,1137.28
463,67,564,5304.679057,10,3.08238,0.121052,1.19011,0.316997,4.9832,0.320607,2.07198,-0.00122006,35.2538
464,67,604,5306.207965,10,3.21285,0.359358,1.24048,0.22788,4.30192,0.305921,1.96758,-0.00508871,11.4979
465,67,644,5307.732782,10,3.51843,0.552121,1.35847,0.211579,3.36393,0.300818,2.02715,-0.000178548,379.471
466,67,684,5309.254827,10,3.14884,0.256575,1.21577,0.148266,4.49299,0.359932,1.92529,0.0037424,146.846
467,67,724,5310.770537,8,3.29343,0.749524,1.27159,58.456,5662.05,0.440084,2.20928,-0.00091942,927.665
468,67,764,5312.286309,10,3.31889,0.52619,1.28142,0.239081,3.36616,0.423126,1.92076,-0.00318323,28.0878
469,67,804,5313.795577,10,3.25856,0.653767,1.25813,0.386631,1.94964,0.39405,1.96456,0.000287885,46.6702
470,67,844,5315.302135,10,3.58421,0.731871,1.38387,0.910952,5.93987,0.387028,2.01702,8.13971e-07,117.192
471,67,884,5316.803772,10,3.13566,0.519147,1.21068,0.543771,12.7804,0.367118,2.00528,0.00914779,-372.656
472,67,924,5318.302035,10,3.80906,0.370887,1.47068,0.180596,4.61302,0.34979,2.04174,0.00466407,-111.933
473,67,964,5319.795651,10,3.42483,0.648358,1.32233,0.162133,1.60545,0.331433,2.06377,0.00071007,-108.582
474,67,1004,5321.28539,10,4.2496,1.37631,1.64077,0.229226,5.00472,0.336443,2.1137,0.00832713,251.556
475,67,1044,5322.771558,10,3.67793,0.225759,1.42005,0.115542,1.78339,0.322648,2.07344,0.0161791,91.188
476,67,1084,5324.253046,2,3.98617,nan,1.53906,0.418251,6.4014,0.314214,2.18919,0.0423446,276.585
477,67,1124,5325.730568,8,2.92608,0.72024,1.12976,0.250367,2.42571,0.292684,2.14166,-3.02256e-07,65.9948
478,67,1164,5327.203707,2,4.14582,nan,1.6007,0.133578,0.752393,0.293464,2.36044,0.000502484,157.479
479,67,1204,5328.672863,10,2.8445,0.469869,1.09826,0.144856,5.61958,0.375952,2.12514,-0.00365487,-227.828
480,67,1244,5330.137545,10,3.16744,0.290079,1.22295,0.286161,8.46426,0.430374,2.25051,-0.00859554,313.589
481,67,1284,5331.598262,10,3.49913,0.296343,1.35101,0.269633,4.25571,0.414868,2.15102,-0.00456791,23.9942
482,67,1324,5333.05439,10,3.37397,0.30781,1.30269,0.164623,1.65708,0.381211,2.21001,0.00135594,-6.72505
483,67,1364,5334.505815,10,3.31901,0.349756,1.28147,0.213661,2.08147,0.395181,2.18412,0.0147823,-207.76
484,67,1404,5335.954628,3,4.32719,0.197643,1.67073,0.323445,3.87075,0.384406,2.27408,0.0149489,-406.415
485,67,1444,5337.397697,8,3.19302,0.229847,1.23283,0.2542,7.69826,0.359962,2.09007,-0.00785326,-228.856
486,67,1484,5338.83647,10,3.24406,0.454347,1.25253,0.182413,2.15243,0.3517,2.22705,-0.0253714,-236.33
487,67,1524,5340.270229,10,3.12582,0.161409,1.20688,0.141265,2.46324,0.329575,2.22697,-0.00749244,-161.608
488,67,1564,5341.703096,10,4.12001,0.541258,1.59074,0.123484,1.3229,0.326001,2.1646,0.0125457,-251.936
489,67,1604,5343.12758,10,3.18852,0.387269,1.23109,0.194066,1.98434,0.320639,2.14721,-0.00515566,-131.65
490,67,1644,5344.549359,10,3.17251,0.909936,1.22491,0.122607,0.95034,0.307965,2.27517,-1.85015e-07,-64.9763
491,67,1684,5345.966049,10,3.48127,0.403884,1.34412,0.250177,6.83465,0.300366,2.08207,-0.00585956,-100.378
492,67,1724,5347.378937,10,3.15951,0.297623,1.21989,0.146999,2.76817,0.322971,2.04525,0.00138868,-307.15
493,67,1764,5348.78667,10,5.07922,2.76649,1.96109,2.44428,324.09,0.411449,2.49166,0.000446251,-312.054
494,67,1804,5350.190543,10,2.61558,0.185504,1.00988,0.145348,5.37193,0.438631,2.13959,-0.00216208,114.296
495,67,1844,5351.589339,10,3.10424,0.240436,1.19855,0.177376,4.44351,0.391044,2.15142,-8.59128e-05,18.1226
496,67,1884,5352.984128,10,3.34543,0.33473,1.29167,0.0721174,2.16677,0.365564,2.13086,-0.000234762,-24.6346
497,67,1924,5354.374299,10,3.96829,0.852046,1.53216,0.11465,3.23195,0.348031,2.21199,-0.0114114,-83.603
498,67,1964,5355.759704,10,3.6926,0.544212,1.42571,0.205011,2.76311,0.331038,2.23312,0.00888501,183.757
499,67,2004,5357.140786,10,3.44973,0.1477,1.33194,0.130152,2.81746,0.343964,2.21304,-0.00206905,-45.8523
500,68,44,5206.763771,10,3.05748,0.348257,1.1805,0.268688,4.57802,0.322942,1.96663,0.0157744,68.6607
501,68,84,5208.316034,10,3.15392,0.155709,1.21773,0.131516,2.55736,0.327677,1.89477,0.00448989,-39.0162
502,68,124,5209.86752,10,4.21388,0.47472,1.62698,0.0985589,4.15132,0.330652,2.04276,-0.00250588,210.316
503,68,164,5211.414631,10,3.30007,0.0468448,1.27416,0.120003,4.60677,0.389945,1.98974,0.00887308,-222.686
504,68,204,5212.957752,10,3.13892,0.307176,1.21194,0.145815,3.02644,0.403188,1.92106,-0.00720748,-81.7491
505,68,244,5214.496799,10,3.65825,0.765666,1.41245,0.912389,73.0568,0.388205,2.09585,-0.0014068,-384.623
506,68,284,5216.033387,10,3.15447,0.203914,1.21794,0.115524,5.21248,0.383212,2.00373,0.00994318,-139.217
507,68,324,5217.565941,10,3.26708,0.144623,1.26142,0.138074,1.89312,0.357636,1.91162,0.000814569,-131.376
508,68,364,5219.094485,10,2.95021,0.26304,1.13908,0.137637,2.2179,0.351461,1.9869,-0.000941532,-15.1876
509,68,404,5220.619373,0,nan,nan,nan,nan,nan,nan,nan,nan,nan
510,68,444,5222.141006,10,3.13146,0.159675,1.20906,0.162077,2.88825,0.33045,1.88547,0.0171889,286.328
511,68,484,5223.660231,10,3.32784,0.192284,1.28488,0.18558,6.46474,0.310791,1.90342,-0.0025326,59.3112
512,68,524,5225.172845,10,3.15594,0.132426,1.21851,0.0718172,3.46732,0.360267,1.86589,0.00230079,201.009
513,68,564,5226.683015,10,3.37577,0.567932,1.30338,0.165376,3.89415,0.410936,1.96015,-5.98264e-05,-197.222
514,68,604,5228.188566,10,3.319,0.0778301,1.28147,0.104363,3.08995,0.396219,1.89538,0.00712655,241.977
515,68,644,5229.692528,10,2.97577,0.259654,1.14895,0.159237,3.28598,0.380063,1.93617,-0.00346725,53.9806
516,68,684,5231.191804,10,3.19973,0.137995,1.23542,0.162265,2.63847,0.370774,1.94844,0.00643464,176.484
517,68,724,5232.686906,10,3.37096,0.225842,1.30153,0.126806,3.87652,0.344528,1.90309,-0.000760913,105.62
518,68,764,5234.17852,10,2.90199,0.164267,1.12046,0.232863,3.62613,0.352175,1.98411,0.000137852,-44.8516
519,68,804,5235.66593,8,3.53648,0.47219,1.36543,0.145647,2.69855,0.342259,2.04477,-0.00223799,-36.5371
520,68,844,5237.14977,3,3.25115,0.0701853,1.25527,0.172153,5.88468,0.31271,2.01241,0.00865933,279.301
521,68,884,5238.629375,6,3.17532,0.43907,1.22599,0.127093,1.16351,0.311112,2.02635,0.00827754,-51.6132
522,68,924,5240.105333,10,3.3385,0.290727,1.289,0.103547,3.30749,0.330553,2.07558,-0.00409112,230.694
523,68,964,5241.577022,10,3.9476,1.50933,1.52417,1.30713,120.108,0.410105,2.07831,0.000949889,-77.108
524,68,1004,5243.044992,10,3.25305,0.354666,1.256,0.222112,9.65069,0.42145,2.04373,0.00083463,10.1802
525,68,1044,5244.508654,10,2.96281,0.112206,1.14394,0.205398,5.65216,0.3916,2.14889,-0.00637249,-109.437
526,68,1084,5245.968538,10,3.15577,0.589021,1.21844,0.225538,3.5945,0.362579,2.14459,-0.0065507,72.6489
527,68,1124,5247.424068,10,3.23525,0.230171,1.24913,0.108835,1.74044,0.3577,2.15867,0.00231364,-92.4605
528,68,1164,5248.875095,10,3.53751,0.526151,1.36584,0.138404,3.42072,0.35465,2.28616,0.00236131,-103.797
529,68,1204,5250.323067,4,2.63653,0.33505,1.01796,0.131486,2.78932,0.353509,2.20372,0.000374461,60.0857
530,68,1244,5251.766506,6,5.05208,2.84803,1.95061,0.840032,32.5649,0.337075,2.19142,0.00337317,-54.0092
531,68,1284,5253.205467,3,3.41702,0.043618,1.31931,0.142141,2.81804,0.341353,2.14543,-0.0223292,76.3902
532,68,1324,5254.640555,8,3.03421,0.210438,1.17151,0.200918,2.97531,0.317741,2.16832,-0.0208589,-64.8502
533,68,1364,5256.07109,10,3.21776,0.131696,1.24238,0.100171,2.17763,0.324692,2.18179,-0.00447165,-43.0793
534,68,1404,5257.497744,10,3.17059,0.105084,1.22416,0.136145,5.32355,0.395179,2.1759,-0.00479944,-69.3497
535,68,1444,5258.919768,10,3.42027,0.231943,1.32057,0.141652,2.68634,0.418768,2.21003,0.000430093,-94.5542
536,68,1484,5260.337927,10,2.93197,0.420828,1.13204,0.194965,4.4399,0.415418,2.17816,-0.0147991,-225.574
537,68,1524,5261.751362,10,3.37317,0.589346,1.30238,0.277556,8.8513,0.377722,2.17772,0.00730887,27.0923
538,68,1564,5263.160906,8,3.10464,0.0627511,1.1987,0.10236,2.83886,0.373658,2.07898,-0.00973813,-353.21
539,68,1604,5264.565674,10,3.69874,0.578851,1.42808,0.313745,6.20155,0.359463,2.08486,0.00180467,-121.261
540,68,1644,5265.966552,10,3.47476,0.45016,1.34161,0.142833,3.83824,0.350052,2.13286,0.0043652,-196.158
541,68,1684,5267.363068,10,4.37364,1.53022,1.68866,0.19145,3.94178,0.339924,2.17519,-0.00444825,-188.819
542,68,1724,5268.754723,10,3.15233,0.300626,1.21712,0.100516,1.85924,0.333171,2.19574,0.0141035,-142.529
543,68,1764,5270.142457,10,2.97426,0.300185,1.14836,0.138583,5.35831,0.325503,2.05874,0.0063124,70.4026
544,68,1804,5271.525317,10,3.40593,0.489136,1.31503,0.198518,5.35069,0.310456,2.1446,0.00154769,-41.3703
545,68,1844,5272.904203,10,3.25012,0.12941,1.25487,0.107154,1.71654,0.324498,2.11556,0.00609986,-189.39
546,68,1884,5274.278546,10,3.29228,0.101766,1.27115,0.0449379,1.86303,0.410507,2.13566,0.00355827,-290.975
547,68,1924,5275.648255,10,2.93472,0.177414,1.1331,0.148514,4.48813,0.430118,2.20555,0.00664564,92.8259
548,68,1964,5277.013777,10,3.88686,0.917231,1.50072,0.220935,4.37718,0.406639,2.28129,0.00890155,85.8473
549,68,2004,5278.374621,10,3.23518,0.633355,1.2491,0.141434,2.78481,0.403367,2.18201,0.00364006,-216.787
550,69,44,5131.315473,10,2.95642,0.18295,1.14148,0.069744,1.76375,0.315811,1.90908,-0.00685886,-57.34
551,69,84,5132.847633,10,3.11949,0.425163,1.20444,0.248505,5.04507,0.314917,2.01161,-0.00506463,239.214
552,69,124,5134.375647,10,3.69966,0.352832,1.42844,0.149167,2.33301,0.334278,1.95216,0.00570194,179.926
553,69,164,5135.899914,10,3.73664,0.439871,1.44272,0.187009,5.67551,0.373441,2.01381,-0.022655,273.726
554,69,204,5137.420792,10,2.98626,0.138717,1.153,0.13368,2.68543,0.357448,1.93916,-0.00876386,296.255
555,69,244,5138.937729,10,2.63484,0.270886,1.01731,0.105934,1.87246,0.354488,2.02775,0.00913541,80.0333
556,69,284,5140.451394,9,3.01663,0.280748,1.16472,0.0832744,1.44174,0.341892,1.91475,0.0142668,241.24
557,69,324,5141.961142,10,2.80208,0.0880679,1.08188,0.0699562,1.00425,0.329871,1.89415,-0.00883281,-145.743
558,69,364,5143.467709,10,3.21809,0.295715,1.24251,0.149578,3.35577,0.324832,2.0469,-0.00376836,-174.173
559,69,404,5144.970327,10,3.19223,0.0695805,1.23252,0.200944,3.01526,0.332316,2.01109,-0.00352429,-240.208
560,69,444,5146.468947,10,2.99828,0.253577,1.15764,0.1036,2.27396,0.358027,1.88383,-0.005632,86.8887
561,69,484,5147.965286,10,3.26276,0.184337,1.25975,0.100371,2.53802,0.358935,1.81051,0.0156243,94.0211
562,69,524,5149.457184,10,3.53441,0.280396,1.36464,0.361211,5.49403,0.35249,1.93725,-0.00239884,117.95
563,69,564,5150.945902,10,3.2893,0.17069,1.27,0.0958121,1.956,0.322146,1.92821,0.0166349,147.971
564,69,604,5152.430568,10,3.15142,0.267248,1.21677,0.188379,1.99345,0.319246,1.88988,-0.0122761,-41.9493
565,69,644,5153.911973,10,3.08562,0.384165,1.19136,0.114921,1.44869,0.324739,1.93808,-0.00199405,2.67262
566,69,684,5155.389295,10,3.85976,0.519558,1.49026,0.168257,6.73275,0.295313,1.98484,-0.0200147,-129.125
567,69,724,5156.862224,10,3.29494,0.139702,1.27218,0.0498212,1.93639,0.316116,1.92963,-0.00471757,43.9735
568,69,764,5158.332466,10,3.2244,0.301053,1.24494,0.163441,3.84752,0.364253,2.01646,0.00338342,-102.502
569,69,804,5159.79942,10,3.08157,0.20319,1.1898,0.140766,4.82712,0.374181,1.99933,-0.00628588,53.318
570,69,844,5161.261648,9,3.43947,0.0530503,1.32798,0.107805,4.10388,0.358932,2.04526,-2.2753e-07,97.9711
571,69,884,5162.72022,10,2.92343,0.417085,1.12874,0.200577,4.94927,0.346848,2.05707,-5.58688e-05,-74.301
572,69,924,5164.174686,10,3.19846,0.185996,1.23493,0.0782849,1.67177,0.346045,2.0439,-0.00463979,-66.4186
573,69,964,5165.625367,3,3.11436,0.00159505,1.20246,0.163894,2.18481,0.338074,2.10694,-0.00685256,203.892
574,69,1004,5167.071932,10,3.03,0.266966,1.16988,0.11573,3.02323,0.336196,2.15153,-0.0123659,-225.644
575,69,1044,5168.514612,10,3.61256,0.432802,1.39481,0.191681,7.61306,0.308557,2.37252,0.00959533,-18.9257
576,69,1084,5169.953148,10,3.10899,0.489619,1.20038,0.0733134,3.38227,0.3679,2.16816,-0.00163747,-152.858
577,69,1124,5171.387236,10,3.19964,0.654693,1.23538,1.22191,246.036,0.395201,2.18138,0.00188649,-32.0152
578,69,1164,5172.81813,10,3.27129,0.361007,1.26304,0.0763862,2.75819,0.381186,2.28014,-0.00883128,-186.869
579,69,1204,5174.244567,10,3.22111,0.257327,1.24367,0.0935916,3.55673,0.378921,2.25397,0.000953824,-219.71
580,69,1244,5175.666715,5,3.16018,0.171599,1.22015,0.126535,2.889,0.353558,2.26882,0.00239461,-78.5384
581,69,1284,5177.084949,5,2.80441,0.316767,1.08278,0.261636,3.92215,0.348799,2.14893,-0.00601413,-343.509
582,69,1324,5178.498774,10,3.6681,0.435239,1.41625,0.11226,1.39769,0.322092,2.23283,-0.0107538,-219
583,69,1364,5179.908765,10,3.31129,0.387083,1.27849,0.109634,2.7779,0.326021,2.32025,0.00195586,-45.5701
584,69,1404,5181.314204,10,3.5064,0.409704,1.35382,0.11236,1.82366,0.310241,2.25729,-0.000608359,-215.859
585,69,1444,5182.715916,10,3.4794,0.514398,1.3434,0.205383,20.5958,0.345119,2.34743,0.00484688,-331.903
586,69,1484,5184.112919,10,3.25144,0.185307,1.25538,0.124109,5.93131,0.408045,2.22896,-0.000272016,-140.998
587,69,1524,5185.506308,10,3.19306,0.201067,1.23284,0.127834,3.60314,0.393434,2.17947,-0.00331777,-209.531
588,69,1564,5186.894838,10,3.59218,0.371017,1.38694,0.136577,2.77276,0.377564,2.15533,0.000812803,7.24971
589,69,1604,5188.279842,10,3.53073,0.416093,1.36322,0.108257,2.85112,0.360974,2.19681,0.00563726,-28.4535
590,69,1644,5189.659868,10,3.17221,0.149217,1.22479,0.141647,4.92819,0.340113,2.15527,-0.00745147,-322.769
591,69,1684,5191.036398,10,3.25265,0.190281,1.25585,0.117037,2.01026,0.338797,2.15544,0.00741485,-114.388
592,69,1724,5192.407881,10,4.25877,1.55416,1.64431,0.14168,2.64633,0.329071,2.17037,0.012409,225.675
593,69,1764,5193.77583,10,3.18602,0.225199,1.23012,0.0834722,1.6032,0.318973,2.1028,-0.0128349,26.664
594,69,1804,5195.139442,10,3.45547,0.378309,1.33416,0.115507,3.19122,0.318812,2.10169,5.45375e-06,-189.76
595,69,1844,5196.497947,10,3.19785,0.0699153,1.23469,0.0718518,2.5899,0.361663,2.15888,-0.0100155,-350.669
596,69,1884,5197.852673,10,3.36105,0.551228,1.2977,0.13157,5.04213,0.406374,2.17109,-8.63434e-05,27.5671
597,69,1924,5199.202515,10,3.3895,0.136972,1.30869,0.0870669,2.33606,0.388583,2.21259,0.0013117,-154.246
598,69,1964,5200.548126,10,3.77103,0.740673,1.456,0.163954,3.01127,0.387049,2.26714,0.00406113,-596.323
599,69,2004,5201.889254,10,3.77777,0.698049,1.4586,0.16285,3.53138,0.359831,2.15771,0.0113044,-273.787
600,70,44,5058.022532,5,3.2401,0.163125,1.251,0.153936,2.47623,0.226149,1.90645,0.0172452,321.343
601,70,84,5059.53237,10,3.32566,0.240702,1.28404,0.128183,1.9148,0.231661,1.93983,0.0147047,123.43
602,70,124,5061.038354,10,3.29912,0.239375,1.27379,0.123598,3.0903,0.228724,1.97574,0.0108303,76.7756
603,70,164,5062.541801,10,3.08994,0.0353037,1.19303,0.0845085,1.74253,0.234733,1.93701,0.00868124,67.8341
604,70,204,5064.041048,10,3.10891,0.125803,1.20035,0.134793,3.64388,0.246661,1.99825,-0.00909529,-78.4987
605,70,244,5065.537121,10,3.21105,0.27458,1.23979,0.180875,2.70779,0.246435,1.96184,-0.00749235,258.202
606,70,284,5067.02927,10,3.14883,0.216752,1.21576,0.128314,1.37836,0.243512,1.98587,-0.0090246,46.2258
607,70,324,5068.518226,10,3.25706,0.177786,1.25755,0.158856,3.19674,0.244834,2.01135,-0.00103439,-75.146
608,70,364,5070.00324,10,3.22927,0.0973839,1.24682,0.142759,2.11038,0.240456,2.01829,-0.000999743,98.9712
609,70,404,5071.485019,10,3.96332,0.422411,1.53024,0.16888,5.96078,0.247991,2.17223,0.00571056,670.784
610,70,444,5072.96285,10,3.87619,0.330754,1.4966,0.150028,2.5925,0.254794,2.0176,-0.00818186,407.465
611,70,484,5074.43646,10,4.04248,0.733484,1.5608,0.122031,2.2953,0.261588,1.9728,0.00294777,632.025
612,70,524,5075.907993,10,3.21076,0.169328,1.23968,0.124839,1.78122,0.257028,1.96943,0.026414,547.745
613,70,564,5077.374963,10,2.80226,0.264854,1.08195,0.176632,4.5707,0.251507,1.84086,0.000534098,161.054
614,70,604,5078.83855,10,3.78436,0.499659,1.46114,0.134392,1.51243,0.266983,1.94299,0.00614132,347.881
615,70,644,5080.29818,10,3.36342,0.253103,1.29862,0.218776,4.56769,0.278481,2.00749,0.00165861,196.714
616,70,684,5081.754387,0,nan,nan,nan,nan,nan,nan,nan,nan,nan
617,70,724,5083.206604,10,3.44695,0.244815,1.33087,0.125189,2.70665,0.274411,2.00258,-0.00237745,384.276
618,70,764,5084.655361,10,3.42046,0.250147,1.32064,0.130041,3.1531,0.266383,2.01789,-0.00175908,63.4571
619,70,804,5086.10008,10,3.47716,0.140729,1.34253,0.0922171,1.49734,0.267953,2.07142,-0.000127317,275.779
620,70,844,5087.541311,0,nan,nan,nan,nan,nan,nan,nan,nan,nan
621,70,884,5088.978444,0,nan,nan,nan,nan,nan,nan,nan,nan,nan
622,70,924,5090.412065,10,3.23042,0.327095,1.24727,0.147557,3.52049,0.297977,2.14029,-0.00673296,234.979
623,70,964,5091.84152,10,7.51272,5.43778,2.90067,29.2597,107.284,0.290484,3.26659,0.000220337,9307.5
624,70,1004,5093.267439,0,nan,nan,nan,nan,nan,nan,nan,nan,nan
625,70,1044,5094.689119,0,nan,nan,nan,nan,nan,nan,nan,nan,nan
626,70,1084,5096.107241,9,3.12321,0.773207,1.20587,2.07694,174.167,0.304136,2.36126,-0.0149425,158.485
627,70,1124,5097.521054,10,3.11318,0.279785,1.202,0.234651,3.25459,0.309187,2.29098,-0.00620212,58.0462
628,70,1164,5098.931276,8,3.41578,0.287946,1.31883,0.197487,6.58168,0.300932,2.3199,-0.00391228,-176.67
629,70,1204,5100.337126,3,3.32098,0.186892,1.28223,0.0935468,2.40501,0.301324,2.30119,0.00828497,1.13147
630,70,1244,5101.738605,8,3.82186,0.236377,1.47562,0.186608,3.98821,0.296017,2.34754,0.00268141,-390.503
631,70,1284,5103.137141,4,3.31742,0.205097,1.28086,0.0562383,1.85484,0.286313,2.50167,0.00317488,136.359
632,70,1324,5104.531259,10,4.08282,0.728753,1.57638,0.165122,5.05336,0.298708,2.35074,-0.00720559,406.904
633,70,1364,5105.920911,10,3.14245,0.0986613,1.2133,0.128781,2.18706,0.317748,2.24234,-0.0182146,-119.901
634,70,1404,5107.306829,10,3.60338,0.640378,1.39127,0.0875168,3.09862,0.325855,2.27423,-0.00626635,45.5372
635,70,1444,5108.688256,10,3.16804,0.142997,1.22318,0.083108,1.56212,0.314554,2.25609,-0.00785734,-20.4012
636,70,1484,5110.065886,10,3.63476,0.378172,1.40338,0.194657,9.3909,0.302576,2.29699,0.00195613,-249.185
637,70,1524,5111.439014,2,3.5836,nan,1.38363,0.078124,1.86564,0.30855,2.25073,-0.0193048,153.279
638,70,1564,5112.808279,10,2.93994,0.319126,1.13511,0.283292,7.72105,0.29113,2.09004,0.00420283,174.037
639,70,1604,5114.17304,10,3.20607,0.0873567,1.23786,0.127388,3.05483,0.316475,2.18939,0.00279557,-52.9638
640,70,1644,5115.533878,10,3.61792,0.459494,1.39688,0.201495,14.4682,0.330182,2.22327,-0.00629132,61.4063
641,70,1684,5116.890217,10,3.36451,0.220273,1.29904,0.0859369,2.17464,0.327686,2.1499,-0.0122133,-129.856
642,70,1724,5118.242584,10,3.09087,0.126769,1.19339,0.159675,1.89162,0.327208,2.23321,0.00113467,-154.196
643,70,1764,5119.590457,9,3.11085,0.134118,1.2011,0.100858,1.80992,0.322227,2.14377,-0.00797615,-100.647
644,70,1804,5120.934335,10,3.24842,0.689527,1.25422,0.181536,3.47369,0.313484,2.15916,0.0233041,-192.495
645,70,1844,5122.273708,10,3.67632,0.594264,1.41943,0.169134,5.91585,0.298539,2.23337,0.00361887,94.3865
646,70,1884,5123.609104,10,3.2664,0.0835315,1.26116,0.121664,1.74311,0.30689,2.11526,0.00360106,-147.936
647,70,1924,5124.939961,10,3.78874,0.56444,1.46283,0.193598,6.37372,0.33475,2.24039,-0.00132187,-216.524
648,70,1964,5126.266914,10,3.09367,0.168337,1.19447,0.154853,2.31343,0.341341,2.10535,0.0104945,35.1339
649,70,2004,5127.589258,7,3.02096,0.330015,1.16639,0.167452,5.35788,0.343939,2.083,-0.0144535,-144.001
650,71,44,4986.79641,10,0.765108,0.54674,0.295409,0.282898,0.138791,0.0195267,2.75558,-0.0619108,2956.42
651,71,84,4988.285623,10,3.2476,1.01739,1.2539,1.22997,2.33982,0.0194202,3.10998,-0.000451861,1570.16
652,71,124,4989.771222,10,0.310845,0.0768119,0.120017,0.273682,0.133834,0.0192394,2.90519,0.00412763,1649.19
653,71,164,4991.252649,10,0.344014,0.124152,0.132824,0.86371,3.37762,0.0207097,2.62272,0.0503539,1093.92
654,71,204,4992.730778,10,0.265016,0.00806235,0.102323,0.311507,0.180991,0.0231167,2.28523,0.0414528,325.854
655,71,244,4994.204863,10,0.456301,0.285826,0.176178,0.386799,0.324192,0.0270064,1.6122,0.0205062,1213.6
656,71,284,4995.67584,7,1.57868,0.842581,0.609527,0.567377,1.1939,0.031021,2.52466,0.0227628,704.948
657,71,324,4997.142856,10,0.918254,0.226594,0.354538,0.330979,0.449407,0.0361911,1.78096,-0.0318796,-112.541
658,71,364,4998.606849,7,1.126,0.406744,0.434748,0.6334,1.59619,0.0403493,1.87623,0.0055523,896.132
659,71,404,5000.066938,10,1.11303,0.270803,0.429742,0.288589,0.461203,0.0467398,1.45397,-0.00694711,-160.057
660,71,444,5001.523603,10,3.31193,0.949353,1.27874,1.04215,4.29718,0.0523607,2.0495,0.00705738,495.809
661,71,484,5002.977204,10,1.81803,0.169009,0.701942,0.212807,0.611694,0.0575867,1.6805,0.0157491,542.665
662,71,524,5004.426957,10,2.28492,0.307924,0.88221,0.371797,0.496421,0.0631346,1.69286,0.00470439,349.861
663,71,564,5005.873577,10,2.65941,0.31927,1.0268,0.412812,0.975768,0.0709034,2.02115,0.00236203,313.353
664,71,604,5007.316341,10,2.45774,0.30902,0.948933,0.303351,0.828467,0.0719327,1.84669,-1.03731e-16,239.864
665,71,644,5008.755865,10,3.15565,0.125184,1.2184,1.48622,12.3183,0.076015,2.24232,-0.00808351,357.723
666,71,684,5010.191516,10,3.1713,0.119925,1.22444,1.22254,14.2014,0.0821029,1.95365,0.000661926,243.786
667,71,724,5011.623565,10,3.06578,0.230989,1.1837,0.592252,2.99373,0.0890657,2.01227,-0.00377296,505.589
668,71,764,5013.052194,10,2.75774,0.417608,1.06476,0.264005,0.93812,0.0931779,1.90429,5.2155e-05,210.29
669,71,804,5014.476899,10,3.54521,0.525462,1.36881,0.373008,2.39635,0.102374,2.24278,-0.0170692,-88.7478
670,71,844,5015.898069,10,2.88784,0.186026,1.115,0.290113,1.55513,0.103471,1.97744,2.73948e-05,-41.248
671,71,884,5017.315273,10,3.01569,0.663685,1.16436,0.477445,3.38507,0.104512,1.95354,0.000792421,255.641
672,71,924,5018.728844,10,3.02917,0.182544,1.16956,0.235905,1.05214,0.113108,2.08739,-0.000971905,200.366
673,71,964,5020.138401,10,3.00954,0.19856,1.16198,0.151576,0.416749,0.121786,2.17145,0.00732614,-51.0095
674,71,1004,5021.544254,10,3.52699,0.310228,1.36177,0.251395,1.47871,0.125508,2.23372,0.0052259,-106.201
675,71,1044,5022.946033,10,2.75032,0.179506,1.0619,0.196231,0.922964,0.126164,2.16485,-0.00302679,-13.4175
676,71,1084,5024.344074,10,3.56251,0.44025,1.37549,0.243494,2.51936,0.127742,2.24639,0.000441348,88.1927
677,71,1124,5025.737967,9,2.88136,0.158153,1.11249,0.167342,0.572341,0.138099,2.16743,-0.0011329,-81.7988
678,71,1164,5027.128123,10,3.19054,0.0483753,1.23187,0.282084,5.03399,0.14836,2.16121,-0.00199846,-205.341
679,71,1204,5028.514042,7,2.63981,0.338105,1.01923,0.244224,1.27007,0.158394,2.30454,0.00142145,72.0034
680,71,1244,5029.896262,9,2.24876,0.251252,0.868246,0.211443,6.13173,0.159124,2.00427,0.00336207,586.746
681,71,1284,5031.27414,1,3.04577,nan,1.17597,0.115381,1.34167,0.158957,2.36943,-0.000135325,-420.932
682,71,1324,5032.648382,10,2.84668,0.272091,1.0991,0.271592,4.69763,0.160652,2.15018,-0.00222481,-158.53
683,71,1364,5034.018169,5,3.55886,0.356852,1.37408,0.0952277,0.60666,0.167008,2.30647,-0.0184125,-67.2514
684,71,1404,5035.384393,10,3.21372,0.0680878,1.24082,0.31285,6.14019,0.172407,2.20638,-0.00108232,-35.6643
685,71,1444,5036.746046,10,3.14741,0.123113,1.21522,0.138278,1.21817,0.170956,2.17925,-0.00369605,-211.977
686,71,1484,5038.10421,10,3.05847,0.0653602,1.18088,0.141943,4.80889,0.173652,2.27896,0.00500872,-246.49
687,71,1524,5039.457693,10,3.15695,0.0835972,1.2189,0.115411,0.741834,0.177054,2.24371,0.00125511,-48.1727
688,71,1564,5040.807741,10,3.02874,0.182414,1.1694,0.223614,4.51049,0.183932,2.14172,0.00880612,76.3705
689,71,1604,5042.15302,10,3.21518,0.308968,1.24138,0.0869372,1.32214,0.180207,2.18068,-0.00817377,-23.5389
690,71,1644,5043.494876,10,2.8742,0.0908516,1.10973,0.236017,2.09667,0.182269,2.08699,-1.48378e-07,-116.066
691,71,1684,5044.83191,10,3.48742,0.0793738,1.3465,0.108061,4.42116,0.188318,2.17124,-0.00518463,14.504
692,71,1724,5046.16548,10,2.72197,0.0883139,1.05095,0.0790424,1.00921,0.205419,2.09105,-0.00298436,-71.1663
693,71,1764,5047.494227,10,2.80528,0.0954356,1.08312,0.210323,6.76005,0.199196,1.99938,0.00186882,-95.5432
694,71,1804,5048.81941,10,2.66313,0.0821208,1.02823,0.087598,0.59859,0.207374,2.08119,-0.00430156,-19.5885
695,71,1844,5050.139833,10,4.30696,1.71634,1.66292,0.361422,3.1916,0.206691,2.12249,-0.00158204,-134.095
696,71,1884,5051.456532,10,3.22588,0.0520004,1.24551,0.102176,0.785794,0.212025,2.11349,0.00540473,-129.268
697,71,1924,5052.768612,10,3.24279,0.128373,1.25204,0.0940711,2.58838,0.222275,2.20992,0.00463694,-190.692
698,71,1964,5054.076765,10,2.97328,0.469423,1.14798,0.0753908,0.850524,0.214859,2.13072,0.0168751,256.725
699,71,2004,5055.38052,10,2.96002,0.169848,1.14287,0.178921,3.87252,0.212532,2.05911,0.00153789,-392.437
