chunk,order,pix0,snr_obs,snr_dec,snr_dec_fine,snr_rec,sigv_obs,sigv_dec,sigv_rec,osample
0,58,24,711.2898117598779,347.7667133239837,345.7007802112751,1043.5855999220125,4.616042291735367,6.29840293392843,4.285548461224837,10
1,58,64,789.5865390640895,519.266983144668,463.0555393402882,1229.0444289477314,100.71755603049458,128.9539129371219,88.21227459005722,10
2,58,104,788.3077582713454,490.3994197326926,441.3473622827587,1191.4661349105522,95.19208885210392,72.28625131705304,94.3592018060342,10
3,58,144,795.0169672810439,500.81819510080095,453.1111389633185,1305.2874991312378,13.084806624521462,16.167283448818342,11.325530075832372,10
4,58,184,794.6489097518322,522.5388973434036,470.670893916642,1215.0964676367762,36.72973548180543,99.69721344765986,34.32168162304622,10
5,58,224,801.8596324257966,538.7781800737799,469.1079601818533,1244.4770950842344,16.095446425614444,30.437096128409387,13.858543027170532,10
6,58,264,800.787673249024,533.5120355028641,484.88041396412234,1300.4247824614295,55.7363463273668,62.28292897732982,56.26764919445626,10
7,58,304,807.5199930516965,571.6834567850833,509.5019566924538,1199.0056728145814,15.658738898688412,20.8037632844461,15.127099478914225,10
8,58,344,806.2820383023698,622.1227987744118,571.490949117764,1340.4238728247665,93.62582126395583,70.00506024168837,88.53796463705461,10
9,58,384,812.3299401396002,532.2214621099721,490.95895073281986,1196.7133577109698,33.94348360134726,37.265849121084635,28.90565850040967,10
10,58,424,809.172658681029,512.735891628179,467.1791172262519,1182.0150768052308,73.17639103716715,47.43786688116633,86.72369801521036,10
11,58,464,807.090691984894,468.262661926753,426.3387957383273,1201.799606498803,5.404451462911506,6.024753408847658,5.028233305302296,10
12,58,504,810.7497497607892,490.362881483437,444.78937613014034,1294.7736491973992,14.456457567600243,20.782907205042815,13.92917095671946,10
13,58,544,816.8226800376915,534.9227253379074,510.44897420725925,1258.1176597180138,34.94952385260259,31.962849148782087,32.39339815284512,10
14,58,584,815.2279702684989,523.3453684001904,482.8624113346416,1258.0156341126594,13.997722459486075,18.57094875739951,12.529266907311994,10
15,58,624,820.5640830796633,596.1836983620036,536.7621870661477,1444.9931814731212,22.917601249572257,29.914913609595985,20.452296498541017,10
16,58,664,818.6535668696818,525.9303145345682,483.7489527341982,1285.8398316014363,31.475909656095926,40.65814733366421,27.959035295868187,10
17,58,704,820.4331640716662,594.8360292849001,552.9007704113307,1348.2726896325667,120.62139737599169,132.36971513332188,100.27589593532933,10
18,58,744,829.857406427268,649.207629011047,590.3186618529123,1384.6788531124585,73.64505115956328,60.71102721515404,72.15175671439812,10
19,58,784,819.872749113707,564.2865735257109,505.4097875400543,1318.086522621185,5.302512709759091,8.511148467360261,4.814194653748501,10
20,58,824,792.4174881858341,324.016868636707,278.15689591350883,1070.221220935914,5.71087412007685,9.696867727237168,5.4473841159809755,10
21,58,864,842.7064601068439,627.5381468792713,573.3288236982247,1410.3971160142996,40.342822922416495,67.45197180589147,38.61542820295717,10
22,58,904,827.9340699702022,581.6958770279977,556.7731024663899,1345.489549471226,7.466133385043649,11.023086015086683,6.7312740204860235,10
23,58,944,835.5155052668781,734.0632653357271,692.5497582849445,1305.6469117340457,158.19185747366961,113.10268152021831,196.83282412463322,10
24,58,984,827.9141198806938,786.940569592162,721.958648108651,1379.1138073906295,29.963241706929693,27.596451691439352,27.41675946989119,10
25,58,1024,834.1109268069457,899.2873773019211,845.772464460882,1362.1551024797297,17.063683004817438,45.58524677241733,15.85763788895062,10
26,58,1064,828.8932194436308,785.1395556480104,736.9372241596122,1418.021327998078,18.11545930440881,27.138919592115254,15.878829122966092,10
27,58,1104,826.4251541237568,648.8062490380405,590.0197061310373,1273.8467194321684,80.88097116404963,77.89829936938004,69.38296219511413,10
28,58,1144,831.0200190444427,860.6302100703466,790.8781048146998,1379.1005585258113,10.728551139756366,18.86562141072161,9.580614129686648,10
29,58,1184,824.1861817570675,662.5001783350644,608.0372166148186,1299.618865499848,22.469811198336526,25.970893943979565,21.21427549554603,10
30,58,1224,829.7439907447116,705.1345867240121,666.7697268226825,1255.8014401105322,7.376052880816481,12.592359518372218,6.936175511067006,10
31,58,1264,832.6680581335602,845.4016738028193,799.368741539173,1332.8032995327799,11.210064203856753,14.259594142605692,9.870094903297291,10
32,58,1304,830.5466803627348,829.7469088421637,782.7627991735803,1454.6983718345334,45.187679537372176,56.746211462262835,42.72804687228519,10
33,58,1344,826.7601498671513,574.5893689095079,535.3599195120594,1376.8737999825541,8.786302522777858,16.711524436437298,7.758596920507525,10
34,58,1384,789.6055431764769,339.99651278501665,293.621284204441,1137.2546226153386,5.9005553541168,13.71332591180172,5.629964189871753,10
35,58,1424,828.0818075718079,394.63715233086634,354.79848495550425,1177.5267451838472,14.338850910229732,18.373589223273196,12.439184576908566,10
36,58,1464,822.1648646505821,641.0466097296542,596.6392880322222,1354.028826948615,12.320999378206768,16.597675505618408,11.613089894704167,10
37,58,1504,822.9921471094351,895.1725872357217,832.6334546278844,1437.9258536686157,18.62657845593,21.29377642691967,16.094464125531463,10
38,58,1544,813.2911616862707,599.6690721694735,543.9400780751699,1204.2999941971755,4.4796944020064355,8.041373610979262,4.353851772257752,10
39,58,1584,808.8804288442439,492.89248088433175,445.78039149282364,1151.7520523745068,9.404292133614767,12.381435758299444,8.568526356608531,10
40,58,1624,813.8906832019576,596.2886324975663,550.0577931226142,1285.4420340762592,112.42751977181751,91.35320278299282,114.84318289410261,10
41,58,1664,808.0177974268365,626.2276765389801,562.7820410891798,1265.7033411338025,9.80913616872277,14.148736775413044,8.729158651356624,10
42,58,1704,800.2340814898533,607.0243206666245,558.5386721547529,1201.2915961335327,18.142974289815797,21.69456163582783,16.341869868547175,10
43,58,1744,795.548074352084,511.0819243892754,470.81942155287237,1169.9201238435169,9.860658859133007,13.128928095270956,8.909661645764556,10
44,58,1784,795.2153080339599,561.8644629461885,502.2652990273063,1238.5240033225193,161.05590715079256,124.47799916304014,140.48030767450015,10
45,58,1824,790.0562435564073,595.1370326773202,524.779692276977,1230.0281074380343,14.38203151317706,15.87646346396741,12.903668181728811,10
46,58,1864,783.5447431530065,645.6920436355642,596.1701665642167,1306.2799078182547,149.30938811587507,142.77678839274293,168.78702927257484,10
47,58,1904,774.7187450416443,535.8322408465006,499.42885064418243,1241.413494907048,36.77522258707938,44.558391356352985,33.658595450133646,10
48,58,1944,768.2031199394793,518.5225278722861,463.8406063536771,1166.3653843604216,34.83109857860655,34.658457369436896,32.87848873690355,10
49,58,1984,753.1210016267124,456.058304807775,406.26552437211575,1127.9511684800534,14.467566889389698,26.733546497973755,12.74422117892412,10
250,63,24,763.4195224599306,668.4626895858381,625.0314078881936,1185.4762417489083,9.657622831776166,9.800265307936396,8.370342331275525,10
251,63,64,760.2755521304384,749.9713489717733,682.991279975573,1131.9640234436745,12.7412856720687,12.71881451947029,11.59766823913108,10
252,63,104,770.947367463742,655.273351903307,592.2053624680743,1113.0812600165868,48.214954581449184,45.82567442625699,41.54121436762874,10
253,63,144,770.3520978651095,576.0785960682939,504.2130483499833,1066.8639742365492,10.848971203207938,11.770969779320465,9.610781122705628,10
254,63,184,770.0113825099776,504.92491722765504,445.23453340911544,1103.073992211825,5.366981908248152,5.712714233313022,4.771146889405936,10
255,63,224,779.1487502389427,556.0618539539805,507.13795401863655,1055.968803843286,51.59267373758448,57.06823122365477,43.74374114858046,10
256,63,264,779.122632604425,575.0713818226418,546.8014634012967,1117.871554887773,29.587167199666347,32.762938368610044,26.244494495075806,10
257,63,304,787.2869689838795,754.1681555560872,686.0752660162117,1235.3273828363135,120.32099467179192,104.20065674542197,100.84275413313922,10
258,63,344,784.9524178891297,636.5689059245798,592.464952399349,1162.5223379947658,67.96841170277403,59.063518876048526,62.24232664454542,10
259,63,384,792.7352046707927,551.8555566412157,487.8789299762865,1030.2027828270225,8.74368785853332,9.270147245990925,7.91718058889191,10
260,63,424,788.8202854727565,574.9220861613135,492.64956388296963,1186.5693583893667,9.406851437905129,13.458946411749185,8.423849457915079,10
261,63,464,793.1450178127332,538.875704418852,503.8606094741816,1197.439484702898,10.244494536171773,11.97252325188491,9.198937418389377,10
262,63,504,795.8201656382718,564.2996221230643,501.60647707744107,1113.8412014402847,10.799695868621475,11.113242293284278,9.478104144108562,10
263,63,544,803.8773818290257,589.3906495783026,522.3066393901788,1174.631924441146,22.1580649124268,31.094343993929726,21.510888092549372,10
264,63,584,797.9743769308809,534.0595144145311,452.0770811898325,1184.963210895916,10.074525977191461,8.539539786166907,9.040968255122214,10
265,63,624,808.161822361632,571.3863318069444,504.62870788757914,1195.5547115353113,21.19792158989879,30.718411872721237,19.34378763232013,10
266,63,664,800.1015179642633,501.70779495774167,439.90355979843963,1144.0472664310196,16.08174324211884,18.797951801361442,15.074295147714771,10
267,63,704,813.2939373919264,588.7963905946499,512.797922319861,1228.1541673901625,32.76316721181594,29.171928323107828,26.279389346470058,10
268,63,744,814.6944852439893,654.9436157751389,575.6971904739834,1160.5965876070918,36.98453939911682,29.141569587915985,32.65814801427755,10
269,63,784,812.6421174346085,632.826206499618,541.9255795319187,1208.6276590917805,13.304635422070389,12.7592068778241,11.875720705819166,10
270,63,824,821.6394549317124,628.1970253001533,563.5066058157607,1173.280083043384,18.735138601779873,18.9974673909072,16.488945800305146,10
271,63,864,817.8980740751356,718.5985624093219,654.3654810624948,1203.3186604999232,10.251330797532239,14.046045820181225,8.738258613217713,10
272,63,904,810.022163264551,568.4928461914839,517.4684037039423,1232.3278419280796,6.901356565579462,8.497265262890204,6.323433140674291,10
273,63,944,818.9069705828823,644.4670924547556,603.4379584820915,1236.604456361369,6.23299217939589,4.911249364600211,5.616064121998072,10
274,63,984,821.8159076197499,676.5294573505217,599.9127039600942,1208.684019258937,4.318424733793136,5.562005891809882,3.813864861980299,10
275,63,1024,810.4592353770577,564.6692472561409,505.8195216057363,1258.2797445126284,5.658406058243698,6.967923917443894,5.209817903613566,10
276,63,1064,818.9301036760951,630.1531428990572,556.1512545889085,1319.368477554761,17.843433368187853,17.8947869400932,16.119454595125188,10
277,63,1104,818.5546306599158,656.074415952075,575.0692913920167,1229.5974451516684,8.65667982241305,8.196913061246054,7.56520112781504,10
278,63,1144,821.7830703756263,686.3065918485315,662.1353899486381,1255.2350403264031,8.880576558497816,13.173760002642313,8.090689411622707,10
279,63,1184,819.7775367965924,812.0476115554707,747.1856081705082,1313.7367141073132,9.357519417643829,10.018482916129484,8.574825789407235,10
280,63,1224,817.2660878796003,771.0608891790583,722.1886280647033,1242.091348638688,7.9235327478866955,10.516719264663754,7.232165282179273,10
281,63,1264,824.574458090784,732.4930373673573,689.7332186538681,1180.8717431940486,11.978684292740601,11.009041925588706,10.929288327674334,10
282,63,1304,806.3470658027168,554.6788201348771,475.49882821356323,1160.5869788176879,22.030085244892557,21.10549406413853,18.911192782567788,10
283,63,1344,821.6771072822796,683.906200461172,628.1142257151067,1249.9163704923226,32.86312936611964,45.24885481250137,28.285070640545932,10
284,63,1384,817.8628983702374,680.2798887538322,599.191500278316,1248.6122904414158,138.6602844623869,129.21962806937725,109.29822957833272,10
285,63,1424,814.8699677031274,573.5009942366747,511.0509124676392,1162.6242975242774,18.793941608840786,15.669175383241306,17.327422631799433,10
286,63,1464,817.4333777662571,629.6180519531244,562.039399653848,1233.562165732412,68.54127352491832,72.4764943986597,53.38042492608022,10
287,63,1504,805.8294273970369,586.3349745537704,519.9583569769685,1191.5643738174635,58.484231704166035,56.04301277416866,52.61947114210497,10
288,63,1544,809.8046986195934,654.6099224997267,573.269097597856,1234.1896826229056,6.5933749343773815,6.6600717433555445,6.009306961937067,10
289,63,1584,802.9724087299617,610.7843706963959,534.949502503109,1215.3702924942065,50.49772294012559,51.269666105672165,44.62588105620278,10
290,63,1624,780.5806203811314,433.50502576781247,368.09951344719013,1102.8161375689324,5.982952199348003,5.937573303932088,5.500938436281122,10
291,63,1664,799.2500207881678,527.8268296558364,451.0843177083558,1143.6463648608324,8.206283136751981,7.64311234714022,7.296644028331082,10
292,63,1704,792.3164824150169,577.0578406252155,504.2256686976327,1179.5357882527123,20.444833233475208,41.77516356672537,20.37859745150784,10
293,63,1744,783.6375815802069,559.6813424440414,489.947830025724,1194.924632032076,7.602395987213441,7.176077241754938,6.90362570324853,10
294,63,1784,778.7158427453819,457.4836920916339,395.8534742408669,1023.3215077449498,6.433655540647998,7.072723750689635,6.067730851178866,10
295,63,1824,776.5416862053575,546.7440099744024,478.57358801384737,1117.425228024479,13.702879529866143,15.418898527263437,12.519034530770186,10
296,63,1864,773.3768076486425,549.0922925435752,501.2218299275086,1099.6259352977522,8.286262140073884,10.848544642016996,7.567256116498297,10
297,63,1904,765.2755966758589,584.0525034923901,512.4226542527967,1137.0670905754027,28.506492600825165,38.99299144201419,25.449566575503596,10
298,63,1944,755.4439621618459,440.4201278873621,388.8202175219015,1006.0103061866116,6.333230639282437,10.245351315169234,5.65543993513465,10
299,63,1984,750.20324612868,528.0881613488383,460.6324091916678,1165.6494242548679,18.356758228871666,28.17652328794718,17.99922674656459,10
550,69,24,716.4810836946083,656.7951124188603,639.8331720786261,1083.4887741958848,8.146857389849009,8.313289886597309,7.6958676708443665,10
551,69,64,728.4789634614335,510.37509218377795,472.71872397157665,1024.0350757734661,5.546820395658838,9.596689507351513,4.867233586623419,10
552,69,104,729.963934486917,549.3149291238283,468.7422348552395,1047.3758658750617,5.64213304113254,6.074393095824752,5.036222733339245,10
553,69,144,734.3955626921011,665.8031913214734,585.5278568709119,1090.538279149101,25.70237791281254,34.9878725377524,25.59992808230327,10
554,69,184,742.7797941060178,606.6756970832131,512.465327005224,1080.926047774979,20.50472782023355,20.546310927521557,17.748857142592144,10
555,69,224,737.5557741176226,508.22493650813936,439.4585068202423,1115.9099854513606,4.077615650000455,4.138823912304991,3.733270226559922,10
556,69,264,742.949333813944,427.36606179765,361.43992729450497,969.807866312804,4.959146621581085,4.413310653591875,4.58242164383162,10
557,69,304,754.6363423142284,608.2780036932671,546.0126949755495,1056.8322794271112,23.308592271879327,21.94638809342838,20.716285971038687,10
558,69,344,737.430314339431,552.5480735056858,488.8527111160166,1084.6011687531704,4.082965098512516,3.7885102326581577,3.6325020699966544,10
559,69,384,763.0750380124364,662.4485923761872,570.0200814959082,1060.170079961053,5.655551371801002,7.759332397414051,5.922123906107269,10
560,69,424,758.471916347066,500.764954442317,442.15440432944035,1085.2388591306103,7.0125040321809395,8.607432031431225,6.19608155100356,10
561,69,464,757.0722229589568,508.4339199963742,420.6730931644383,1069.5121293620132,4.374095698618719,4.233960084614429,3.7593468856953542,10
562,69,504,757.9150614921175,413.4692767743454,377.8521757515995,1069.8386115535955,5.239188183351697,6.417023406338159,4.512652023912548,10
563,69,544,776.0728991268234,542.1213163119774,477.149548834471,1137.9856879897616,24.595150564490787,23.112601205215814,22.031091168133685,10
564,69,584,774.071601699005,535.3958081577399,462.98693313483477,1161.0514710341313,3.244901853039761,3.8575737064457707,3.1119143225736003,10
565,69,624,784.6841025334736,557.9084653308588,499.17233064914535,1149.972230995495,4.2301472472216,4.752084805240681,3.834837093210496,10
566,69,664,775.0872414366203,493.38669185565567,437.6615369243639,1035.7531523577254,4.839530877783518,6.341014910278685,4.3972411068351605,10
567,69,704,784.2481323516735,501.0465558679592,428.7898694734369,1075.6800113536142,5.353564821456293,4.461980789990816,4.7933632242996564,10
568,69,744,785.2411382878844,527.4753431229329,463.5391428966524,1065.2115681300343,15.215379161268391,21.87638829429348,13.60888373006685,10
569,69,784,792.5631620229753,519.1235695377412,467.6306323583109,1069.204008513675,3.5323814881708646,3.869473975006151,3.2685781449142883,10
570,69,824,792.0542688970486,619.9296975139439,542.0219174246976,1163.4462014192013,29.135848728420147,30.521164364800484,26.560168936651266,10
571,69,864,792.0815672085787,622.6373691021206,536.6885700869524,1145.4038213201188,17.736386555468613,24.295068361072836,16.959436269231848,10
572,69,904,785.1453414490627,495.6286743469452,436.25589159696517,1083.8472600121318,5.752035568669546,5.6180149267247845,5.493316623590677,10
573,69,944,787.6165999461574,538.7160927419056,463.3092426846412,1148.059684669117,12.693315609179884,13.269125748087509,11.350851353424154,10
574,69,984,779.494232864706,466.47632172282204,398.5592452921169,1084.167652363225,2.9193623933091284,3.5489499290479376,2.692973788763449,10
575,69,1024,719.6772717280521,335.76253699327737,267.79069264608387,981.4580771155224,5.773955461221758,5.241647778344643,5.569266958495494,10
576,69,1064,759.7669201432911,368.7627296691827,310.85673381909976,1036.5340787686464,3.942067988904183,4.110782971367279,3.537171410139444,10
577,69,1104,799.8126799136487,670.2951695206463,598.1948266180946,1159.0655673134024,18.07334094540291,24.356033409545617,15.587999009290579,10
578,69,1144,757.3283410379485,377.35549540047384,317.46655487845663,1008.0176263881372,4.106466213224825,4.09676202426708,4.120768770124108,10
579,69,1184,686.6385263293166,303.750967204826,238.24302622671252,863.4306291009893,7.176646531189986,11.024835895972705,6.920144475705365,10
580,69,1224,791.5991575451171,574.9646634133629,475.516677371391,1127.2873407596499,4.403033143983214,6.770246875710517,4.211334193242796,10
581,69,1264,802.274751398449,880.7555601143348,818.7980347301756,1263.8716097254578,12.979924872743878,24.264032776798654,12.945129669134412,10
582,69,1304,795.3224094437536,882.7058383164954,834.8541451215194,1286.5532507116166,8.134785671747949,7.4779004075355235,7.478603572743462,10
583,69,1344,800.4013221868811,654.9050663349043,629.6031407674236,1241.255686941388,13.628792531969237,10.01490382757108,12.376602546583358,10
584,69,1384,789.3870070284206,547.990629304974,465.14150182058324,1083.131220284043,9.801103463787019,9.277069811056181,8.918915413058876,10
585,69,1424,783.9113375532579,515.2649462234396,423.2589411926637,1070.4231367984012,21.96402788557371,22.304574225832948,20.16240723660894,10
586,69,1464,724.5967418952835,340.76524279636806,269.84407932458726,1028.0427588182247,11.23989360563349,33.28445996569993,11.348203869980164,10
587,69,1504,673.4722805357871,318.34862290837304,252.53320725406581,939.5081338178311,4.940693396422683,6.308598713810876,4.580293924011688,10
588,69,1544,772.7544423274368,482.4269061013558,426.99792043986133,1106.2906780576418,8.10112718163012,7.770475582012425,7.367856777294949,10
589,69,1584,782.196016709615,835.8031134310779,783.5851298954399,1288.2415167450138,23.111443587379664,24.936998877305616,20.72861958593861,10
590,69,1624,765.582360724154,475.74406205131135,425.3269660258962,932.0128993174299,3.7850142310308197,4.879852745812266,3.5780698279942547,10
591,69,1664,776.8256669178916,616.9900754762132,549.3830707039054,1124.173434162546,51.29453822207334,61.82470591330674,49.78664721562513,10
592,69,1704,759.9346476886384,492.595305803375,406.0732525944583,1070.4357123568732,4.141669664574016,4.026621567761783,3.975070747591285,10
593,69,1744,736.5231608053173,362.70791610365217,301.24516628876955,1006.8617209103629,3.6267670031656163,3.3514067065960758,3.3879930874152113,10
594,69,1784,761.3388753883307,527.0352913814368,447.9075698977846,1093.4760984276982,20.890055636742392,22.588076485343038,18.416052812035804,10
595,69,1824,747.6951063758205,430.2042011521516,361.09554716075763,1044.99612546208,2.5906048165747846,2.3890040381697126,2.435767693993307,10
596,69,1864,741.158017312607,529.0462613632301,483.2055174003396,1094.3497213236406,5.960849077442916,5.188378956246447,5.4133188675493695,10
597,69,1904,738.4985863684935,492.34859054520797,435.66713529267184,1065.7292850525407,6.770407197275807,6.511494650145455,6.219449950195563,10
598,69,1944,734.4773728478164,480.2091700876138,408.73149838596805,982.5259356350246,4.359397135086141,3.719347477492033,4.132311705477366,10
599,69,1984,719.7405797818852,426.5594057254984,359.9405395410071,983.2903457939342,7.429415673323892,7.436651024567834,6.6735623641943915,10
0,58,24,711.2898117598779,285.887006477565,285.887006477565,942.3305476356502,4.616042291735367,6.923898975798211,4.62392689042367,1
1,58,64,789.5865390640895,377.7380933137083,377.7380933137083,1127.5546422424147,100.71755603049458,172.85537195930658,99.83093449444144,1
2,58,104,788.3077582713454,357.40320971988945,357.40320971988945,1111.6712536048278,95.19208885210392,95.2427124481049,108.04430596707746,1
3,58,144,795.0169672810439,357.7759828298864,357.7759828298864,1187.4757960293264,13.084806624521462,20.112245509385613,12.805351506037027,1
4,58,184,794.6489097518322,370.5305244952805,370.5305244952805,1129.7530671384175,36.72973548180543,154.7043979540142,39.44500554681563,1
5,58,224,801.8596324257966,368.2163786330414,368.2163786330414,1157.9928203028996,16.095446425614444,26.472131178894408,15.025336113249114,1
6,58,264,800.787673249024,389.88309524198047,389.88309524198047,1189.3125165435513,55.7363463273668,88.05702628319773,64.02488055826757,1
7,58,304,807.5199930516965,423.3605579942206,423.3605579942206,1136.7672786775204,15.658738898688412,23.30955437510059,15.81135329511026,1
8,58,344,806.2820383023698,545.1525448037291,545.1525448037291,1288.6131796935906,93.62582126395583,91.40146347220355,106.16845185349653,1
9,58,384,812.3299401396002,401.5758248326556,401.5758248326556,1103.0224900398043,33.94348360134726,50.134302784680706,33.72255829376593,1
10,58,424,809.172658681029,389.8200454604309,389.8200454604309,1092.3329341163048,73.17639103716715,71.12265760863937,101.1278972819362,1
11,58,464,807.090691984894,340.9577865688667,340.9577865688667,1109.5222643818906,5.404451462911506,6.82922135831848,5.416142433939962,1
12,58,504,810.7497497607892,361.0389894720499,361.0389894720499,1194.9894599102372,14.456457567600243,25.901925929452045,14.830819204117077,1
13,58,544,816.8226800376915,414.0223354175273,414.0223354175273,1179.4717918105807,34.94952385260259,38.26083849010923,36.52013564477245,1
14,58,584,815.2279702684989,399.0711355683922,399.0711355683922,1158.6044910011503,13.997722459486075,21.894407791754173,13.881647598528001,1
15,58,624,820.5640830796633,435.21852503357434,435.21852503357434,1333.8955137996513,22.917601249572257,36.865449476146544,23.092227640203443,1
16,58,664,818.6535668696818,390.7062333776821,390.7062333776821,1173.3777552564343,31.475909656095926,53.63725124612398,31.48384183093922,1
17,58,704,820.4331640716662,451.88583327907236,451.88583327907236,1261.2228019907463,120.62139737599169,182.2607563254983,111.22368769038026,1
18,58,744,829.857406427268,484.2347044834486,484.2347044834486,1293.9200866961364,73.64505115956328,75.56852615478303,77.57485903454337,1
19,58,784,819.872749113707,393.84288387999294,393.84288387999294,1209.3038108450132,5.302512709759091,9.740185322464681,5.28163165055108,1
20,58,824,792.4174881858341,205.32526193093702,205.32526193093702,974.7418460152264,5.71087412007685,9.843858954630766,5.562590789218787,1
21,58,864,842.7064601068439,448.7795474747286,448.7795474747286,1293.9073817662138,40.342822922416495,89.64646908699228,39.22125317658916,1
22,58,904,827.9340699702022,463.37389180602804,463.37389180602804,1240.5748337182154,7.466133385043649,12.733810431887784,7.397684041630359,1
23,58,944,835.5155052668781,611.8409696488659,611.8409696488659,1232.8854040769738,158.19185747366961,137.5243590752444,223.00219344667613,1
24,58,984,827.9141198806938,782.2322839993154,782.2322839993154,1407.5074261841464,29.963241706929693,31.412447925551902,29.74733243532283,1
25,58,1024,834.1109268069457,636.5951841292044,636.5951841292044,1226.2662086522769,17.063683004817438,63.76484782637093,20.06014535956414,1
26,58,1064,828.8932194436308,621.2473063292612,621.2473063292612,1350.1863508799897,18.11545930440881,32.79595503816458,16.766091608815504,1
27,58,1104,826.4251541237568,507.1126919483854,507.1126919483854,1211.3515911202066,80.88097116404963,99.09703383818393,76.63017734000283,1
28,58,1144,831.0200190444427,588.8416579848546,588.8416579848546,1289.2014547482004,10.728551139756366,13.863354461155309,10.752608813603025,1
29,58,1184,824.1861817570675,497.4202574135178,497.4202574135178,1235.997647435093,22.469811198336526,29.162859237444227,22.962553589639484,1
30,58,1224,829.7439907447116,661.1768980773345,661.1768980773345,1232.3192291992095,7.376052880816481,13.87154487826356,7.469156483592395,1
31,58,1264,832.6680581335602,692.2702830474605,692.2702830474605,1274.7572366606742,11.210064203856753,16.412454091423207,11.090447709079767,1
32,58,1304,830.5466803627348,676.1667549073552,676.1667549073552,1384.2513561323171,45.187679537372176,65.6500542511321,46.93839816348711,1
33,58,1344,826.7601498671513,457.6333937283031,457.6333937283031,1266.709338647422,8.786302522777858,17.25027837110502,8.464490986632143,1
34,58,1384,789.6055431764769,218.1388991266927,218.1388991266927,1022.8038678400255,5.9005553541168,14.846881360549265,5.907580213768092,1
35,58,1424,828.0818075718079,278.11029805139987,278.11029805139987,1066.301703527685,14.338850910229732,23.101691294346786,14.218065292748014,1
36,58,1464,822.1648646505821,495.75895031141226,495.75895031141226,1263.5965957064927,12.320999378206768,20.9816789617189,12.05794288621413,1
37,58,1504,822.9921471094351,683.0356844151523,683.0356844151523,1324.201586991992,18.62657845593,29.300277688952374,18.61152759069949,1
38,58,1544,813.2911616862707,433.4721456027096,433.4721456027096,1135.4154044031998,4.4796944020064355,8.041954905568884,4.567619813760949,1
39,58,1584,808.8804288442439,360.1407822877958,360.1407822877958,1090.0659782765993,9.404292133614767,15.227382714497155,9.453804487703884,1
40,58,1624,813.8906832019576,453.4551590317769,453.4551590317769,1204.9403057204695,112.42751977181751,137.52148032603364,147.11716779563434,1
41,58,1664,808.0177974268365,447.07725968262446,447.07725968262446,1164.2829297666553,9.80913616872277,16.820647961167612,9.734643830029455,1
42,58,1704,800.2340814898533,480.0322972008313,480.0322972008313,1106.2348766768691,18.142974289815797,26.205065739156954,18.12184975149407,1
43,58,1744,795.548074352084,383.8068578274357,383.8068578274357,1082.935532450033,9.860658859133007,15.698133767859762,9.891741165303005,1
44,58,1784,795.2153080339599,419.82007953404013,419.82007953404013,1133.6301300268296,161.05590715079256,191.11613126928384,164.58826503547195,1
45,58,1824,790.0562435564073,431.1154448903186,431.1154448903186,1140.4962103894486,14.38203151317706,19.090347299148988,14.45629961164966,1
46,58,1864,783.5447431530065,501.8839446716238,501.8839446716238,1217.9070501939857,149.30938811587507,203.36910094163622,188.8003621862325,1
47,58,1904,774.7187450416443,409.5751328374021,409.5751328374021,1151.2228032474918,36.77522258707938,56.60182319544465,36.534077420993,1
48,58,1944,768.2031199394793,362.8081853718631,362.8081853718631,1070.5340562686727,34.83109857860655,42.52119847199717,36.15994874068007,1
49,58,1984,753.1210016267124,311.5214922403147,311.5214922403147,1042.9904655912424,14.467566889389698,31.711352200157698,14.019045198822758,1
250,63,24,763.4195224599306,515.2625031583747,515.2625031583747,1118.3633040067916,9.657622831776166,11.688745517904614,9.37920297378615,1
251,63,64,760.2755521304384,555.3674776127577,555.3674776127577,1065.20690334611,12.7412856720687,14.482800117877591,12.89411532724598,1
252,63,104,770.947367463742,558.8958189210796,558.8958189210796,1064.4920641579051,48.214954581449184,52.99012997370015,46.46273513740233,1
253,63,144,770.3520978651095,408.2835940121382,408.2835940121382,979.9797361014461,10.848971203207938,12.144816537592927,10.993403603207975,1
254,63,184,770.0113825099776,341.4104979758851,341.4104979758851,960.1955705532713,5.366981908248152,6.77288870923846,5.409290485779073,1
255,63,224,779.1487502389427,474.34295570322695,474.34295570322695,1009.0657769116599,51.59267373758448,76.16346137411342,49.63597621804994,1
256,63,264,779.122632604425,408.4471006203471,408.4471006203471,1030.6230394610661,29.587167199666347,40.291697420956375,30.101239694977878,1
257,63,304,787.2869689838795,565.3199930430451,565.3199930430451,1172.8189775771077,120.32099467179192,153.98818884014352,122.10428351607426,1
258,63,344,784.9524178891297,457.1816837065413,457.1816837065413,1064.2468991641558,67.96841170277403,78.83593418962218,70.97447020119719,1
259,63,384,792.7352046707927,405.61031478737334,405.61031478737334,960.2367463956309,8.74368785853332,10.440150629737195,8.767685612651949,1
260,63,424,788.8202854727565,359.72630766126474,359.72630766126474,1066.4670675701504,9.406851437905129,13.564652463299934,9.190643465655628,1
261,63,464,793.1450178127332,379.5193159211351,379.5193159211351,1089.9826737202532,10.244494536171773,13.974113534368204,10.23780481359689,1
262,63,504,795.8201656382718,381.65778024238006,381.65778024238006,1006.2781819443544,10.799695868621475,13.14548776426208,10.703093639236217,1
263,63,544,803.8773818290257,400.30123992105445,400.30123992105445,1077.2366522698696,22.1580649124268,37.07297500180627,22.39028395621375,1
264,63,584,797.9743769308809,319.6484424839531,319.6484424839531,1038.5850291990942,10.074525977191461,10.779116406084347,10.041127671862661,1
265,63,624,808.161822361632,363.9989194536368,363.9989194536368,1060.5811620523846,21.19792158989879,42.323881224124385,21.524158699423033,1
266,63,664,800.1015179642633,312.96026181715513,312.96026181715513,1029.8205051014354,16.08174324211884,20.4757275982942,16.045086907238645,1
267,63,704,813.2939373919264,389.8969868704211,389.8969868704211,1080.234202924825,32.76316721181594,38.60918518129256,32.443205836005774,1
268,63,744,814.6944852439893,458.4160235938437,458.4160235938437,1056.3603791344076,36.98453939911682,38.00921543304428,37.10516135030171,1
269,63,784,812.6421174346085,412.4406454301088,412.4406454301088,1122.390379786088,13.304635422070389,15.261826197108741,13.34423636627513,1
270,63,824,821.6394549317124,438.46235979537704,438.46235979537704,1063.8460265987223,18.735138601779873,23.315221051627976,18.691363093589867,1
271,63,864,817.8980740751356,541.5992522149973,541.5992522149973,1127.0257487124563,10.251330797532239,16.042128766404776,9.838252238116056,1
272,63,904,810.022163264551,355.42659423992666,355.42659423992666,1088.5255579514014,6.901356565579462,8.332250297885944,6.957293866482619,1
273,63,944,818.9069705828823,475.913949374054,475.913949374054,1106.9839889645332,6.23299217939589,5.5591214106958775,6.259267031579946,1
274,63,984,821.8159076197499,452.67926096363715,452.67926096363715,1078.987973135393,4.318424733793136,6.221753161331386,4.242065238292883,1
275,63,1024,810.4592353770577,370.0735616219454,370.0735616219454,1136.7987581355424,5.658406058243698,7.670913654433946,5.732538222026081,1
276,63,1064,818.9301036760951,419.8649247001139,419.8649247001139,1170.3121976771702,17.843433368187853,21.05672092971068,17.895014271585218,1
277,63,1104,818.5546306599158,431.7605389737688,431.7605389737688,1107.4994788205831,8.65667982241305,9.747990336533872,8.451973494310096,1
278,63,1144,821.7830703756263,500.40121184718095,500.40121184718095,1099.5486074173405,8.880576558497816,15.215323378405873,8.72226551237078,1
279,63,1184,819.7775367965924,595.8085860135161,595.8085860135161,1225.4346146868616,9.357519417643829,10.600446648499943,9.353467790083737,1
280,63,1224,817.2660878796003,420.801266696713,420.801266696713,1033.0563812439352,7.9235327478866955,12.477456363765562,7.983152451213414,1
281,63,1264,824.574458090784,580.8209297349404,580.8209297349404,1098.4406442099262,11.978684292740601,12.93422595190279,12.101161371783526,1
282,63,1304,806.3470658027168,330.86703909820096,330.86703909820096,1034.5204948426963,22.030085244892557,24.997684788467147,20.60273356974741,1
283,63,1344,821.6771072822796,523.3525110145854,523.3525110145854,1122.8796668472799,32.86312936611964,54.75647060191436,31.00758666032514,1
284,63,1384,817.8628983702374,457.81821652762045,457.81821652762045,1148.2613750185383,138.6602844623869,182.82256468312966,138.22350652751348,1
285,63,1424,814.8699677031274,408.1732642123511,408.1732642123511,1040.1190021176244,18.793941608840786,18.347338744609615,18.96787612170415,1
286,63,1464,817.4333777662571,437.70911820421804,437.70911820421804,1077.745651132072,68.54127352491832,92.23249346406236,63.83077433474147,1
287,63,1504,805.8294273970369,392.6876727640634,392.6876727640634,1057.7413869512536,58.484231704166035,78.27832701504012,61.66574348846412,1
288,63,1544,809.8046986195934,394.9498763832547,394.9498763832547,1085.4264931793864,6.5933749343773815,7.780969578438099,6.565102825395651,1
289,63,1584,802.9724087299617,409.0906904988035,409.0906904988035,1126.0963785803885,50.49772294012559,61.466968486859905,51.21506505901574,1
290,63,1624,780.5806203811314,264.2835888721738,264.2835888721738,985.49055748506,5.982952199348003,6.647873742046197,5.992404620794101,1
291,63,1664,799.2500207881678,324.90760258113227,324.90760258113227,1022.3008103014391,8.206283136751981,8.792900852171671,8.186905310242523,1
292,63,1704,792.3164824150169,376.8888667594683,376.8888667594683,1068.7985733182252,20.444833233475208,38.900580105663934,20.57979168537016,1
293,63,1744,783.6375815802069,354.83470869280666,354.83470869280666,1047.8064589366904,7.602395987213441,8.638983603912802,7.597762542317229,1
294,63,1784,778.7158427453819,293.62956845773505,293.62956845773505,919.61654213076,6.433655540647998,7.754525094987539,6.437179878338571,1
295,63,1824,776.5416862053575,351.0000224751042,351.0000224751042,983.7473182550742,13.702879529866143,16.999473960247986,13.753983103568983,1
296,63,1864,773.3768076486425,375.64567271888995,375.64567271888995,983.218107685194,8.286262140073884,12.19557684384938,8.410254823203317,1
297,63,1904,765.2755966758589,371.926193626339,371.926193626339,1042.7556937438862,28.506492600825165,58.67140844419168,28.78940157128681,1
298,63,1944,755.4439621618459,275.8092650658502,275.8092650658502,887.4941816444797,6.333230639282437,12.315409439865174,6.189054875037284,1
299,63,1984,750.20324612868,333.5813223677264,333.5813223677264,1038.3295359378012,18.356758228871666,41.07302588563668,18.334531012344524,1
550,69,24,716.4810836946083,328.78511894137523,328.78511894137523,904.3132291657028,8.146857389849009,9.735272717839171,8.147981813341824,1
551,69,64,728.4789634614335,405.8653903581245,405.8653903581245,937.7593370776641,5.546820395658838,10.964987310068365,5.493071053834469,1
552,69,104,729.963934486917,318.8255008641896,318.8255008641896,952.0651922051418,5.64213304113254,6.968365495278956,5.330206045515319,1
553,69,144,734.3955626921011,465.01890868200366,465.01890868200366,995.1440539812847,25.70237791281254,41.08842898790552,25.970746058596934,1
554,69,184,742.7797941060178,408.8796265929893,408.8796265929893,990.1431295792414,20.50472782023355,25.21335545150041,20.297673717890813,1
555,69,224,737.5557741176226,598.2902815131106,598.2902815131106,1116.3354732795397,4.077615650000455,4.758454287098891,4.1278558733504065,1
556,69,264,742.949333813944,241.38189445255887,241.38189445255887,819.8851396377164,4.959146621581085,4.865147023250291,4.943534184127652,1
557,69,304,754.6363423142284,404.70682691026195,404.70682691026195,950.299608799165,23.308592271879327,25.732121428580605,23.36255879195532,1
558,69,344,737.430314339431,286.1392727740594,286.1392727740594,977.3434355498409,4.082965098512516,4.378767444954522,4.052147412690992,1
559,69,384,763.0750380124364,456.58778605290877,456.58778605290877,977.484208497375,5.655551371801002,6.195793260218534,5.598453090642867,1
560,69,424,758.471916347066,335.70586267178817,335.70586267178817,987.7649433656793,7.0125040321809395,9.496409348787527,6.990962617265542,1
561,69,464,757.0722229589568,274.68917047229843,274.68917047229843,968.3628312556134,4.374095698618719,4.950509067581141,4.351300868862044,1
562,69,504,757.9150614921175,265.30902126508124,265.30902126508124,921.2719848538118,5.239188183351697,8.542293462247516,5.314282696355483,1
563,69,544,776.0728991268234,341.6363811166993,341.6363811166993,1031.9083467212447,24.595150564490787,28.275167879207594,24.53653324930271,1
564,69,584,774.071601699005,333.31586049945133,333.31586049945133,1041.1142511418298,3.244901853039761,4.558963758085582,3.1794883759805233,1
565,69,624,784.6841025334736,375.8752097291241,375.8752097291241,1001.1936775181289,4.2301472472216,5.404907711802371,4.236306323129822,1
566,69,664,775.0872414366203,321.2497403027709,321.2497403027709,912.3787731184062,4.839530877783518,7.07173071798543,4.817343191121593,1
567,69,704,784.2481323516735,326.2802724252881,326.2802724252881,943.4389260751045,5.353564821456293,5.258356288056103,5.368134650671635,1
568,69,744,785.2411382878844,326.06649087876826,326.06649087876826,968.2003293474456,15.215379161268391,25.222734784443286,14.82524042886876,1
569,69,784,792.5631620229753,430.09062731952065,430.09062731952065,1047.8732649333383,3.5323814881708646,4.392245621183121,3.4792723539421386,1
570,69,824,792.0542688970486,726.0869892909384,726.0869892909384,1191.6992971782774,29.135848728420147,30.239104229331115,30.635849172135412,1
571,69,864,792.0815672085787,392.0373418658876,392.0373418658876,1068.725577801727,17.736386555468613,29.927049989449152,17.518048192721405,1
572,69,904,785.1453414490627,327.8901421403107,327.8901421403107,955.6930503204845,5.752035568669546,6.196971931477052,5.469052394984307,1
573,69,944,787.6165999461574,352.9589452052052,352.9589452052052,1020.3924077951071,12.693315609179884,15.845062250223648,12.633568179777745,1
574,69,984,779.494232864706,269.1969975938036,269.1969975938036,932.8661281128335,2.9193623933091284,3.8861096338294985,2.9094905220746945,1
575,69,1024,719.6772717280521,189.9895984676673,189.9895984676673,890.6243955554337,5.773955461221758,5.799826548636114,5.763440592382008,1
576,69,1064,759.7669201432911,201.49911030821832,201.49911030821832,893.8673910421808,3.942067988904183,4.499830409857351,3.9205687054783245,1
577,69,1104,799.8126799136487,486.2395771843487,486.2395771843487,1044.036289499815,18.07334094540291,28.122221715395877,18.192973946002255,1
578,69,1144,757.3283410379485,198.74707529030366,198.74707529030366,889.9692477297381,4.106466213224825,3.9658858328562863,4.1143570374016045,1
579,69,1184,686.6385263293166,145.94435845929968,145.94435845929968,743.8781529799218,7.176646531189986,9.584452904773478,7.355265901092951,1
580,69,1224,791.5991575451171,343.4201978727408,343.4201978727408,1032.9320242804597,4.403033143983214,7.073233951701251,4.418293261530417,1
581,69,1264,802.274751398449,622.9929301133129,622.9929301133129,1034.3730582323446,12.979924872743878,35.09950750809227,19.603741485936066,1
582,69,1304,795.3224094437536,683.9004204100752,683.9004204100752,1157.5546747479143,8.134785671747949,8.914131335126369,8.292360710396252,1
583,69,1344,800.4013221868811,618.6410472823524,618.6410472823524,1209.1803740748364,13.628792531969237,12.728821221342502,13.865865666790391,1
584,69,1384,789.3870070284206,373.6982129823973,373.6982129823973,993.3515477917442,9.801103463787019,10.731308430010731,9.820589126418602,1
585,69,1424,783.9113375532579,282.48551005442175,282.48551005442175,956.6912282196423,21.96402788557371,26.690307356751838,22.09732540903209,1
586,69,1464,724.5967418952835,167.36906581256108,167.36906581256108,875.0944288927589,11.23989360563349,30.227961522612485,11.371166210540531,1
587,69,1504,673.4722805357871,152.54646402920935,152.54646402920935,815.9297286741155,4.940693396422683,7.121786079245794,4.940308325264223,1
588,69,1544,772.7544423274368,302.8818483522446,302.8818483522446,986.8969351993067,8.10112718163012,9.071683227636425,8.06441860662678,1
589,69,1584,782.196016709615,655.3373502517384,655.3373502517384,1206.3779588504722,23.111443587379664,29.663069908184568,23.431075695441738,1
590,69,1624,765.582360724154,425.4924676980048,425.4924676980048,926.0670671587086,3.7850142310308197,4.889614364313959,3.7970103380162588,1
591,69,1664,776.8256669178916,433.87988742538755,433.87988742538755,1024.7053604793973,51.29453822207334,85.59521754443114,58.41372391023049,1
592,69,1704,759.9346476886384,275.95304005135097,275.95304005135097,941.8668063015034,4.141669664574016,4.256903594334874,4.1632719692729765,1
593,69,1744,736.5231608053173,200.99736104955554,200.99736104955554,881.7220089086504,3.6267670031656163,3.716097725232067,3.6255567044864714,1
594,69,1784,761.3388753883307,321.01095321741155,321.01095321741155,969.9424102948976,20.890055636742392,26.20223791785186,20.386569808266916,1
595,69,1824,747.6951063758205,251.49019295514765,251.49019295514765,898.7697796676623,2.5906048165747846,2.4651261488730323,2.5986586396884563,1
596,69,1864,741.158017312607,323.46127084517786,323.46127084517786,971.8003762177241,5.960849077442916,5.967454901209183,5.927046260250401,1
597,69,1904,738.4985863684935,304.5716225838386,304.5716225838386,928.1860734220497,6.770407197275807,7.170425209867343,6.809950073085917,1
598,69,1944,734.4773728478164,291.6262689389175,291.6262689389175,873.9080199960326,4.359397135086141,4.217211035284853,4.2897058708684295,1
599,69,1984,719.7405797818852,317.2030436910238,317.2030436910238,895.3739806767912,7.429415673323892,8.082364136170673,7.509186700870169,1
