order,pair,npix,width,dv_ms
58,01,2033,0.4254453511140698,60.57809628083254
59,01,2036,0.3984239621365445,50.91875462195457
60,01,2035,0.3995579841009732,63.71472445384521
61,01,2036,0.39613046450831907,42.9585568063167
61,12,1026,0.6820353518479295,-28.723815394243438
61,02,1026,1.0537559471787168,18.185833963980535
62,01,2035,0.4160110468145035,50.18255240067213
62,12,1294,0.8467165544114095,-25.26512866317088
62,02,1294,0.9513244689567072,20.834825601276503
63,01,2030,0.41687118300245823,48.05472218001351
63,12,1489,0.7424241024399896,-17.48832659318425
63,02,1489,0.781714188487578,25.701752797572954
64,01,2026,0.4005740998457005,48.00375234335479
64,12,1542,0.7686871063633379,-27.3836644195502
64,02,1543,0.8324202987561518,19.140519204504756
65,01,2018,0.43941655503380206,45.39270809375253
65,12,1760,0.8907512528848733,-27.39779598472397
65,02,1761,0.8462330745530909,14.30225517520046
66,01,2030,0.42689430322353833,41.76290929889354
66,12,1899,1.0342089365396803,-34.38362674657593
66,02,1901,1.0273466251265233,6.6206421344896365
67,01,2024,0.43374829042552765,39.46371274656477
67,12,1968,1.20088414328196,-40.05374711865464
67,02,1971,1.1267464355211498,-1.0816222460616183
68,01,2022,0.43306110036468165,43.5793839072506
68,12,2007,1.4408856069554743,-38.24249427964356
68,02,2008,1.3429943178240893,3.8311917618307456
69,01,2028,0.4352404616046861,37.02388591617499
69,12,2027,1.5686458791655205,-37.67224249637261
69,02,2024,1.417667658953076,-1.9126541904106034
70,01,1917,0.4379003784013502,36.3196035951312
70,12,1913,1.7364169286345525,-39.51480543173068
70,02,1914,1.6877456633629233,-3.542992034383915
71,01,2020,0.44790458094050895,35.434375234190696
71,12,2025,1.627213905269173,-32.97272039824055
71,02,2020,1.604159558892731,0.6073667632365312
