chunk,order,kernel,solver,dv_vs_truth,rms_vs_truth,recon_chi2,recon_bias
0,58,gauss,fork,2.0509386652437733,0.010302925812083762,43.50568158263231,4.264072334248992
0,58,gauss,adjoint,2.0509386652443498,0.01030292581208389,43.50568158263239,4.264072334249
0,58,skew,fork,-11.791061777861083,0.011528002350274538,33.270906679474024,3.9885481691710023
0,58,skew,adjoint,-7.551823181928216,0.011215164634571352,33.388899004116624,3.989168712757582
3,58,gauss,fork,23.87379607694644,0.00728991920948212,5.54711862027684,1.72391062969473
3,58,gauss,adjoint,23.873796076953372,0.007289919209482117,5.547118620276809,1.7239106296947309
3,58,skew,fork,-11.92928629686544,0.009495479102573028,4.354800145316796,1.6106617464292974
3,58,skew,adjoint,9.797224682914777,0.008922979146859985,4.299348626704392,1.6025832249273018
6,58,gauss,fork,-49.37755481871408,0.003909740516530905,0.5268851888931361,0.7576085214961302
6,58,gauss,adjoint,-49.37755481873127,0.003909740516530899,0.5268851888931398,0.7576085214961388
6,58,skew,fork,-52.14839345057045,0.004798926810285099,0.5454739885009534,0.7087461439746701
6,58,skew,adjoint,11.95116708871726,0.004505788705773679,0.5351279039503508,0.6801162506116849
9,58,gauss,fork,73.14458237076148,0.003501428349657485,0.9575382795902712,0.8785592905095445
9,58,gauss,adjoint,73.14458237075995,0.0035014283496574605,0.9575382795902504,0.878559290509534
9,58,skew,fork,59.13959160502148,0.0035003052576249127,1.0948209395623818,0.8308804466356217
9,58,skew,adjoint,91.33408553678927,0.0037495786419518592,1.0826336804559304,0.8431054091217132
12,58,gauss,fork,5.920311699683964,0.00408746583088355,1.436977145332755,1.0887232601450054
12,58,gauss,adjoint,5.920311699690177,0.004087465830883624,1.436977145332808,1.0887232601450179
12,58,skew,fork,-17.27512339212777,0.005853520839508795,1.223507408154008,1.0575367451013176
12,58,skew,adjoint,-0.05687937244848244,0.005572652668708904,1.199298182346882,1.050938372327985
15,58,gauss,fork,28.63702244464055,0.004430988035905337,1.0771046392553683,1.153199334725661
15,58,gauss,adjoint,28.637022444640174,0.004430988035905408,1.0771046392553434,1.153199334725664
15,58,skew,fork,35.98092696680371,0.004826700528543258,1.1751234209639367,1.1997768733068672
15,58,skew,adjoint,60.12430856146771,0.004688337613525598,1.1744852552723402,1.2096848841714005
18,58,gauss,fork,-65.57475490974355,0.002380973356916271,0.5240485282354523,0.7176062317245877
18,58,gauss,adjoint,-65.57475490974349,0.002380973356916222,0.5240485282354361,0.7176062317245662
18,58,skew,fork,-39.16394216743622,0.00318726279953888,0.5749110278170854,0.6676535750891366
18,58,skew,adjoint,6.089381836493026,0.0030680133637121685,0.5807371315629923,0.658606162801223
21,58,gauss,fork,46.21590077753385,0.0029095514622417564,0.40068240490422785,0.48340801205503925
21,58,gauss,adjoint,46.215900777530365,0.0029095514622417508,0.40068240490422,0.48340801205505135
21,58,skew,fork,-64.3125577177448,0.002140654199386851,0.43394356373313164,0.5248968035124398
21,58,skew,adjoint,37.196646674137504,0.002089770131736935,0.4453986990347751,0.5174650199550015
24,58,gauss,fork,-37.27823574681074,0.0024502044227830574,0.957173228215404,0.8455859174725763
24,58,gauss,adjoint,-37.2782357468101,0.0024502044227830773,0.957173228215415,0.8455859174725797
24,58,skew,fork,-14.883610533097231,0.0021836569514824167,0.7426516484490191,0.7332725229364366
24,58,skew,adjoint,-16.057428956780104,0.002214891859269101,0.7414119510557482,0.7353208338071204
27,58,gauss,fork,175.9578299441413,0.0023776060862407953,0.41958723868218095,0.7139830082158218
27,58,gauss,adjoint,175.95782994413054,0.002377606086240748,0.41958723868217984,0.7139830082158425
27,58,skew,fork,48.2973046103165,0.0022742139298304754,0.5788985719211086,0.645565490083861
27,58,skew,adjoint,97.38275980914308,0.002299165500969408,0.5562874517268985,0.6561271626990662
30,58,gauss,fork,-8.369817032485486,0.003419306633224209,2.8661238340529436,1.400514722974055
30,58,gauss,adjoint,-8.369817032486582,0.003419306633224234,2.866123834052836,1.400514722974034
30,58,skew,fork,6.842030183197254,0.003596636441886326,2.8875333738685622,1.2328789066480297
30,58,skew,adjoint,14.134931606182615,0.0035630008973230394,2.867262707704569,1.235456061007531
33,58,gauss,fork,29.330514331593374,0.00820412994863336,4.931257844964249,2.012508391046554
33,58,gauss,adjoint,29.330514331595086,0.008204129948633144,4.931257844964305,2.0125083910465698
33,58,skew,fork,-10.911764387435618,0.008870122426845185,3.782180548726354,1.7224221742580854
33,58,skew,adjoint,-0.5892976640535366,0.008696605694879744,3.722057693424953,1.7110949658717927
36,58,gauss,fork,-4.92395166985492,0.005128809232745467,2.754784296187293,1.240427062437226
36,58,gauss,adjoint,-4.923951669850855,0.005128809232745384,2.7547842961872595,1.240427062437225
36,58,skew,fork,-50.16397555888818,0.005459404693162694,2.3939079227991487,1.2363094648977042
36,58,skew,adjoint,-24.4366270806088,0.005339698096119779,2.36754881465653,1.229041178397947
39,58,gauss,fork,-18.265756757504864,0.004734171801851558,4.307837849482703,1.8305312258961663
39,58,gauss,adjoint,-18.265756757502114,0.004734171801851556,4.307837849482651,1.8305312258961646
39,58,skew,fork,21.893670965034982,0.004208199358085741,3.5297944114726705,1.5601839337808197
39,58,skew,adjoint,28.733932406736276,0.004510712781259808,3.535300911381438,1.568804386931611
42,58,gauss,fork,-9.67900352229795,0.004989160764783125,2.4337853779283782,1.472748921792626
42,58,gauss,adjoint,-9.679003522296913,0.004989160764783435,2.43378537792835,1.4727489217926237
42,58,skew,fork,-33.03292009056656,0.00571342726493205,1.9168257249486733,1.2517348019445036
42,58,skew,adjoint,-32.575737390434476,0.005391231401656566,1.8881490076134575,1.2365350363930052
45,58,gauss,fork,-0.38958272230425267,0.005757338777098928,3.50139981716845,1.6399462590589402
45,58,gauss,adjoint,-0.3895827223038959,0.0057573387770988305,3.5013998171684584,1.639946259058946
45,58,skew,fork,5.825684877064224,0.006372843335406159,2.755611152835972,1.3197660933555684
45,58,skew,adjoint,16.241649795460738,0.006293741906106186,2.7525735662072583,1.3291359966340048
48,58,gauss,fork,-2.1194312014838985,0.004523376915579583,0.9722082151427026,1.1041838949370462
48,58,gauss,adjoint,-2.119431201491615,0.004523376915579454,0.9722082151426867,1.1041838949370435
48,58,skew,fork,-82.24311269381755,0.0036042206292536917,1.1752935724207603,0.8937095482138797
48,58,skew,adjoint,-48.54278020484712,0.003478199256759226,1.1681424988832099,0.8629450515996842
251,63,gauss,fork,9.129776626056916,0.0055153007340013665,5.72674194097025,2.2083425555898866
251,63,gauss,adjoint,9.12977662606052,0.0055153007340014125,5.726741940970287,2.208342555589895
251,63,skew,fork,15.829190290796141,0.005279881188442973,4.481997422694936,1.9510894624086033
251,63,skew,adjoint,14.154931998233383,0.0054306653968330554,4.487101015351609,1.9515398829473607
254,63,gauss,fork,2.3173819504381226,0.007997555866337436,23.816196999389273,3.26510228204973
254,63,gauss,adjoint,2.317381950436652,0.00799755586633735,23.816196999389042,3.265102282049714
254,63,skew,fork,2.761038097604436,0.007958022275487326,18.893270881397804,2.9850494849174103
254,63,skew,adjoint,4.592924423818635,0.007861369101984808,18.911253595793134,2.9866481501209003
257,63,gauss,fork,94.88468723588508,0.001983731437530611,0.47612082143777856,0.7562967558180613
257,63,gauss,adjoint,94.88468723589652,0.0019837314375306205,0.47612082143778034,0.7562967558180425
257,63,skew,fork,-6.044720819371573,0.002720214533159638,0.6799005283428367,0.6294317597744302
257,63,skew,adjoint,-0.12098910936076754,0.002650331097304089,0.6750548710841833,0.6253390921310732
260,63,gauss,fork,-14.432962951081766,0.005047580371481369,3.834747099529511,1.869720419959954
260,63,gauss,adjoint,-14.432962951077549,0.00504758037148119,3.834747099529511,1.8697204199599535
260,63,skew,fork,-12.611037907847143,0.004411203656382983,3.3274118428760118,1.5580185567077989
260,63,skew,adjoint,-7.108320361238394,0.004662979296881637,3.360519587007039,1.5645542738568865
263,63,gauss,fork,48.38131428714216,0.004634803958834507,1.452000304187116,1.0589726466793548
263,63,gauss,adjoint,48.38131428714678,0.004634803958834394,1.4520003041871221,1.0589726466793468
263,63,skew,fork,10.79971806388632,0.006141449852073632,1.1276864824559913,1.0921847592684866
263,63,skew,adjoint,28.353118584794398,0.005844645886106475,1.1072933848271322,1.0801680310440402
266,63,gauss,fork,-30.00306355604064,0.0036676604239797377,3.0454339400276256,1.3930247293641815
266,63,gauss,adjoint,-30.003063556037457,0.003667660423979734,3.0454339400276558,1.3930247293641829
266,63,skew,fork,-55.09343028379482,0.004858783588318752,2.7108413429645286,1.6005628587611629
266,63,skew,adjoint,-56.57414043104983,0.004600896611278117,2.7218940544090935,1.6007956274577546
269,63,gauss,fork,-18.647516136890907,0.0061669650735482915,6.608334566833827,2.3467367169444993
269,63,gauss,adjoint,-18.64751613688889,0.006166965073548309,6.608334566833807,2.3467367169444966
269,63,skew,fork,6.2407249077699705,0.006099162496955436,5.863674196582475,1.949142740764074
269,63,skew,adjoint,8.147695151197166,0.006596008379401817,5.842707250000469,1.960365626985148
272,63,gauss,fork,9.958828329571729,0.006329170423930292,9.605876383866178,2.9441477418247133
272,63,gauss,adjoint,9.958828329569446,0.006329170423930179,9.605876383866192,2.9441477418247137
272,63,skew,fork,3.4841985913996636,0.006375761124319625,7.574551465746161,2.475332314956199
272,63,skew,adjoint,3.609825905421507,0.006158804630459842,7.538904987832882,2.471630929313601
275,63,gauss,fork,6.677958845937515,0.008709378103329087,27.4755933673434,2.8075849794984182
275,63,gauss,adjoint,6.677958845936829,0.008709378103328754,27.4755933673432,2.80758497949841
275,63,skew,fork,0.3523107664522601,0.00926395815450964,22.092632907580942,2.2853503112495326
275,63,skew,adjoint,10.190684186435709,0.008530586818032296,21.910796775488986,2.2752651202980245
278,63,gauss,fork,-0.7971813799855438,0.004253913389095375,3.2019734916497002,1.639051461058911
278,63,gauss,adjoint,-0.797181379987893,0.004253913389095461,3.2019734916496985,1.6390514610589078
278,63,skew,fork,14.168053749278306,0.005542227601796977,2.8664685403717796,1.50304002835179
278,63,skew,adjoint,13.152251614317347,0.005099193959128966,2.850259399225826,1.4950665446291036
281,63,gauss,fork,6.965191634706902,0.004090121767808436,3.575355730145629,1.732782160688501
281,63,gauss,adjoint,6.965191634706209,0.004090121767808566,3.5753557301456924,1.7327821606885105
281,63,skew,fork,10.921631178310102,0.003974983396033494,2.9723511922133556,1.6657215509394359
281,63,skew,adjoint,9.510234400806876,0.003983940592089917,2.9508339631460054,1.671249068249681
284,63,gauss,fork,-25.681360946958247,0.0022201035420077297,0.3768239966731911,0.7210634310911073
284,63,gauss,adjoint,-25.681360946958367,0.0022201035420076594,0.37682399667318983,0.7210634310911078
284,63,skew,fork,-178.52110971309364,0.0028893669516314173,0.47659214081217804,0.9208174798990171
284,63,skew,adjoint,-157.40932992155214,0.002812969369626624,0.46740808629678676,0.9119225833738126
287,63,gauss,fork,12.051734560451303,0.002560497174305829,0.7782398515026143,0.809415121410544
287,63,gauss,adjoint,12.051734560455838,0.002560497174305852,0.7782398515026325,0.8094151214105421
287,63,skew,fork,29.74036110371891,0.0024562284287931355,0.5540022764786039,0.6157372923239187
287,63,skew,adjoint,60.35901271300172,0.002524868953969279,0.5451487549201948,0.6212419994959069
290,63,gauss,fork,-2.234486437167855,0.006460910303599596,17.035463794494195,3.0845692634769537
290,63,gauss,adjoint,-2.2344864371730857,0.006460910303599836,17.03546379449437,3.0845692634769564
290,63,skew,fork,1.0246258748374126,0.008000796451168076,13.528637774415506,2.9359935340878085
290,63,skew,adjoint,2.9298183664319297,0.0080687012104387,13.529909518432493,2.9393328102674916
293,63,gauss,fork,1.5061436196046623,0.005436270091196072,12.359419455715647,2.20585770421601
293,63,gauss,adjoint,1.5061436196024218,0.005436270091195997,12.359419455715662,2.2058577042160055
293,63,skew,fork,-1.9827373504548949,0.006285529302419984,10.0363981804095,2.388448134145571
293,63,skew,adjoint,1.2640222779415624,0.006035552219426833,10.018391687370107,2.3843611375006324
296,63,gauss,fork,10.418392105699146,0.004670434832582271,4.910600347682237,1.8378287912986577
296,63,gauss,adjoint,10.41839210569885,0.004670434832582327,4.910600347682357,1.8378287912986724
296,63,skew,fork,18.061882192816196,0.00476011970030128,3.9988605042583956,1.4839196343732963
296,63,skew,adjoint,17.395632575384532,0.004772446796148352,3.981288519686141,1.487474124167396
299,63,gauss,fork,29.5303946667215,0.002961187141563578,1.2543112360125064,1.1568481456477648
299,63,gauss,adjoint,29.530394666723254,0.002961187141563486,1.2543112360125117,1.1568481456477502
299,63,skew,fork,49.75820708810114,0.003292433939124014,0.9420889086339501,1.00754219716601
299,63,skew,adjoint,56.73174500596661,0.0031701948024067577,0.9500678278335777,1.0076014017090638
552,69,gauss,fork,-5.7541559386870045,0.005567234489056127,38.242457641656436,2.705418889868464
552,69,gauss,adjoint,-5.7541559386862104,0.005567234489056218,38.24245764165652,2.7054188898684663
552,69,skew,fork,-11.897708629765015,0.006845076008308188,30.739245201007453,2.7461310470840745
552,69,skew,adjoint,-10.562985275177448,0.006792302693935188,30.792402205589212,2.7434376847903237
555,69,gauss,fork,-0.16909475227017962,0.00928294074505468,75.59860312329297,4.82948217951112
555,69,gauss,adjoint,-0.16909475226899942,0.00928294074505486,75.59860312329333,4.829482179511118
555,69,skew,fork,5.671203365951114,0.010045451643229477,60.34813289497794,4.523714127074471
555,69,skew,adjoint,5.524108588700197,0.00986058312778228,60.23049421844017,4.523252010723431
558,69,gauss,fork,-4.722713635032374,0.010722062512564488,94.25634553554917,5.513911013594533
558,69,gauss,adjoint,-4.722713635031858,0.010722062512564417,94.25634553554903,5.513911013594525
558,69,skew,fork,-11.870845190580813,0.010795605833805053,75.74312255197195,4.997851953426591
558,69,skew,adjoint,-12.176629291727842,0.011016651744000058,76.03148544507046,5.003698851455436
561,69,gauss,fork,-4.247310092112502,0.008236000748378504,33.44457831301791,4.021011072450788
561,69,gauss,adjoint,-4.247310092110015,0.008236000748378417,33.44457831301763,4.021011072450773
561,69,skew,fork,-0.04540120160217735,0.008863899146802138,26.240967075285717,3.470662654155879
561,69,skew,adjoint,-1.8047476783125487,0.008811226982574452,26.138020234530238,3.464910110239277
564,69,gauss,fork,-11.533830005032822,0.007088443839844178,52.11584158330304,3.30694026243172
564,69,gauss,adjoint,-11.533830005037272,0.007088443839844382,52.11584158330298,3.306940262431703
564,69,skew,fork,-14.013934743578329,0.007108920223705032,41.758156246352804,3.1632890760718424
564,69,skew,adjoint,-13.952213489368257,0.007225418197600092,41.86304471179862,3.1713865930168796
567,69,gauss,fork,0.5295413929833027,0.007905010613841556,31.53009987815333,3.702448271938698
567,69,gauss,adjoint,0.5295413929801978,0.007905010613841568,31.530099878153568,3.702448271938717
567,69,skew,fork,4.555284501794941,0.00836816498534681,25.07401217640038,3.2847032716154416
567,69,skew,adjoint,6.324267960841177,0.008383612163937607,25.016835261896198,3.2847541605111057
570,69,gauss,fork,16.820014662664924,0.002696174607971965,0.8561281884490896,1.0908565344325722
570,69,gauss,adjoint,16.820014662662537,0.002696174607971966,0.8561281884490844,1.0908565344325907
570,69,skew,fork,10.395317196685733,0.0031419398210157947,0.789703668979884,0.9245852683771187
570,69,skew,adjoint,25.404692730462703,0.0033024809025603927,0.7912569015645946,0.9292979985365111
573,69,gauss,fork,1.5513987004715968,0.004662787632628349,4.743060683569441,1.8313946438124928
573,69,gauss,adjoint,1.5513987004711547,0.00466278763262828,4.743060683569345,1.8313946438124757
573,69,skew,fork,-4.225501625709954,0.00515927306083129,3.8141312134073644,1.6053405212862546
573,69,skew,adjoint,-4.354345104614874,0.005059883484773252,3.8106879596325163,1.6024468827729879
576,69,gauss,fork,1.8328296021325607,0.0074356438054507265,46.764351095386715,4.085446597036625
576,69,gauss,adjoint,1.8328296021332737,0.007435643805450847,46.76435109538679,4.085446597036629
576,69,skew,fork,-2.9816863764632093,0.00837469806619303,37.25707956562831,3.6948466103456274
576,69,skew,adjoint,-2.6763588767423316,0.0081662030756266,37.334683266877434,3.694730858942271
579,69,gauss,fork,-19.645007498288383,0.003156878134624779,30.08650627913186,2.5880563647397605
579,69,gauss,adjoint,-19.64500749828974,0.0031568781346251354,30.086506279131804,2.5880563647397525
579,69,skew,fork,-23.36652577347482,0.004547338625384252,27.38302086081967,2.7065278033306384
579,69,skew,adjoint,-15.520825490067585,0.004100609903801412,27.323001799425963,2.665197030735308
582,69,gauss,fork,13.355942295264628,0.005627841429016196,11.24653178221133,2.5040211533162915
582,69,gauss,adjoint,13.355942295269353,0.005627841429016141,11.246531782211372,2.5040211533162946
582,69,skew,fork,11.95891363887503,0.005335394514416866,9.261720313091802,2.2246197873252185
582,69,skew,adjoint,13.617197552870245,0.005263419334916402,9.229542859378219,2.2217724604727045
585,69,gauss,fork,55.27390133880281,0.003949821202704057,1.1041683311891917,1.207840664687463
585,69,gauss,adjoint,55.273901338806716,0.003949821202703917,1.1041683311891586,1.2078406646874673
585,69,skew,fork,-15.655644757461799,0.0036486736974390825,0.9669581499960829,1.0308279534008111
585,69,skew,adjoint,-6.695527748665703,0.003614157432067621,0.9410061034916574,1.0255169179074144
588,69,gauss,fork,-0.7392103698511744,0.005322927218374966,15.211780478852654,2.597766366375195
588,69,gauss,adjoint,-0.7392103698540825,0.0053229272183748025,15.21178047885281,2.597766366375202
588,69,skew,fork,-5.420952258335568,0.005730297676519462,12.148813136003225,2.454758640066584
588,69,skew,adjoint,-5.848398515430255,0.005502671859867888,12.220449900386669,2.453661364218702
591,69,gauss,fork,-96.83115114454444,0.0022299177922069074,0.4424404131505815,0.7977979263468689
591,69,gauss,adjoint,-96.8311511445376,0.0022299177922068835,0.4424404131506166,0.7977979263468791
591,69,skew,fork,-123.01116891802933,0.003098034337409391,0.7339080640575573,0.772169888530762
591,69,skew,adjoint,-101.06977699068318,0.0028366686829727986,0.7315188858101026,0.7611795232886194
594,69,gauss,fork,14.503593254515346,0.002702183847727504,0.9575658737766648,1.0809632212106461
594,69,gauss,adjoint,14.503593254513847,0.002702183847727555,0.9575658737766772,1.080963221210659
594,69,skew,fork,-44.56429603062149,0.0034085203411368427,1.0555927247885522,1.1628568294980595
594,69,skew,adjoint,-26.597368068994427,0.0031408584089996656,1.0338570936931508,1.1554196252461597
597,69,gauss,fork,1.7070044176926165,0.006858158682761214,24.336566089257136,3.1779132858648276
597,69,gauss,adjoint,1.7070044176923815,0.006858158682761175,24.33656608925716,3.177913285864825
597,69,skew,fork,-6.966222625622325,0.0055260424675876475,20.630524863823005,2.8378461153305437
597,69,skew,adjoint,-5.873545795258464,0.005482899400452162,20.627447260300077,2.8349643762810914
