osample,chunk,order,chi2_meas,ew_ratio,min_obs,min_dec
1,0,58,3.7650561564942064,1.0006942670344385,0.37990882686730504,0.23115610966355293
1,1,58,0.7204238012805533,0.9997737955657863,0.8983676791704104,0.8808722511491838
1,2,58,1.3484851822300452,1.0003234154977247,0.9043065308582112,0.8883391879440096
1,3,58,2.2851912638274205,1.00098857898991,0.6672842857165681,0.5034123578491072
1,4,58,1.155685908621452,0.9758438888781701,0.8752458027770853,0.9116353664015137
1,5,58,1.0485697915418657,1.0155511361545444,0.7355629699013554,0.6509910616653467
1,6,58,1.9686280296176466,0.9989362390698808,0.9007580967907851,0.886256154828143
1,7,58,2.046294662632273,1.0049441657049736,0.740920168420192,0.6643816535739387
1,8,58,2.453497182004761,0.9981007450351164,0.9392107599066619,0.9286329159565784
1,9,58,1.494040975384229,0.9986858387568539,0.8677061571097572,0.835344665111289
1,10,58,1.6003200977662209,0.9984531639470229,0.9238289273767071,0.9154236625244161
1,11,58,2.215830510034082,1.0006797607853906,0.3674952494358156,0.2291889124333927
1,12,58,3.0188866150817675,0.9982954833448513,0.7693261603283637,0.6973585157640493
1,13,58,1.1552357437433372,0.9998630514824745,0.8690628645666912,0.8305066515937573
1,14,58,2.364577037587447,1.0002264052762317,0.6821569051724368,0.5669280225472219
1,15,58,1.1077905360560472,0.9999653502992242,0.8482178706926815,0.7865234199540369
1,16,58,1.9301922446984103,0.9993750974435637,0.8368738612470221,0.7900341433032152
1,17,58,0.6913616934524277,1.0040739065657815,0.9300780595679105,0.9226697749599857
1,18,58,2.0817000840806474,0.9965641928901332,0.9067574899968021,0.8951358548963427
1,19,58,1.8663504760557266,0.9974849441320016,0.4815341798718591,0.3333760212444383
1,20,58,1.4180898848589711,1.0012903965867688,0.40201173345187974,0.28869856710478453
1,21,58,1.4987251188517845,0.9975153815081821,0.8116583331495818,0.8089125240209031
1,22,58,2.708766386201695,1.0011645517819827,0.5216591137772835,0.3269013482893593
1,23,58,1.0138291931163894,nan,0.9721263451164658,0.9709371461409151
1,24,58,2.349278042523487,0.9981025673425324,0.8577321463659813,0.8211181504043096
1,25,58,2.1806828763450348,1.0448766271119954,0.7577133275736088,0.7078711065253286
1,26,58,1.4613191022255445,0.9382288688630681,0.858043603873616,0.805247113719724
1,27,58,1.0056866810800695,0.9974230091241069,0.943298848753453,0.9304748676009048
1,28,58,3.1593590149111264,1.0006561308971458,0.7061024304939283,0.5566736341770147
1,29,58,2.5144620114482423,1.0010336107514293,0.8384690352697336,0.8079683273906672
1,30,58,1.1237359930172788,1.0037200954141376,0.7349770724653066,0.6652154292707887
1,31,58,1.7849912837152624,0.9969019226284842,0.73861402036148,0.5799495224576269
1,32,58,1.3747446697892902,nan,0.9564668778096346,0.9404292382609655
1,33,58,1.6654686309971427,1.0097557421318732,0.7104342269294547,0.5837576469307871
1,34,58,10.256586464525649,0.9981927091463801,0.31127953313258644,0.22650673417528616
1,35,58,1.4580217669791349,0.9987203536682231,0.6852449596851459,0.5831344703880794
1,36,58,1.5255789338074985,0.9495626751260772,0.7853074374466357,0.6963438266233406
1,37,58,1.8870032661837766,1.1144668274872764,0.709347053764501,0.5765233678563859
1,38,58,1.8501575878367857,1.0051576793973958,0.5355231145784639,0.4032310421328857
1,39,58,1.2758190032495065,0.9935804945231166,0.6647636154153997,0.5797508437218423
1,40,58,1.0567072594567106,0.9960574714339951,0.944312581555046,0.9359442660778275
1,41,58,1.6428419371478198,1.0018587076586862,0.6774971785625167,0.5571046182224064
1,42,58,0.5171683900630453,0.9993473516635923,0.7689585015918555,0.6784460941429771
1,43,58,1.2983858988835044,1.000793069520451,0.6888492849364165,0.5499040498314436
1,44,58,0.8806828550445618,0.9998859030291991,0.9395783661979942,0.9347250088551547
1,45,58,1.3257603010571795,0.9988113801605741,0.7149056022017419,0.5713025547266873
1,46,58,0.799371353895897,1.0000805901843943,0.9549763621769962,0.9520109351422545
1,47,58,1.526834751461062,0.9998825911536033,0.8772642448804512,0.8656208783128572
1,48,58,1.121786362144188,0.9999193778844356,0.834261408203745,0.792721191092685
1,49,58,3.5696702137125293,1.0012760566776302,0.7247911609289731,0.6456221283240472
1,250,63,1.7598241901953409,1.001602072173624,0.6585819015661003,0.5487016281518075
1,251,63,5.1483045897413815,1.0000792718156954,0.729712407152901,0.6797587327088093
1,252,63,0.5553923687958552,0.996856525011745,0.922920730539913,0.9055540940769428
1,253,63,1.458087212530559,0.9994137445097822,0.6363555998943964,0.5041534750705744
1,254,63,1.3438115454282298,1.0009523047223368,0.4763126773824117,0.3590572545081046
1,255,63,2.7089141270856483,1.011267123870683,0.8445925160927815,0.8216650340819869
1,256,63,0.7361469310551636,0.9933895303917243,0.8766383675194145,0.8490678916645363
1,257,63,1.553758262980598,nan,0.9708899221650815,0.9672995691732764
1,258,63,0.6895121801785793,0.9997811572200189,0.9219073833524093,0.9194095634670186
1,259,63,2.301245361800796,1.0010484869415137,0.5577618020071213,0.4410879623377451
1,260,63,0.26516287825679324,1.0042366643289296,0.7221306711418061,0.627980689784957
1,261,63,0.8932645188811984,0.9977740896546772,0.6837750636577036,0.6142482007666064
1,262,63,1.0225835062862014,0.9978080148121782,0.6304667848626847,0.5352259885373359
1,263,63,0.9869595502430019,0.9929288782954042,0.829184099951432,0.7857672065795769
1,264,63,1.0027178494364166,1.0048975317101276,0.6682689824410856,0.5851908006060481
1,265,63,1.7014270004107885,0.998323854887655,0.7539390758583723,0.7163682507673255
1,266,63,0.23383455200399955,1.0091504090541403,0.7412523938692117,0.6785244901535193
1,267,63,0.800445025206392,0.9901773175784987,0.871776395904784,0.8504991972685113
1,268,63,0.6582707037007887,0.9872573589666668,0.9078966460642998,0.8899815613778826
1,269,63,1.4194463208220605,1.0018089566064101,0.7374607180006166,0.6696986477244758
1,270,63,1.17747257846512,1.0007845542959186,0.8078735193221036,0.74897018198636
1,271,63,1.3607864003346013,0.9975306890233542,0.7979196575006496,0.743116946972746
1,272,63,0.7312360918555311,1.0043000213854651,0.6558080079985753,0.5820892373058144
1,273,63,0.7083484245770045,0.992363054736467,0.5671949045786221,0.4805398462804249
1,274,63,1.8422342709790784,0.9886961515360437,0.5435676607605474,0.45241704923540954
1,275,63,1.2048980746676101,1.0058530149300933,0.3788246516293876,0.2789848219394125
1,276,63,2.0272167460365766,1.0009797879124818,0.8244969778362995,0.7771832837418345
1,277,63,11.903617374625982,0.9998686995681686,0.6511419510303074,0.5782663886917218
1,278,63,0.7140835315578005,1.0015359343718757,0.7328151535297058,0.6650508010418236
1,279,63,1.1153422244932345,1.0031319027524983,0.7477163669699937,0.7037589237129863
1,280,63,0.7815886185451898,1.000125421928597,0.7681862936256318,0.7030128656748731
1,281,63,1.4926043012764507,0.9984257243945612,0.7314807259224474,0.664736800767321
1,282,63,0.923047132671892,1.00630558885753,0.856942430814858,0.8246891923474192
1,283,63,1.9482868162353835,0.9837821159920274,0.8910796874141841,0.8726654227146474
1,284,63,0.7911237097797071,0.9985349492275684,0.9719997780093651,0.9686262437641775
1,285,63,1.1271636689622304,1.0033184317037704,0.7318599524004517,0.6782010653874215
1,286,63,0.4934911748326323,0.995012023635968,0.9312782392266594,0.9307805669058856
1,287,63,0.7941372141441949,1.0024849756429781,0.9217431058447761,0.9072959120073589
1,288,63,2.6564772291596643,0.9982566811245336,0.5850050140866067,0.4893734537060407
1,289,63,0.8855952369527822,1.0015903435797897,0.9281723684891034,0.9180588272442266
1,290,63,1.2912625064964323,1.0011914786626792,0.44685583491794584,0.36295817601184527
1,291,63,0.40078068625829183,1.0002545123931328,0.5865389736235097,0.5064496646726324
1,292,63,0.396013499786816,0.9883629955664411,0.8410981705379202,0.8398005499065571
1,293,63,1.111229461913084,1.0020321607668987,0.5360532771811963,0.46182461729792507
1,294,63,1.3864342774227938,1.0011490957747504,0.3775599295240664,0.2862089433903164
1,295,63,0.6167289925349104,1.0018021926003726,0.7384688527095946,0.6820752889622075
1,296,63,0.88702460193212,0.9976171100698437,0.6864307009755984,0.6017655915267303
1,297,63,0.500682619047863,0.9695270960701545,0.8311600311497174,0.8477739125142487
1,298,63,1.143749652948964,1.0202749207119963,0.6396727664474644,0.5571442328034603
1,299,63,0.6278810871401109,0.9838973769657584,0.8183996314865505,0.8059046378722678
1,550,69,0.5971143127358555,0.9973127154254426,0.5829067781808444,0.47192682926738383
1,551,69,3.2392669883978753,0.9970250904481144,0.4629021072539806,0.35528558700220453
1,552,69,0.7337853204174518,1.0098385454156498,0.32757595299654974,0.24721851350567223
1,553,69,0.9465139001074448,0.9709838672905267,0.8662480708597604,0.8806356276952579
1,554,69,0.9098799661150404,1.0049747194948337,0.832607726923595,0.7832923728305813
1,555,69,2.6717188394360964,0.9996935863952711,0.39952930771573847,0.29588905543087934
1,556,69,0.4789348125288561,0.9996635398055252,0.25032775723517714,0.17978647946568224
1,557,69,0.5163974260871927,1.0030102920656532,0.8600069416776743,0.8154769344453444
1,558,69,0.46168284399455733,1.0000471678486065,0.3383614580698329,0.25646496545338515
1,559,69,0.8884025061103046,1.0024911396350638,0.3652249410772017,0.2526715961294757
1,560,69,0.2769791252156053,0.9987416801640562,0.5856489026693341,0.4498776668812267
1,561,69,0.5136657992893258,0.9883777680452562,0.4342175137605423,0.315441473185627
1,562,69,0.7595598700201571,1.010449880936879,0.4045604266841904,0.2927218092107577
1,563,69,0.9183388587483103,0.9965976064522923,0.8201136840217186,0.7734687176947949
1,564,69,0.7347493895601822,0.9848532732672735,0.3194307488247177,0.2251330680346003
1,565,69,0.6892076183449458,1.011547705822728,0.3556169075566235,0.25220837456041983
1,566,69,0.29592815461296257,1.0035914038328195,0.48356206756610187,0.3697545937686059
1,567,69,0.4030415399592361,0.9983877539355777,0.4811001928514332,0.3644608128715428
1,568,69,0.30068172497067974,1.010427628392825,0.787979574035562,0.760634731196121
1,569,69,1.5105311777113755,0.9970782227838443,0.523606434187551,0.408118787086046
1,570,69,1.5715548264228227,0.9993415219155782,0.9038227400521284,0.8895277889958335
1,571,69,0.8423727349143255,0.9746331622991601,0.8296158278463308,0.8594453474167235
1,572,69,1.7051820312217265,1.0108540431894057,0.314405043397103,0.23188228949235223
1,573,69,0.619417990252193,0.9989261983079349,0.688291871583565,0.6308469522740529
1,574,69,0.31144253842103925,0.9990617674550705,0.3433983925837138,0.26018601387064666
1,575,69,0.39005149989588345,1.000595911853193,0.14977795160702712,0.12689436298603748
1,576,69,0.2780353833508944,1.0006931483020818,0.2503491226505808,0.21713755963190254
1,577,69,0.5880745107148326,1.0201073593088608,0.7314599061942926,0.6659481293062757
1,578,69,0.23067750828004518,0.9945795062833671,0.24769800150339008,0.19921257819372273
1,579,69,0.44278701807119947,0.99783725844052,0.12227576375877232,0.10328092087617176
1,580,69,0.443799895415229,1.0117221502354372,0.43201492788926005,0.3366735139437692
1,581,69,0.9075625156279012,0.9327045435994822,0.8606451567448037,0.8987646602190191
1,582,69,1.293036193348969,1.0230856947547293,0.6041221022296528,0.5153478367352999
1,583,69,1.0663302317418601,0.999650995080553,0.789259330979425,0.7381269239081968
1,584,69,0.5809605305310254,0.9999997015598288,0.628254324084422,0.5419509275205203
1,585,69,1.1759668673352328,0.9998143084910448,0.7662161432788371,0.7380228738815582
1,586,69,0.13607283806002574,0.9983381090317286,0.2575220689602611,0.27202259824153163
1,587,69,0.125836623096734,1.0016744687220918,0.10364648636512319,0.086325824312357
1,588,69,0.9867532336122368,0.9974097290797482,0.533506830060666,0.44072445730993687
1,589,69,3.067052968842451,nan,0.865463093449637,0.8240920943808498
1,590,69,1.8530650635914208,1.0010249687664006,0.36709715678327476,0.2958338659480827
1,591,69,0.6626442442767065,0.9926220628203011,0.946469152398444,0.9380444844171939
1,592,69,0.749011742100281,1.000933203166502,0.24817967505856778,0.1817588986918648
1,593,69,0.47041352636018996,0.9996790136577745,0.231064926790448,0.17551241327448183
1,594,69,0.4201511018563475,0.9989308897381417,0.8492255475190308,0.8186953909762802
1,595,69,0.30907905821748605,0.9998615488574613,0.2727194720999956,0.20034857776866727
1,596,69,0.35823263367040364,1.006505332757007,0.48648920675166607,0.3830754428739886
1,597,69,0.441662457816963,0.9900716151365003,0.4478745868104496,0.3533134012421934
1,598,69,0.5573148025178899,1.0031701284032,0.36860531520123346,0.27891663249714677
1,599,69,0.34566286765542126,1.0002685487341634,0.6525832363754264,0.5724319727820203
2,0,58,25.0813676621225,0.9985654472356498,0.37990882686730504,0.25537115170648644
2,1,58,0.8692479489977887,0.9878798757343323,0.8983676791704104,0.8837805274410176
2,2,58,1.5168726887932786,0.9886703553513482,0.9043065308582112,0.8904762374375453
2,3,58,6.26622992367307,0.9909437923753608,0.6672842857165681,0.5314011565930139
2,4,58,1.4185115280538272,0.9622051332699679,0.8752458027770853,0.9078284073693692
2,5,58,2.7279724162103833,0.9977980914185912,0.7355629699013554,0.6468232618058046
2,6,58,2.225687519513257,0.9877217732267015,0.9007580967907851,0.8824130755506265
2,7,58,3.3779022203465963,0.9938626189402098,0.740920168420192,0.6694022772057758
2,8,58,2.5143201636017416,0.9794057266697382,0.9392107599066619,0.9291373984531535
2,9,58,1.9558738753108862,0.9872576537751111,0.8677061571097572,0.8251655786516904
2,10,58,1.9758517272658012,0.9834779541595873,0.9238289273767071,0.9169482337229735
2,11,58,15.837312438775667,0.9939322283961178,0.3674952494358156,0.2496220090193763
2,12,58,4.026005542762136,0.9894083503933241,0.7693261603283637,0.708608452227632
2,13,58,1.511110756096747,0.9903845454070598,0.8690628645666912,0.8373986386661253
2,14,58,5.639977883404027,0.9925030698898679,0.6821569051724368,0.5673513774654836
2,15,58,1.9491452536230145,0.991156296473328,0.8482178706926815,0.7971125293608042
2,16,58,2.630308638761393,0.9908500469878291,0.8368738612470221,0.7970561243027778
2,17,58,0.7671722952238585,0.9907600075399319,0.9300780595679105,0.9243269400140763
2,18,58,2.328971719863558,0.9763824602466211,0.9067574899968021,0.8965586954901141
2,19,58,15.241512516290545,0.9851058014815406,0.4815341798718591,0.3462469512751856
2,20,58,8.794621444439708,0.9950792469904495,0.40201173345187974,0.30725197779072877
2,21,58,1.604911282717458,0.9807982445767823,0.8116583331495818,0.8102564227881124
2,22,58,15.195683046315056,0.9972054866738145,0.5216591137772835,0.34122419336950416
2,23,58,1.0981640384667803,nan,0.9721263451164658,0.9703580397782285
2,24,58,2.6792648001382875,0.9919331030396928,0.8577321463659813,0.8257773749403392
2,25,58,3.338619705446587,1.0035756587428313,0.7577133275736088,0.7143892492203938
2,26,58,2.315230649615051,0.9165546689291396,0.858043603873616,0.7991228246913922
2,27,58,1.1205505991174884,0.9857327294314089,0.943298848753453,0.9296806267845991
2,28,58,7.58243195857261,0.9914167855040459,0.7061024304939283,0.5654471144576569
2,29,58,3.094548971151657,0.9972399775186176,0.8384690352697336,0.8121305650431496
2,30,58,2.600779725410982,1.0019764232873782,0.7349770724653066,0.6593631325214274
2,31,58,4.853331887035409,0.9964043248268284,0.73861402036148,0.6073420215198277
2,32,58,1.5168210940862117,nan,0.9564668778096346,0.9421737223308532
2,33,58,5.350384490705663,1.0008350822747027,0.7104342269294547,0.6055782949686985
2,34,58,21.72790794575266,0.9907735845110814,0.31127953313258644,0.23457647433273238
2,35,58,3.7777814441155795,0.9874582256331113,0.6852449596851459,0.6005343421282257
2,36,58,3.3950685199904496,0.9298072490212936,0.7853074374466357,0.6883067773679707
2,37,58,5.080935229323953,1.0166636163727258,0.709347053764501,0.5780235185076704
2,38,58,14.982757075911056,0.9978835812094785,0.5355231145784639,0.3889657012992604
2,39,58,3.967115155582229,0.9837654337152518,0.6647636154153997,0.5578090732283322
2,40,58,1.2343307153729661,0.9841386306765182,0.944312581555046,0.9355361962696255
2,41,58,5.646677436168355,0.9947679329479244,0.6774971785625167,0.5177189034479436
2,42,58,2.0531355503790754,0.9932123692273227,0.7689585015918555,0.6750226326192698
2,43,58,3.9515489404618958,0.9933643665752572,0.6888492849364165,0.5727172528569946
2,44,58,0.953767153726532,0.985934417578561,0.9395783661979942,0.9358209250005718
2,45,58,3.7884596123192185,0.9912988632051294,0.7149056022017419,0.5961381044329876
2,46,58,0.8543141325483331,0.9862757088492055,0.9549763621769962,0.9523932822782849
2,47,58,1.942410643702786,0.9881567507422934,0.8772642448804512,0.8689214658955442
2,48,58,1.5514244636162347,0.9880032613325067,0.834261408203745,0.7933452070814347
2,49,58,4.891169135450236,0.9908661167948122,0.7247911609289731,0.6602667799461525
2,250,63,6.670084070341322,1.0009616656380163,0.6585819015661003,0.5714991036653022
2,251,63,8.714930931429286,0.9977716456101837,0.729712407152901,0.6889265432329195
2,252,63,0.7103328716203567,0.9885682847073906,0.922920730539913,0.9091660450983041
2,253,63,6.20287240992455,0.9878918657778891,0.6363555998943964,0.5325998303645906
2,254,63,14.736494697462431,0.9930569108158233,0.4763126773824117,0.3753356780306999
2,255,63,2.787432383677618,0.9853641078978974,0.8445925160927815,0.82532682071322
2,256,63,1.6347906815927655,0.9808612748431426,0.8766383675194145,0.8523939552976609
2,257,63,1.7728851238373833,nan,0.9708899221650815,0.9675071402568327
2,258,63,0.9599221228313274,0.9895300099971007,0.9219073833524093,0.9208254612429343
2,259,63,9.212953960602325,0.9942816907578244,0.5577618020071213,0.46503068801926406
2,260,63,3.0100254487051132,0.9944968946169354,0.7221306711418061,0.6471856146096316
2,261,63,8.199968140162389,0.9903900723989253,0.6837750636577036,0.5947894102813727
2,262,63,7.875196411311324,0.9919167358859099,0.6304667848626847,0.49671449055712447
2,263,63,2.1323273474504214,0.9816891653895933,0.829184099951432,0.7945866137941245
2,264,63,7.8556441108238,0.995122536283431,0.6682689824410856,0.56517428709874
2,265,63,3.7168169704835394,0.9756463530076408,0.7539390758583723,0.728690280063529
2,266,63,2.152962713666871,0.9850237763498109,0.7412523938692117,0.6849716897852826
2,267,63,2.048656289571581,0.9721102645041879,0.871776395904784,0.8546181205252096
2,268,63,1.0783152439721881,0.9755215109404586,0.9078966460642998,0.892419597076508
2,269,63,6.1624366238923125,0.9952812699134136,0.7374607180006166,0.6696498205262905
2,270,63,3.448044346055981,0.9917609228642379,0.8078735193221036,0.7604105118816205
2,271,63,2.8896183402216113,0.9913374575840986,0.7979196575006496,0.7507994833745353
2,272,63,7.999456212169284,0.9981991472663572,0.6558080079985753,0.5680139549226091
2,273,63,9.14716278380983,0.9857662214480658,0.5671949045786221,0.467574943964312
2,274,63,13.875581368418247,0.9765467198677816,0.5435676607605474,0.4593218932299047
2,275,63,18.92518639395536,0.9975992382999458,0.3788246516293876,0.29381437159270807
2,276,63,3.553851890204878,1.0011443194294747,0.8244969778362995,0.786130082273857
2,277,63,25.120455508483243,0.9989257508294537,0.6511419510303074,0.5902965943020231
2,278,63,2.8916571159809465,0.9967430290893511,0.7328151535297058,0.6785073210252305
2,279,63,3.0970875952991244,0.9995904434756673,0.7477163669699937,0.6999120224852732
2,280,63,5.178469918007525,1.000563155917982,0.7681862936256318,0.7147539666417073
2,281,63,4.183342270068783,0.9959241023086336,0.7314807259224474,0.6793264861174181
2,282,63,1.867497724523036,1.0030520098795146,0.856942430814858,0.8311049410790767
2,283,63,2.598754394071428,0.981424377745524,0.8910796874141841,0.8663236548365885
2,284,63,0.9325418088128146,0.986325967894848,0.9719997780093651,0.9694925250828434
2,285,63,2.616935802877076,0.9935256231945753,0.7318599524004517,0.6889821655552992
2,286,63,0.6648479023789874,0.9756551064072609,0.9312782392266594,0.9313116892544316
2,287,63,1.039166383673204,0.9906549123843136,0.9217431058447761,0.9069469274158032
2,288,63,7.710005477749143,0.9912656637127254,0.5850050140866067,0.5087100999086057
2,289,63,0.9273899054665422,0.9908616952531653,0.9281723684891034,0.9155605606732049
2,290,63,11.871043122245863,0.9940502929948226,0.44685583491794584,0.38017037128736697
2,291,63,7.444952283258058,0.9883780468455935,0.5865389736235097,0.5217671296071368
2,292,63,0.5541310039052396,0.9618363167377278,0.8410981705379202,0.8401126485290971
2,293,63,8.274488892333121,0.9855566021260376,0.5360532771811963,0.44749461766672816
2,294,63,10.518717064433357,0.9947838342666699,0.3775599295240664,0.30711198066876516
2,295,63,2.178087455053007,0.9931434340701536,0.7384688527095946,0.6923844296619447
2,296,63,3.852283773174288,0.9904003337841769,0.6864307009755984,0.618635957985623
2,297,63,0.9059115074395008,0.9430456767941223,0.8311600311497174,0.8458300589530456
2,298,63,7.402779436383131,0.9930489187986797,0.6396727664474644,0.5744910598137596
2,299,63,1.2761261651236313,0.9655985158531445,0.8183996314865505,0.8105192468767676
2,550,69,14.080106459797369,0.9919756593976193,0.5829067781808444,0.47247501888627813
2,551,69,19.09554824351622,0.99441042402574,0.4629021072539806,0.37784632601227947
2,552,69,14.517108344551348,0.9961276233330336,0.32757595299654974,0.24142818036929706
2,553,69,1.2590284974941737,0.9497665161079724,0.8662480708597604,0.8787558547833669
2,554,69,2.7759527270229603,0.9994412769469087,0.832607726923595,0.7686120063015341
2,555,69,34.24791047020589,0.9960033075735303,0.39952930771573847,0.29652758165344745
2,556,69,27.66206507745697,0.9969212820974213,0.25032775723517714,0.1862743523164051
2,557,69,1.4798811475960876,0.9907962658707697,0.8600069416776743,0.8160050785076971
2,558,69,44.058523226043526,0.9802475072926167,0.3383614580698329,0.2697087109622566
2,559,69,14.219182493917002,0.9231541225186443,0.3652249410772017,0.2768768908849711
2,560,69,12.499547327547294,0.9950745291714782,0.5856489026693341,0.47701016969153237
2,561,69,18.98056030283256,0.9847130450562707,0.4342175137605423,0.3295884305876128
2,562,69,31.720092327070343,1.0000683277520142,0.4045604266841904,0.3180345261831436
2,563,69,2.037670859635089,0.9895113031696433,0.8201136840217186,0.7831813743847509
2,564,69,23.970571296210906,0.9619623299078214,0.3194307488247177,0.22825019586732476
2,565,69,31.580693899518828,0.9689725291979967,0.3556169075566235,0.2539714346243621
2,566,69,12.316147838785763,0.9902786674848394,0.48356206756610187,0.39233707449277905
2,567,69,18.80204845234389,0.9939977166392826,0.4811001928514332,0.38244098948896804
2,568,69,1.3038623325566958,0.9966691589648727,0.787979574035562,0.760397301104993
2,569,69,14.695209459152524,0.9927556906854077,0.523606434187551,0.4122371905782952
2,570,69,1.0433971433404508,0.9931640572308389,0.9038227400521284,0.8806643364042674
2,571,69,2.096909664773059,0.9580745120666916,0.8296158278463308,0.8530720392119711
2,572,69,17.153538129343225,0.9953601394854201,0.314405043397103,0.24612862226756585
2,573,69,3.794189510027092,0.9829163638528228,0.688291871583565,0.6160510829178529
2,574,69,29.352552181500943,0.9900721509776368,0.3433983925837138,0.25734942790033083
2,575,69,11.69840600343482,0.9960907015801669,0.14977795160702712,0.12877966155798515
2,576,69,22.4587632024563,0.9944425961634524,0.2503491226505808,0.22194824847814412
2,577,69,2.527068805222996,0.9675446078198028,0.7314599061942926,0.678280988053476
2,578,69,15.510185495274007,0.9800206094577423,0.24769800150339008,0.2053331943424984
2,579,69,7.791759234890327,0.9897433419412799,0.12227576375877232,0.1011516641012447
2,580,69,11.139946629626266,0.9937770764092658,0.43201492788926005,0.35641334303372574
2,581,69,1.8050411743817822,0.9067944888773414,0.8606451567448037,0.8914949033521048
2,582,69,7.501064523603963,1.0000723730545014,0.6041221022296528,0.5287528062329718
2,583,69,2.3317798095219455,0.9951828181119313,0.789259330979425,0.7509960222354538
2,584,69,4.339267760762187,0.994075946530561,0.628254324084422,0.5585296872341661
2,585,69,1.9403223248053876,0.9891988121394872,0.7662161432788371,0.7384575169702993
2,586,69,0.6529866646050233,0.9841744766065824,0.2575220689602611,0.26934700180720944
2,587,69,9.804572565757274,0.9898018741383013,0.10364648636512319,0.08620336416621033
2,588,69,9.133724091356607,0.9875409667340455,0.533506830060666,0.44098790814274974
2,589,69,3.8740556635930434,nan,0.865463093449637,0.832376618905704
2,590,69,22.062005224718423,0.9994200552949993,0.36709715678327476,0.30800160883105626
2,591,69,0.8844276856515947,0.9734331843665968,0.946469152398444,0.9398794792785012
2,592,69,14.614188986376742,0.9953757681771526,0.24817967505856778,0.1931918719189902
2,593,69,28.53503788748126,0.996349014163657,0.231064926790448,0.18448331260679232
2,594,69,0.9863455991714802,0.9899256799656904,0.8492255475190308,0.8257611043617071
2,595,69,31.583644972030537,0.9970768288712161,0.2727194720999956,0.21030999620057206
2,596,69,11.743766565097394,0.9977125129353515,0.48648920675166607,0.4051545219456735
2,597,69,12.112368810202678,0.9835786621231558,0.4478745868104496,0.3721591522197319
2,598,69,14.586475286337148,0.9962266742985589,0.36860531520123346,0.2863439178250749
2,599,69,3.8233837646117736,0.9932080529313211,0.6525832363754264,0.5879916293551962
4,0,58,35.67515551240201,0.997490655148043,0.37990882686730504,0.2568609398674033
4,1,58,0.9160911635870967,0.981879478593449,0.8983676791704104,0.8844383704367097
4,2,58,1.573471859084265,0.982668149052992,0.9043065308582112,0.8909853641648292
4,3,58,8.170607099233466,0.986042347843728,0.6672842857165681,0.520998182278896
4,4,58,1.5483635665962538,0.9549325383359368,0.8752458027770853,0.9068981642589083
4,5,58,3.53691486378179,0.9885344764859214,0.7355629699013554,0.6508046978976071
4,6,58,2.3099770855886987,0.9819410158704688,0.9007580967907851,0.8833615516944199
4,7,58,4.107518625176471,0.988257633378648,0.740920168420192,0.6690645661501895
4,8,58,2.5890180033210908,0.9697498015468551,0.9392107599066619,0.9290713665925949
4,9,58,2.1515843886562562,0.9815175562707876,0.8677061571097572,0.827021651578227
4,10,58,2.077719589047813,0.9762018180760603,0.9238289273767071,0.9173194474442986
4,11,58,22.74838505975387,0.9906142278711274,0.3674952494358156,0.25454571372373425
4,12,58,4.488058225577016,0.9846942331926699,0.7693261603283637,0.7109748345710148
4,13,58,1.6646101189558193,0.9854482978677525,0.8690628645666912,0.8378520383686621
4,14,58,7.268555982907716,0.9886238237719678,0.6821569051724368,0.5701629756289344
4,15,58,2.335015626513069,0.9867999669933916,0.8482178706926815,0.7991763298271357
4,16,58,2.922054054178857,0.9864867042052419,0.8368738612470221,0.7945581539970105
4,17,58,0.7899699335071456,0.9839917055505909,0.9300780595679105,0.9247739742303178
4,18,58,2.412610817049542,0.9665337431758346,0.9067574899968021,0.8968169321540347
4,19,58,22.069430296623725,0.9791298298851437,0.4815341798718591,0.34788714053410613
4,20,58,12.570452124426447,0.991852985867438,0.40201173345187974,0.3112159458277182
4,21,58,1.625245892169071,0.9721836204113484,0.8116583331495818,0.8103385603019136
4,22,58,21.274771543281254,0.9952040038394855,0.5216591137772835,0.3438712766281017
4,23,58,1.1193976470496596,nan,0.9721263451164658,0.9705669067347961
4,24,58,2.8996258101502987,0.9891623486512963,0.8577321463659813,0.8246293533898029
4,25,58,3.1008960900653526,0.9826908164310253,0.7577133275736088,0.7155007689693356
4,26,58,2.7254072310025403,0.9042113417337728,0.858043603873616,0.801563063759419
4,27,58,1.1607742677296595,0.9800657731213465,0.943298848753453,0.9301393676518533
4,28,58,9.577156084330184,0.9865022578940564,0.7061024304939283,0.5684516707063448
4,29,58,3.3621891365977463,0.9955343156919553,0.8384690352697336,0.8112466112910361
4,30,58,3.4352099449204596,1.001508072504802,0.7349770724653066,0.6620170952147466
4,31,58,6.368848150696644,0.9961973866536059,0.73861402036148,0.6120138372985224
4,32,58,1.5656321257707737,nan,0.9564668778096346,0.9425522555887318
4,33,58,7.143333596739556,0.9960127933740004,0.7104342269294547,0.6105504502759753
4,34,58,26.792149006702296,0.9870698510999159,0.31127953313258644,0.23480280576824997
4,35,58,4.883874636824786,0.9818482363825773,0.6852449596851459,0.6044738577692231
4,36,58,4.2890295694137155,0.9188493509253849,0.7853074374466357,0.6928004956185425
4,37,58,6.630517690888922,0.9685061941922993,0.709347053764501,0.580568802987237
4,38,58,21.694488495380195,0.9940473158325839,0.5355231145784639,0.3946982354686327
4,39,58,5.3572619184397245,0.97896033135466,0.6647636154153997,0.5622382852004506
4,40,58,1.2846868971608687,0.9780340607619159,0.944312581555046,0.9358268690189673
4,41,58,7.669218318916462,0.9912944683191858,0.6774971785625167,0.52451805828946
4,42,58,2.8287918505506804,0.9901124730027625,0.7689585015918555,0.6783063912607278
4,43,58,5.295506487493175,0.98969430282948,0.6888492849364165,0.5779659658328027
4,44,58,0.9744964063938549,0.9789092398106792,0.9395783661979942,0.935576978903052
4,45,58,4.956108345292022,0.987471267926301,0.7149056022017419,0.6019193693163437
4,46,58,0.869349623138273,0.9795524711777448,0.9549763621769962,0.9524507670225838
4,47,58,2.0847528988630093,0.9824989079828667,0.8772642448804512,0.8686446702227698
4,48,58,1.741686821545404,0.9820707708786585,0.834261408203745,0.794111860448088
4,49,58,5.502466298422333,0.9857711517506951,0.7247911609289731,0.656060163735929
4,250,63,9.18150555098955,1.0005096863046998,0.6585819015661003,0.5767941546213567
4,251,63,10.598402617069901,0.9967093068075279,0.729712407152901,0.6907112179883425
4,252,63,0.8100638624485148,0.9841583348597421,0.922920730539913,0.9098377463365265
4,253,63,8.3988351115178,0.9821187602708716,0.6363555998943964,0.5398008746603689
4,254,63,21.66593449438739,0.9889438758302915,0.4763126773824117,0.37574030024892713
4,255,63,2.9883600053324644,0.9719143379179058,0.8445925160927815,0.8268749016178778
4,256,63,2.0559904508483644,0.9744478063371004,0.8766383675194145,0.8518205406777907
4,257,63,1.8296351497359085,nan,0.9708899221650815,0.9680148567336763
4,258,63,1.0438632615559706,0.9847445469229683,0.9219073833524093,0.9205585754487048
4,259,63,12.945627214388947,0.9910769631496056,0.5577618020071213,0.4682146754424731
4,260,63,4.372058754707772,0.9893071575756467,0.7221306711418061,0.6519390804082958
4,261,63,12.064408886121162,0.9867529410969081,0.6837750636577036,0.5993145170299009
4,262,63,11.321520911337332,0.9886768095767825,0.6304667848626847,0.5038720255076237
4,263,63,2.5473147242586966,0.975912180973557,0.829184099951432,0.7925683860934164
4,264,63,11.30741046772839,0.9904844171206438,0.6682689824410856,0.5707527227576811
4,265,63,4.547568932429059,0.9640133868505867,0.7539390758583723,0.7257105565080264
4,266,63,3.148314432525171,0.9722414531745207,0.7412523938692117,0.684408452194402
4,267,63,2.6119683812083005,0.9623489591432467,0.871776395904784,0.8551551432223589
4,268,63,1.2526823688150317,0.969418587169692,0.9078966460642998,0.8930390652625078
4,269,63,8.580437040265773,0.9922259592693062,0.7374607180006166,0.6723675323632644
4,270,63,4.590138518537803,0.9873946834110954,0.8078735193221036,0.7630824382369289
4,271,63,3.657535515841438,0.9879859520737122,0.7979196575006496,0.7494561289324546
4,272,63,11.231123285624145,0.9948046790643237,0.6558080079985753,0.5736199257573338
4,273,63,13.637349559909726,0.9823147695919966,0.5671949045786221,0.47163696959660073
4,274,63,20.28066605814681,0.9702817070027578,0.5435676607605474,0.4609578651882675
4,275,63,27.669394550929056,0.9930028379697192,0.3788246516293876,0.2941034532113561
4,276,63,4.2962616648954635,1.0011223428509728,0.8244969778362995,0.7856622178715063
4,277,63,29.823602666707085,0.9984706857359793,0.6511419510303074,0.58762048822743
4,278,63,3.991601326640157,0.9945104029278411,0.7328151535297058,0.6814720644210586
4,279,63,4.0921688792209405,0.99817465337727,0.7477163669699937,0.7023514781991077
4,280,63,7.179322443299579,1.0005060093487017,0.7681862936256318,0.713454115173624
4,281,63,5.501683895249539,0.9949037919993057,0.7314807259224474,0.6806668898177488
4,282,63,2.2969705278146453,1.0012119583220656,0.856942430814858,0.8326030069330168
4,283,63,2.8182772613170175,0.9795328614680403,0.8910796874141841,0.867691492500701
4,284,63,0.9688478535102086,0.9801303815968022,0.9719997780093651,0.969455844581845
4,285,63,3.3343379689884203,0.988442930948119,0.7318599524004517,0.6902813115440188
4,286,63,0.7307511202242788,0.9662242220218005,0.9312782392266594,0.9312521053239496
4,287,63,1.122483589806631,0.9850460674763507,0.9217431058447761,0.9075097430937124
4,288,63,10.996211070735423,0.988159297625761,0.5850050140866067,0.5112324778225098
4,289,63,1.007468116213673,0.9857446452908603,0.9281723684891034,0.9160911841694163
4,290,63,17.206889157126763,0.9905318618853758,0.44685583491794584,0.37988191203943966
4,291,63,11.134193908068138,0.9824221975879524,0.5865389736235097,0.5253861719646111
4,292,63,0.6093658533981661,0.9486519022392089,0.8410981705379202,0.8402547597284864
4,293,63,11.995023186377207,0.9773518973715205,0.5360532771811963,0.45111321992358117
4,294,63,15.094540278418515,0.9916916672540685,0.3775599295240664,0.30455126784061953
4,295,63,2.9511427592526407,0.9888650018675837,0.7384688527095946,0.694037408603105
4,296,63,5.345915372863097,0.9869435529203872,0.6864307009755984,0.6226166706576185
4,297,63,1.0949169285297937,0.9295709016006308,0.8311600311497174,0.8451791183534096
4,298,63,10.531954502913512,0.9790391578651854,0.6396727664474644,0.5742641505838807
4,299,63,1.6032720001401013,0.9564896286373872,0.8183996314865505,0.8115858500309476
4,550,69,20.55747970426425,0.9885364107896878,0.5829067781808444,0.47530976332510544
4,551,69,27.48996204585132,0.9931874659750458,0.4629021072539806,0.38122370245886283
4,552,69,21.81589038013499,0.9894242103960851,0.32757595299654974,0.24496737956433776
4,553,69,1.411412703291956,0.9386699215675067,0.8662480708597604,0.878320977386732
4,554,69,3.6666700250421744,0.9965104796380474,0.832607726923595,0.7722850715153146
4,555,69,51.796469105469846,0.9943657109068728,0.39952930771573847,0.30102983252301424
4,556,69,41.89297682832413,0.995545507336927,0.25032775723517714,0.187517621846158
4,557,69,1.9628514808651492,0.9849522711964044,0.8600069416776743,0.8174891686321341
4,558,69,67.38153892381855,0.9705644960643772,0.3383614580698329,0.2733164289183064
4,559,69,20.917989739917942,0.8851910570837012,0.3652249410772017,0.28170525376026967
4,560,69,18.880369655783518,0.9932297766965582,0.5856489026693341,0.47864579967865606
4,561,69,28.55442060953782,0.9822548798483299,0.4342175137605423,0.33158944187170775
4,562,69,47.82522088958131,0.9946136121434327,0.4045604266841904,0.3228384073344228
4,563,69,2.583390698828847,0.9857985691647952,0.8201136840217186,0.7854379099295241
4,564,69,36.214758023076755,0.9505999184630444,0.3194307488247177,0.23244907254002584
4,565,69,47.79530208126326,0.948285922140614,0.3556169075566235,0.2590215202976604
4,566,69,18.64169890269578,0.983776911135314,0.48356206756610187,0.3896462282747581
4,567,69,28.465526098876577,0.9918533525785508,0.4811001928514332,0.38180946622371664
4,568,69,1.7903417208471983,0.9899084485443256,0.787979574035562,0.7615890751655187
4,569,69,19.89889589269799,0.988456617561611,0.523606434187551,0.41761559142066623
4,570,69,1.253747936291693,0.9914908776809378,0.9038227400521284,0.8819402302098708
4,571,69,2.657650256824389,0.9489667109204192,0.8296158278463308,0.8518410682377031
4,572,69,25.22840865286269,0.9876862928847651,0.314405043397103,0.24859418896247043
4,573,69,5.410475639922845,0.9749986626265651,0.688291871583565,0.6194288396268902
4,574,69,44.8617716584753,0.98549351878381,0.3433983925837138,0.26089438529881187
4,575,69,17.67958829103824,0.9938739923875944,0.14977795160702712,0.12904834823403932
4,576,69,34.14308601741188,0.9913352126490595,0.2503491226505808,0.22316553126407218
4,577,69,3.5291141545938913,0.9412963190824041,0.7314599061942926,0.6765614114502911
4,578,69,23.863802441967575,0.9726523331270507,0.24769800150339008,0.20696160626281063
4,579,69,11.763703154072468,0.9856361277151787,0.12227576375877232,0.1018944141721088
4,580,69,16.75299683631662,0.9843729528135089,0.43201492788926005,0.36028359801032656
4,581,69,2.223917369521567,0.8924036945552062,0.8606451567448037,0.8898245076794151
4,582,69,12.97637431798049,0.9902098522182341,0.6041221022296528,0.52132460219267
4,583,69,3.112699588845272,0.9936362557924436,0.789259330979425,0.7531299080502752
4,584,69,6.3019180284508405,0.9910915863599409,0.628254324084422,0.562521155373747
4,585,69,2.2600474551794636,0.9837562865705838,0.7662161432788371,0.7391653403428643
4,586,69,0.8855327361384877,0.9770788736952742,0.2575220689602611,0.26878797525951503
4,587,69,15.02465110823893,0.9838777079609201,0.10364648636512319,0.08678639501366617
4,588,69,13.45416269013378,0.9825026080306998,0.533506830060666,0.44508156431944274
4,589,69,4.268083245679214,nan,0.865463093449637,0.834291675865866
4,590,69,34.59102327716337,0.9999313219251506,0.36709715678327476,0.3090375584623974
4,591,69,0.9560478590001357,0.9634513161771011,0.946469152398444,0.9393540486652818
4,592,69,22.029260985921766,0.9925599141699146,0.24817967505856778,0.19466101773184966
4,593,69,43.46100088070141,0.9946334859778377,0.231064926790448,0.1866558131286535
4,594,69,1.232796649587558,0.9853440311985228,0.8492255475190308,0.8250278188513436
4,595,69,48.376269874900686,0.995692055911279,0.2727194720999956,0.212973059125223
4,596,69,17.752309045578123,0.9931935084210266,0.48648920675166607,0.4094251016967347
4,597,69,18.280564765055978,0.9800964554861569,0.4478745868104496,0.37140327808522866
4,598,69,22.124040301891892,0.9925353878197141,0.36860531520123346,0.2883811326217148
4,599,69,5.699804960077196,0.9895161651228581,0.6525832363754264,0.5866887474216587
10,0,58,38.99013260154093,0.996843702833304,0.37990882686730504,0.2577963230059549
10,1,58,0.9299515632223434,0.9782725393683827,0.8983676791704104,0.8842988760257932
10,2,58,1.5913594123988732,0.9790470901786229,0.9043065308582112,0.8911258864343622
10,3,58,8.75873068498297,0.9831181609966547,0.6672842857165681,0.5235442255188575
10,4,58,1.5888979802811853,0.9504964815986144,0.8752458027770853,0.9066515684302786
10,5,58,3.7901760790404,0.9829303835799343,0.7355629699013554,0.6499560651278259
10,6,58,2.335010306551355,0.9784516460563119,0.9007580967907851,0.8836179297566548
10,7,58,4.3346577829079385,0.9849031957538346,0.740920168420192,0.6694834769055209
10,8,58,2.610951812791928,0.9639513360023442,0.9392107599066619,0.9291530673599029
10,9,58,2.210610521155395,0.9780690586740349,0.8677061571097572,0.8275259997349469
10,10,58,2.107372739324525,0.9718665907685737,0.9238289273767071,0.9174447102123136
10,11,58,24.90594719292612,0.9886305942385355,0.3674952494358156,0.2558756689983479
10,12,58,4.63220679135099,0.9818325061817675,0.7693261603283637,0.7104312726725324
10,13,58,1.7125696231768053,0.9824628434849754,0.8690628645666912,0.8379348960448953
10,14,58,7.776893064860018,0.9862938375843,0.6821569051724368,0.5701263118157222
10,15,58,2.4536251754316534,0.9841901922312608,0.8482178706926815,0.7986049441921546
10,16,58,3.011022998943487,0.9838564191078812,0.8368738612470221,0.7952813396459364
10,17,58,0.796332837147471,0.9799227327133475,0.9300780595679105,0.9248576697025161
10,18,58,2.437230002780957,0.9606556115438601,0.9067574899968021,0.8968420212228203
10,19,58,24.20378654782552,0.9755748913522725,0.4815341798718591,0.34875881655308577
10,20,58,13.747290864377073,0.989901111507352,0.40201173345187974,0.31231738491282235
10,21,58,1.6277472831987814,0.9669862125608379,0.8116583331495818,0.8102442243975216
10,22,58,23.16810124624316,0.9940019411017912,0.5216591137772835,0.34489819201127786
10,23,58,1.125211841219939,nan,0.9721263451164658,0.9705952280515427
10,24,58,2.9628010007953667,0.9875062610347258,0.8577321463659813,0.8250038358600726
10,25,58,3.2204584438811796,0.9701825979072743,0.7577133275736088,0.7153483802714405
10,26,58,2.8535648014858515,0.8966160311427647,0.858043603873616,0.8015399401942828
10,27,58,1.1724081898250014,0.9766806394401045,0.943298848753453,0.9301272510514363
10,28,58,10.211161603279221,0.9835661946811219,0.7061024304939283,0.5682300152415479
10,29,58,3.4454275781556034,0.9945394122371229,0.8384690352697336,0.811634953049824
10,30,58,3.697061296041924,1.001244729955641,0.7349770724653066,0.6622809114305
10,31,58,6.840755094160013,0.9960821318994124,0.73861402036148,0.6110083703879458
10,32,58,1.580079974165576,nan,0.9564668778096346,0.9424692903160149
10,33,58,7.705255470398815,0.9930691417649762,0.7104342269294547,0.6118864760747312
10,34,58,28.35832250231012,0.9848483668679857,0.31127953313258644,0.23565282597139345
10,35,58,5.225521426948591,0.978484607738345,0.6852449596851459,0.6055432970626224
10,36,58,4.566368277910612,0.9121351525769232,0.7853074374466357,0.6915485899820887
10,37,58,7.12604435722451,0.93982201267731,0.709347053764501,0.5806436804330576
10,38,58,23.798787503339646,0.9917054641303961,0.5355231145784639,0.3959143749445551
10,39,58,6.268129964645131,0.9760451553769703,0.6647636154153997,0.5690331852222344
10,40,58,1.3004853407556602,0.9743522611772246,0.944312581555046,0.9358171741649602
10,41,58,8.30020215551371,0.989220033108496,0.6774971785625167,0.5263620354973555
10,42,58,3.0706040079331314,0.9882485498942022,0.7689585015918555,0.6776020640561973
10,43,58,5.714247012331586,0.987500115042457,0.6888492849364165,0.5793932588696854
10,44,58,0.9806374844609116,0.9746888904525306,0.9395783661979942,0.9356735300333011
10,45,58,5.318100853388386,0.9851646404864999,0.7149056022017419,0.6034847402016835
10,46,58,0.8738706527755686,0.9755399035876057,0.9549763621769962,0.9524509930800231
10,47,58,2.1268481019543537,0.9791357248451007,0.8772642448804512,0.8687385131788545
10,48,58,1.8002069566219543,0.9785113056167836,0.834261408203745,0.7941415821041544
10,49,58,5.691518667643282,0.9827266478356108,0.7247911609289731,0.6572756250034028
10,250,63,9.965504304969201,1.000230227236154,0.6585819015661003,0.5775977667766857
10,251,63,11.174164433194372,0.9960497008078968,0.729712407152901,0.6910289479768498
10,252,63,0.8407531200013947,0.9814917060325942,0.922920730539913,0.9100233693160721
10,253,63,9.074650879610992,0.97864961157767,0.6363555998943964,0.5377860610602181
10,254,63,23.831692257832092,0.9864533428221718,0.4763126773824117,0.37679259699435547
10,255,63,3.0472170067447366,0.963871920351455,0.8445925160927815,0.8265750825078364
10,256,63,2.1862696613553805,0.970581858021349,0.8766383675194145,0.8521741421326215
10,257,63,1.8456653483962684,nan,0.9708899221650815,0.9680008782428036
10,258,63,1.06839935496364,0.9819120035423502,0.9219073833524093,0.9206458638478138
10,259,63,14.112363011947455,0.9891646926889507,0.5577618020071213,0.46824232463060783
10,260,63,4.794833541714095,0.9861369679792134,0.7221306711418061,0.6511035488929346
10,261,63,13.2753199315808,0.9845727339003038,0.6837750636577036,0.6005427030409046
10,262,63,12.394368596820556,0.9866998925210243,0.6304667848626847,0.5058081375162157
10,263,63,2.673274490865342,0.9724212426643044,0.829184099951432,0.7931529440736916
10,264,63,12.380722131187921,0.9877285851761801,0.6682689824410856,0.5720344101336949
10,265,63,4.798814311751935,0.9570056814347812,0.7539390758583723,0.7267177356562985
10,266,63,3.458133350236687,0.9644935071639889,0.7412523938692117,0.68493171418235
10,267,63,2.7849588926722637,0.9563991826929835,0.871776395904784,0.8551893184386795
10,268,63,1.3059851206050461,0.9657249473088455,0.9078966460642998,0.8932137020007318
10,269,63,9.337126261199161,0.9904197889438501,0.7374607180006166,0.6720235858400988
10,270,63,4.945593434293082,0.9847884729620598,0.8078735193221036,0.7638116436917185
10,271,63,3.897201176308387,0.9859485050324841,0.7979196575006496,0.7501264229006566
10,272,63,12.192658811750048,0.9927460367761672,0.6558080079985753,0.5761517162851307
10,273,63,15.050176996492974,0.9802132857856782,0.5671949045786221,0.4727699333528098
10,274,63,22.28667980855601,0.9664753350614295,0.5435676607605474,0.46147365767719145
10,275,63,30.38143758227652,0.9901890587534264,0.3788246516293876,0.2949075180829306
10,276,63,4.526746362303907,1.001099680955958,0.8244969778362995,0.786060033981535
10,277,63,31.25308496509935,0.9982021258155633,0.6511419510303074,0.5887182270558294
10,278,63,4.3356605145817335,0.993193277402456,0.7328151535297058,0.6809283617874784
10,279,63,4.403361283710905,0.9973863709639452,0.7477163669699937,0.7023594980118646
10,280,63,7.805056912970582,1.0004541821529505,0.7681862936256318,0.7141055615928071
10,281,63,5.91298215532452,0.9943240803721606,0.7314807259224474,0.6810111071860906
10,282,63,2.4298172665267748,1.0000805807451916,0.856942430814858,0.832639840990623
10,283,63,2.883353504741563,0.9782930307548875,0.8910796874141841,0.8680630020171387
10,284,63,0.9792505789792917,0.9764061580746527,0.9719997780093651,0.9694685735077255
10,285,63,3.5569841940450564,0.9853679298902185,0.7318599524004517,0.69039330363996
10,286,63,0.7507115446486096,0.9605963756449445,0.9312782392266594,0.9312825403250261
10,287,63,1.1473517197307366,0.9817206622372346,0.9217431058447761,0.907476269071033
10,288,63,12.025499471491909,0.9862984383193703,0.5850050140866067,0.5113991493764658
10,289,63,1.0311721326769079,0.9826219785202825,0.9281723684891034,0.9162368756900365
10,290,63,18.87615514382519,0.988427656382211,0.44685583491794584,0.38065531894340654
10,291,63,12.292527129290155,0.9788436270816666,0.5865389736235097,0.5263631187944929
10,292,63,0.625854776872571,0.9407503840727798,0.8410981705379202,0.8403347803937825
10,293,63,13.160624668201715,0.9724394182385494,0.5360532771811963,0.45213745196628735
10,294,63,16.525322883528975,0.9898475414980652,0.3775599295240664,0.30575069818426376
10,295,63,3.1921541163457747,0.9863061069072916,0.7384688527095946,0.6939135068058183
10,296,63,5.811887512165786,0.9848845843451047,0.6864307009755984,0.6236932336666207
10,297,63,1.1538002459573844,0.9214439498557321,0.8311600311497174,0.8449654683849569
10,298,63,11.507653440437766,0.9705969677763101,0.6396727664474644,0.5748636110184684
10,299,63,1.705552607473392,0.9510129542740196,0.8183996314865505,0.8118448733187393
10,550,69,22.565005040138622,0.986313143227622,0.5829067781808444,0.4752960281047525
10,551,69,30.103240404333246,0.9924631926969394,0.4629021072539806,0.3817018482507677
10,552,69,24.11242117358948,0.9854205977856085,0.32757595299654974,0.24592939668674085
10,553,69,1.459893732290983,0.931934591801751,0.8662480708597604,0.8782223651705308
10,554,69,3.9425473601505874,0.9947297871672419,0.832607726923595,0.7731597920933678
10,555,69,57.313778946938164,0.9933706682318376,0.39952930771573847,0.30147740205824913
10,556,69,46.35167604687432,0.9947190410277662,0.25032775723517714,0.18781262889333494
10,557,69,2.1130775892179243,0.9814810425312226,0.8600069416776743,0.817438540794613
10,558,69,74.68189819510332,0.9647922341573848,0.3383614580698329,0.27433877246918476
10,559,69,23.021539357839437,0.8626279320032085,0.3652249410772017,0.28302303685290253
10,560,69,20.87304641723166,0.9921166429461218,0.5856489026693341,0.47936689109323577
10,561,69,31.550021445202947,0.9807072228340709,0.4342175137605423,0.33249279794170755
10,562,69,52.84935438322459,0.9913097371991483,0.4045604266841904,0.3232299804771939
10,563,69,2.752846819808396,0.9835427141677803,0.8201136840217186,0.7860494372514759
10,564,69,40.06291230251713,0.9437937133846929,0.3194307488247177,0.23358931000728364
10,565,69,52.88470826494489,0.9359683851779295,0.3556169075566235,0.25871562719433483
10,566,69,20.62540445773355,0.979896600695142,0.48356206756610187,0.3912359367694279
10,567,69,31.49323704868142,0.9905709841045848,0.4811001928514332,0.38307601127328494
10,568,69,1.9419260262601052,0.985875752333849,0.787979574035562,0.7613944483526052
10,569,69,21.969347259532537,0.9869693773786576,0.523606434187551,0.4177475063406088
10,570,69,1.3178017248846885,0.9904758235471912,0.9038227400521284,0.8822876205146629
10,571,69,2.8327370317189082,0.943396266992898,0.8296158278463308,0.851539532601917
10,572,69,27.771380703273003,0.9830910318192205,0.314405043397103,0.24866321698320637
10,573,69,5.914589376183376,0.9702595960404682,0.688291871583565,0.6203495014847287
10,574,69,49.743053548789554,0.9827378644092913,0.3433983925837138,0.2618532291938488
10,575,69,19.555423278229224,0.9925489668631906,0.14977795160702712,0.12917541312134967
10,576,69,37.80853780660289,0.9894713290000635,0.2503491226505808,0.22346004105327963
10,577,69,3.8426865535700827,0.9255833226518216,0.7314599061942926,0.6773032158040468
10,578,69,26.510806646758848,0.9682216296935805,0.24769800150339008,0.20696079420314353
10,579,69,13.024961594252547,0.9831602488413245,0.12227576375877232,0.10210192497453764
10,580,69,18.508326394049003,0.978679568943732,0.43201492788926005,0.36049110379010935
10,581,69,2.3538248919374145,0.8834837273904146,0.8606451567448037,0.889368633799524
10,582,69,14.300786463055449,0.9835235357441764,0.6041221022296528,0.5215970384669367
10,583,69,3.357214489969475,0.992688830908621,0.789259330979425,0.7531854209125917
10,584,69,6.916486330583366,0.9892980994529156,0.628254324084422,0.5635478086350222
10,585,69,2.3588171839424885,0.9804783613253801,0.7662161432788371,0.7392506576185806
10,586,69,0.9562715961683392,0.9728187744109564,0.2575220689602611,0.26866183075917366
10,587,69,16.670156366826948,0.9803247065230689,0.10364648636512319,0.08682737218898436
10,588,69,14.809852603540575,0.9794717726086936,0.533506830060666,0.44483110678297394
10,589,69,4.3905043823270455,nan,0.865463093449637,0.8341842810661684
10,590,69,36.034717154833025,0.9981473478149681,0.36709715678327476,0.30951382391694965
10,591,69,0.9768682924989042,0.9574112006757688,0.946469152398444,0.9394999900392859
10,592,69,24.36841096800859,0.9908692599952378,0.24817967505856778,0.1948926160146306
10,593,69,48.15726847108709,0.9935978600259947,0.231064926790448,0.18695434547258644
10,594,69,1.3088882294129383,0.9825829207940546,0.8492255475190308,0.8253870543754823
10,595,69,53.67508158067376,0.9948613302596176,0.2727194720999956,0.21345693553950035
10,596,69,19.637367414762505,0.9904688693746314,0.48648920675166607,0.4105612245353538
10,597,69,20.220506136009593,0.977974903377095,0.4478745868104496,0.37236944860442045
10,598,69,24.498264108783346,0.9902844334852191,0.36860531520123346,0.2887456136277519
10,599,69,6.288759025653224,0.9873118409794734,0.6525832363754264,0.5874533902844604
