night,n_epochs,arc_source,flat,arc,arc_cc_med,arc_cc_frac_low,wave_rms_med,wave_rms_max,n_solutions,zp_mean,zp_span,resid_p2_mean,resid_p2_span,resid_mean,resid_err,resid_span,h_from_arc
19971223,1,own,"iodine-in trace, no pixel flat",HI.19971223.58828,0.895,0.027,0.121,0.208,37,-363.8,0.0,-674.1,0.0,-18.4,22.5,0.0,-11.6
19971224,0,own,"iodine-in trace, no pixel flat",HI.19971224.59180,0.885,0.027,0.121,0.221,37,,,,,,,,
19980618,1,own,donor 1998-08-12,HI.19980618.55788,0.911,0.027,0.116,0.207,37,153.3,0.0,-84.6,0.0,-12.0,17.3,0.0,-2.9
19980715,1,own,donor 1998-08-12,HI.19980715.54467,0.911,0.027,0.115,0.207,37,68.0,0.0,-212.3,0.0,-10.6,15.1,0.0,-4.6
19980716,1,own,donor 1998-08-12,HI.19980716.54321,0.887,0.027,0.127,0.206,37,221.7,0.0,86.1,0.0,14.5,14.2,0.0,-0.4
19980717,2,own,donor 1998-08-12,HI.19980717.54389,0.916,0.027,0.119,0.231,37,76.7,46.9,-85.1,56.8,-3.2,18.5,18.7,-3.9
19980718,3,own,donor 1998-08-12,HI.19980718.54587,0.925,0.027,0.117,0.225,37,199.3,447.5,-77.2,22.5,7.9,10.3,38.3,-4.3
19980719,3,1998-07-18 arc,donor 1998-08-12,HI.19980718.54587,0.925,0.027,0.117,0.225,37,1934.9,1181.3,1554.8,895.6,10.0,9.5,50.1,19.1
19980812,1,own,donor 1998-08-12,HI.19980812.63605,0.918,0.027,0.145,0.210,37,-264.8,0.0,-918.2,0.0,-6.2,11.8,0.0,-9.6
19980817,2,own,donor 1998-08-12,HI.19980817.54990,0.907,0.027,0.110,0.207,37,65.8,113.8,-262.9,17.1,23.0,19.9,3.3,-3.3
19980818,2,own,donor 1998-08-12,HI.19980818.55799,0.905,0.027,0.120,0.217,37,-161.2,431.2,-411.3,328.4,13.8,15.5,1.8,-3.4
19980825,4,own,donor 1998-08-12,HI.19980825.55550,0.919,0.027,0.139,0.237,37,114.8,1730.7,14.4,1630.0,18.8,8.3,22.6,-6.7
19980826,3,own,donor 1998-08-12,HI.19980826.56911,0.912,0.027,0.108,0.201,37,470.0,458.6,138.3,537.7,-17.6,14.6,65.5,-8.1
19980912,1,own,donor 1998-08-12,HI.19980912.16619,0.855,0.162,0.143,0.235,37,-597.3,0.0,-792.3,0.0,-49.6,40.5,0.0,3.3
19980913,1,own,donor 1998-08-12,HI.19980913.55970,0.650,1.000,0.146,0.477,35,-944.3,0.0,-1082.9,0.0,-35.0,45.7,0.0,-7.3
19980914,1,own,donor 1998-08-12,HI.19980914.55765,0.910,0.027,0.110,0.211,37,-461.7,0.0,-687.7,0.0,-22.4,12.3,0.0,-6.1
19980915,1,own,donor 1998-08-12,HI.19980915.60972,0.866,0.081,0.145,0.224,37,1170.1,0.0,742.9,0.0,-19.8,14.8,0.0,-9.1
19980916,1,own,donor 1998-08-12,HI.19980916.56167,0.863,0.054,0.142,0.225,37,308.3,0.0,98.9,0.0,-33.5,23.7,0.0,-8.0
19980917,1,1998-09-15 B2 arc,donor 1998-08-12,HI.19980915.60867,0.915,0.054,0.117,0.229,37,619.6,0.0,289.6,0.0,1.3,12.1,0.0,39.3
19980918,1,own,donor 1998-08-12,HI.19980918.57115,0.896,0.000,0.132,0.212,37,-79.2,0.0,-152.1,0.0,-13.7,16.5,0.0,-8.6
