koaid,night,jd,mjd,v_bary,sig_epoch,sig_internal,sig_pyodine,sig_order,sig_photon,v_obs,v_bary_good,v_bary_mdvel,v_bary_median,bvc,bvc_template,c2c_scatter,order_scatter,n_orders,n_chunks,n_good,redchi_meas,dv_wave,v_xcorr,sig_xcorr
HI.19971223.17175,19971223,2450805.7017,50805.2017,-62.98,22.50,22.50,9.73,22.50,1.30,3884.03,-64.80,-72.70,-85.09,-11190.31,-7243.30,369.89,60.08,14,700,561,23.93,363.81,-444.27,9.38
HI.19980618.45396,19980618,2450983.0277,50982.5277,29.69,17.32,17.32,10.33,17.32,1.32,-18795.09,36.71,34.63,33.37,11581.48,-7243.30,440.82,64.90,14,700,546,23.82,-153.35,231.41,9.52
HI.19980715.38054,19980715,2451009.9420,51009.4420,-72.41,15.14,15.14,10.84,15.14,1.40,-12198.28,-72.26,-81.35,-73.83,4882.57,-7243.30,409.22,60.40,14,700,538,22.66,-68.02,0.25,6.91
HI.19980716.52985,19980716,2451011.1156,51010.6156,54.56,14.19,14.19,10.92,14.19,1.54,-11419.46,52.35,53.81,90.26,4230.72,-7243.30,366.91,59.43,11,550,400,21.25,-221.72,400.61,15.01
HI.19980717.32194,19980717,2451011.8744,51011.3744,-34.20,31.17,31.17,11.15,31.17,1.80,-11758.19,-30.82,-45.48,0.60,4480.70,-7243.30,444.99,47.55,11,550,376,14.51,-53.23,117.73,10.74
HI.19980717.48747,19980717,2451012.0665,51011.5665,-77.15,23.00,23.00,23.00,7.10,4.24,-11345.87,-77.34,-92.20,-23.63,4025.42,-7243.30,575.43,10.53,2,100,72,14.34,-100.08,150.23,14.90
HI.19980718.29255,19980718,2451012.8401,51012.3401,-94.40,17.51,17.51,10.92,17.51,1.44,-11610.19,-96.26,-98.53,-101.25,4272.49,-7243.30,410.67,70.94,14,700,539,23.49,-478.49,106.58,13.82
HI.19980718.38646,19980718,2451012.9486,51012.4486,-45.85,16.91,16.91,14.26,16.91,2.23,-11298.75,-44.45,-65.26,-18.29,4009.59,-7243.30,393.35,22.06,8,400,256,11.71,-88.33,119.19,12.27
HI.19980718.49487,19980718,2451013.0751,51012.5751,-48.94,19.62,19.62,19.62,7.74,3.34,-11016.74,-46.97,-28.34,3.66,3724.50,-7243.30,302.63,11.48,2,100,67,14.52,-31.03,154.08,13.09
HI.19980719.24897,19980719,2451013.7906,51013.2906,36.14,13.37,13.37,10.84,13.37,1.23,-11291.45,36.18,32.79,33.17,4084.30,-7243.30,441.72,49.92,14,700,543,26.93,-2553.86,2437.83,6.72
HI.19980719.35708,19980719,2451013.9150,51013.4150,41.93,15.36,15.36,9.88,15.36,1.35,-11006.43,37.15,42.24,47.74,3805.06,-7243.30,464.24,39.83,14,700,553,23.73,-1878.32,1609.09,10.06
HI.19980719.49996,19980719,2451014.0811,51013.5811,95.73,27.09,27.09,27.09,3.27,4.30,-10575.27,103.96,147.04,159.46,3427.70,-7243.30,682.92,4.85,2,100,61,132.24,-1372.52,1553.58,14.28
HI.19980812.29160,19980812,2451037.8379,51037.3379,-64.82,11.82,11.82,10.50,11.82,2.31,-4237.79,-67.59,-76.51,-85.45,-3070.34,-7243.30,389.19,55.44,14,700,553,9.56,264.76,-702.45,14.64
HI.19980817.39651,19980817,2451042.9614,51042.4614,-37.84,30.66,30.66,9.44,30.66,1.20,-2458.32,-39.64,-13.22,-44.15,-4822.82,-7243.30,339.65,83.31,14,700,513,23.88,-8.86,-56.02,5.00
HI.19980817.46581,19980817,2451043.0416,51042.5416,-44.02,26.27,26.27,10.19,26.27,1.27,-2334.89,-41.17,-15.41,-14.93,-4952.43,-7243.30,407.45,51.13,14,700,556,22.97,-122.68,-48.39,18.10
HI.19980818.39654,19980818,2451043.9607,51043.4607,-54.49,28.32,28.32,9.71,28.32,1.32,-2185.69,-57.46,-35.56,-22.27,-5112.10,-7243.30,389.68,58.04,14,700,543,23.00,376.80,-368.13,11.76
HI.19980818.47821,19980818,2451044.0560,51043.5560,-41.12,18.47,18.47,8.17,18.47,1.28,-2030.27,-39.70,-33.47,-24.11,-5254.15,-7243.30,341.86,42.94,14,700,559,22.86,-54.44,-28.22,14.63
HI.19980825.19425,19980825,2451050.7273,51050.2273,15.40,13.10,13.10,9.11,13.10,1.22,-689.93,16.82,20.10,40.29,-6537.97,-7243.30,313.66,46.36,14,700,564,22.60,-981.81,1111.32,17.39
HI.19980825.19954,19980825,2451050.7327,51050.2327,38.61,13.27,13.27,9.21,13.27,1.33,-655.38,44.14,43.16,63.67,-6549.31,-7243.30,370.08,55.80,14,700,567,19.24,-937.96,1066.71,16.57
HI.19980825.43288,19980825,2451051.0024,51050.5024,57.13,29.60,29.60,8.80,29.60,1.44,-34.58,59.05,76.65,90.88,-7151.59,-7243.30,370.06,74.08,14,700,553,18.76,711.60,-441.92,30.99
HI.19980825.43615,19980825,2451051.0061,51050.5061,60.36,23.87,23.87,8.27,23.87,1.49,-26.42,58.13,74.54,80.78,-7156.53,-7243.30,377.19,56.38,14,700,551,18.08,748.88,-492.36,33.28
HI.19980826.19326,19980826,2451051.7260,51051.2260,3.08,19.10,19.10,10.60,19.10,1.36,-429.70,9.41,-11.16,13.17,-6810.51,-7243.30,382.33,57.61,12,600,464,19.11,-545.03,583.11,6.26
HI.19980826.19932,19980826,2451051.7330,51051.2330,-63.19,62.84,62.84,17.21,62.84,3.12,-481.05,-66.87,-58.23,-114.04,-6825.43,-7243.30,479.23,49.03,6,300,201,14.61,-661.75,612.40,3.74
HI.19980826.44043,19980826,2451052.0123,51051.5123,-51.28,24.37,24.37,8.51,24.37,1.32,141.43,-49.21,-86.89,-61.84,-7436.01,-7243.30,336.05,60.06,13,650,507,21.43,-203.17,37.52,8.05
HI.19980912.28430,19980912,2451068.8311,51068.3311,-104.75,40.52,40.52,17.67,40.52,2.41,4045.04,-97.14,-124.77,-107.73,-11393.09,-7243.30,617.52,116.50,7,350,216,20.04,597.30,-573.10,32.63
HI.19980913.29698,19980913,2451069.8458,51069.3458,7.55,45.71,45.71,13.46,45.71,1.54,4424.92,17.97,-5.82,2.22,-11660.67,-7243.30,511.34,113.98,13,650,440,18.76,944.28,-765.94,9.83
HI.19980914.33654,19980914,2451070.8914,51070.3914,-88.66,12.34,12.34,11.45,12.34,1.30,4653.97,-86.78,-78.39,-87.23,-11985.93,-7243.30,350.68,30.46,14,700,530,23.70,461.68,-479.56,10.02
HI.19980915.28132,19980915,2451071.8273,51071.3273,-87.04,14.79,14.79,10.57,14.79,1.35,4742.16,-88.61,-72.08,-100.11,-12072.50,-7243.30,382.84,42.90,14,700,532,23.10,-1170.10,949.97,5.44
HI.19980916.27261,19980916,2451072.8169,51072.3169,7.84,23.68,23.68,10.31,23.68,1.42,5035.14,17.86,-12.84,-19.12,-12270.60,-7243.30,380.59,53.01,14,700,518,19.49,-308.34,414.62,8.44
HI.19980917.29496,19980917,2451073.8431,51073.3431,-46.76,12.11,12.11,12.11,9.44,1.39,5259.67,-47.46,-39.34,-57.89,-12549.73,-7243.30,362.19,10.16,14,700,542,21.61,-619.61,515.91,6.61
HI.19980918.26233,19980918,2451074.8048,51074.3048,-93.12,16.46,16.46,10.41,16.46,1.45,5340.17,-91.31,-90.02,-89.42,-12676.59,-7243.30,352.90,59.06,14,700,529,19.79,79.19,42.79,18.11
