koaid,jd,v_bary,sig_epoch,v_keplerian,resid,v_catalogue,e_catalogue
HI.19971223.17175,2450805.7017,-62.98,22.50,-44.56,-18.42,-1.23,1.04
HI.19980618.45396,2450983.0277,29.69,17.32,41.68,-11.99,87.33,1.17
HI.19980715.38054,2451009.9420,-72.41,15.14,-61.85,-10.56,-16.20,1.20
HI.19980716.52985,2451011.1156,54.56,14.19,40.10,14.46,85.02,1.36
HI.19980717.32194,2451011.8744,-34.20,31.17,-43.11,8.91,2.42,1.11
HI.19980717.48747,2451012.0665,-77.15,23.00,-67.37,-9.78,-27.15,1.07
HI.19980718.29255,2451012.8401,-94.40,17.51,-82.31,-12.09,-38.14,1.35
HI.19980718.38646,2451012.9486,-45.85,16.91,-72.05,26.20,-26.34,1.21
HI.19980718.49487,2451013.0751,-48.94,19.62,-57.35,8.41,-11.06,1.15
HI.19980719.24897,2451013.7906,36.14,13.37,31.31,4.83,76.83,1.35
HI.19980719.35708,2451013.9150,41.93,15.36,38.96,2.97,83.89,1.48
HI.19980719.49996,2451014.0811,95.73,27.09,42.67,53.06,85.96,1.23
HI.19980812.29160,2451037.8379,-64.82,11.82,-58.58,-6.24,nan,nan
HI.19980817.39651,2451042.9614,-37.84,30.66,-58.95,21.11,-12.74,1.26
HI.19980817.46581,2451043.0416,-44.02,26.27,-68.41,24.39,-24.14,1.19
HI.19980818.39654,2451043.9607,-54.49,28.32,-66.97,12.48,-22.91,1.25
HI.19980818.47821,2451044.0560,-41.12,18.47,-55.44,14.32,-14.95,1.10
HI.19980825.19425,2451050.7273,15.40,13.10,8.96,6.44,50.51,1.03
HI.19980825.19954,2451050.7327,38.61,13.27,9.61,29.00,55.07,1.14
HI.19980825.43288,2451051.0024,57.13,29.60,35.04,22.09,81.41,1.15
HI.19980825.43615,2451051.0061,60.36,23.87,35.27,25.09,82.27,1.18
HI.19980826.19326,2451051.7260,3.08,19.10,11.24,-8.16,55.18,1.03
HI.19980826.19932,2451051.7330,-63.19,62.84,10.42,-73.61,55.66,1.03
HI.19980826.44043,2451052.0123,-51.28,24.37,-26.76,-24.52,16.63,0.93
HI.19980912.28430,2451068.8311,-104.75,40.52,-55.13,-49.62,-13.13,1.14
HI.19980913.29698,2451069.8458,7.55,45.71,42.55,-35.00,83.00,1.20
HI.19980914.33654,2451070.8914,-88.66,12.34,-66.21,-22.45,-22.99,1.18
HI.19980915.28132,2451071.8273,-87.04,14.79,-67.27,-19.77,-23.19,1.10
HI.19980916.27261,2451072.8169,7.84,23.68,41.38,-33.54,78.76,1.23
HI.19980917.29496,2451073.8431,-46.76,12.11,-48.10,1.34,-3.66,1.20
HI.19980918.26233,2451074.8048,-93.12,16.46,-79.45,-13.67,-35.34,1.23
