koaid,order,v_bary,n_chunks
HI.19971223.17175,58,-207.88,50
HI.19971223.17175,59,-261.60,48
HI.19971223.17175,60,-218.88,46
HI.19971223.17175,61,18.77,49
HI.19971223.17175,62,-14.82,48
HI.19971223.17175,63,-83.91,48
HI.19971223.17175,64,-73.56,45
HI.19971223.17175,65,-65.20,46
HI.19971223.17175,66,-53.04,44
HI.19971223.17175,67,-70.49,48
HI.19971223.17175,68,-48.18,44
HI.19971223.17175,69,-2.73,44
HI.19971223.17175,70,-82.78,45
HI.19971223.17175,71,-142.96,47
HI.19980618.45396,58,-78.85,46
HI.19980618.45396,59,-22.05,46
HI.19980618.45396,60,2.44,47
HI.19980618.45396,61,75.83,44
HI.19980618.45396,62,-87.16,48
HI.19980618.45396,63,-21.57,46
HI.19980618.45396,64,131.49,44
HI.19980618.45396,65,114.90,46
HI.19980618.45396,66,18.85,45
HI.19980618.45396,67,16.76,42
HI.19980618.45396,68,27.18,42
HI.19980618.45396,69,55.82,45
HI.19980618.45396,70,65.98,44
HI.19980618.45396,71,64.87,49
HI.19980715.38054,58,-232.50,50
HI.19980715.38054,59,-111.18,49
HI.19980715.38054,60,-103.58,46
HI.19980715.38054,61,-163.38,47
HI.19980715.38054,62,-135.91,47
HI.19980715.38054,63,-37.82,47
HI.19980715.38054,64,-88.68,46
HI.19980715.38054,65,-40.14,47
HI.19980715.38054,66,-23.67,44
HI.19980715.38054,67,-67.26,47
HI.19980715.38054,68,-47.79,44
HI.19980715.38054,69,-52.33,42
HI.19980715.38054,70,-94.09,43
HI.19980715.38054,71,-92.90,44
HI.19980716.52985,61,98.57,37
HI.19980716.52985,62,7.59,38
HI.19980716.52985,63,48.29,41
HI.19980716.52985,64,15.57,45
HI.19980716.52985,65,103.45,47
HI.19980716.52985,66,16.66,45
HI.19980716.52985,67,8.20,44
HI.19980716.52985,68,107.44,43
HI.19980716.52985,69,87.06,41
HI.19980716.52985,70,74.20,44
HI.19980716.52985,71,-26.33,45
HI.19980717.32194,61,-314.68,37
HI.19980717.32194,62,-200.03,37
HI.19980717.32194,63,-162.67,38
HI.19980717.32194,64,36.58,41
HI.19980717.32194,65,-64.66,42
HI.19980717.32194,66,-42.12,48
HI.19980717.32194,67,-16.09,41
HI.19980717.32194,68,-5.61,38
HI.19980717.32194,69,-14.21,43
HI.19980717.32194,70,-46.29,43
HI.19980717.32194,71,-65.79,40
HI.19980717.48747,67,-105.05,40
HI.19980717.48747,69,-90.85,41
HI.19980718.29255,58,-159.27,45
HI.19980718.29255,59,-132.65,42
HI.19980718.29255,60,-110.49,47
HI.19980718.29255,61,-265.55,46
HI.19980718.29255,62,-149.72,48
HI.19980718.29255,63,-52.85,48
HI.19980718.29255,64,-48.27,46
HI.19980718.29255,65,-45.69,47
HI.19980718.29255,66,-8.95,44
HI.19980718.29255,67,-164.98,47
HI.19980718.29255,68,-71.78,44
HI.19980718.29255,69,-81.70,43
HI.19980718.29255,70,-128.28,44
HI.19980718.29255,71,-102.81,46
HI.19980718.38646,63,-183.33,32
HI.19980718.38646,65,-69.22,39
HI.19980718.38646,66,-99.43,43
HI.19980718.38646,67,-56.85,38
HI.19980718.38646,68,-27.12,39
HI.19980718.38646,69,-49.45,43
HI.19980718.38646,70,-79.21,37
HI.19980718.38646,71,-54.80,40
HI.19980718.49487,68,-24.20,37
HI.19980718.49487,69,-39.68,40
HI.19980719.24897,58,-48.76,47
HI.19980719.24897,59,62.75,42
HI.19980719.24897,60,-62.70,47
HI.19980719.24897,61,85.24,45
HI.19980719.24897,62,-1.91,47
HI.19980719.24897,63,7.17,48
HI.19980719.24897,64,3.12,44
HI.19980719.24897,65,-16.73,49
HI.19980719.24897,66,49.28,43
HI.19980719.24897,67,12.87,47
HI.19980719.24897,68,81.69,42
HI.19980719.24897,69,28.56,43
HI.19980719.24897,70,50.62,44
HI.19980719.24897,71,105.42,48
HI.19980719.35708,58,52.83,49
HI.19980719.35708,59,-4.42,43
HI.19980719.35708,60,-80.31,49
HI.19980719.35708,61,-8.44,47
HI.19980719.35708,62,78.24,48
HI.19980719.35708,63,3.71,47
HI.19980719.35708,64,1.76,43
HI.19980719.35708,65,37.02,48
HI.19980719.35708,66,34.99,44
HI.19980719.35708,67,-0.90,47
HI.19980719.35708,68,99.53,43
HI.19980719.35708,69,17.78,43
HI.19980719.35708,70,31.45,44
HI.19980719.35708,71,163.32,47
HI.19980719.49996,67,148.44,35
HI.19980719.49996,70,141.90,42
HI.19980812.29160,58,-72.57,45
HI.19980812.29160,59,-136.42,46
HI.19980812.29160,60,1.71,48
HI.19980812.29160,61,-112.60,47
HI.19980812.29160,62,-122.35,47
HI.19980812.29160,63,-82.45,48
HI.19980812.29160,64,-63.84,45
HI.19980812.29160,65,-72.56,48
HI.19980812.29160,66,-33.75,46
HI.19980812.29160,67,-36.61,43
HI.19980812.29160,68,-143.13,45
HI.19980812.29160,69,-42.35,47
HI.19980812.29160,70,-54.49,44
HI.19980812.29160,71,-127.75,46
HI.19980817.39651,58,60.26,44
HI.19980817.39651,59,182.53,46
HI.19980817.39651,60,295.00,45
HI.19980817.39651,61,69.88,46
HI.19980817.39651,62,30.19,47
HI.19980817.39651,63,-63.81,46
HI.19980817.39651,64,-10.92,44
HI.19980817.39651,65,-66.18,48
HI.19980817.39651,66,-109.15,41
HI.19980817.39651,67,-78.06,44
HI.19980817.39651,68,-31.95,44
HI.19980817.39651,69,-77.20,44
HI.19980817.39651,70,-91.12,45
HI.19980817.39651,71,-10.61,49
HI.19980817.46581,58,37.81,45
HI.19980817.46581,59,140.68,46
HI.19980817.46581,60,262.36,47
HI.19980817.46581,61,85.98,50
HI.19980817.46581,62,44.57,48
HI.19980817.46581,63,-42.63,43
HI.19980817.46581,64,1.25,44
HI.19980817.46581,65,-44.41,49
HI.19980817.46581,66,-63.72,44
HI.19980817.46581,67,-27.47,46
HI.19980817.46581,68,-61.17,45
HI.19980817.46581,69,-107.00,44
HI.19980817.46581,70,-54.80,45
HI.19980817.46581,71,-28.44,47
HI.19980818.39654,58,72.60,45
HI.19980818.39654,59,182.88,47
HI.19980818.39654,60,245.16,48
HI.19980818.39654,61,3.17,46
HI.19980818.39654,62,-34.82,47
HI.19980818.39654,63,-75.13,46
HI.19980818.39654,64,-36.63,46
HI.19980818.39654,65,2.21,50
HI.19980818.39654,66,-62.47,46
HI.19980818.39654,67,-30.99,45
HI.19980818.39654,68,-49.57,43
HI.19980818.39654,69,-89.20,44
HI.19980818.39654,70,-117.39,47
HI.19980818.39654,71,-102.23,48
HI.19980818.47821,58,90.40,41
HI.19980818.47821,59,20.26,41
HI.19980818.47821,60,158.38,44
HI.19980818.47821,61,-3.90,47
HI.19980818.47821,62,-54.37,46
HI.19980818.47821,63,-99.38,47
HI.19980818.47821,64,-43.83,44
HI.19980818.47821,65,-61.83,49
HI.19980818.47821,66,-42.98,46
HI.19980818.47821,67,11.07,44
HI.19980818.47821,68,-54.07,42
HI.19980818.47821,69,-84.50,44
HI.19980818.47821,70,-17.47,43
HI.19980818.47821,71,-18.62,50
HI.19980825.19425,58,-43.87,46
HI.19980825.19425,59,94.15,46
HI.19980825.19425,60,125.30,46
HI.19980825.19425,61,9.59,43
HI.19980825.19425,62,59.06,47
HI.19980825.19425,63,25.09,48
HI.19980825.19425,64,51.01,46
HI.19980825.19425,65,-25.95,49
HI.19980825.19425,66,0.85,46
HI.19980825.19425,67,-26.23,46
HI.19980825.19425,68,22.44,40
HI.19980825.19425,69,-28.21,44
HI.19980825.19425,70,49.32,45
HI.19980825.19425,71,43.65,49
HI.19980825.19954,58,76.75,42
HI.19980825.19954,59,61.03,43
HI.19980825.19954,60,99.20,48
HI.19980825.19954,61,131.96,43
HI.19980825.19954,62,12.00,49
HI.19980825.19954,63,-28.47,47
HI.19980825.19954,64,87.28,47
HI.19980825.19954,65,-13.15,48
HI.19980825.19954,66,53.10,49
HI.19980825.19954,67,-27.34,44
HI.19980825.19954,68,20.55,43
HI.19980825.19954,69,48.93,44
HI.19980825.19954,70,33.68,46
HI.19980825.19954,71,96.06,49
HI.19980825.43288,58,141.31,45
HI.19980825.43288,59,391.71,45
HI.19980825.43288,60,227.87,46
HI.19980825.43288,61,191.64,44
HI.19980825.43288,62,57.82,48
HI.19980825.43288,63,-5.18,47
HI.19980825.43288,64,61.98,47
HI.19980825.43288,65,96.13,48
HI.19980825.43288,66,76.89,48
HI.19980825.43288,67,5.73,48
HI.19980825.43288,68,64.44,43
HI.19980825.43288,69,59.36,43
HI.19980825.43288,70,20.75,44
HI.19980825.43288,71,-22.66,47
HI.19980825.43615,58,167.53,46
HI.19980825.43615,59,275.37,45
HI.19980825.43615,60,188.46,46
HI.19980825.43615,61,239.68,44
HI.19980825.43615,62,199.34,48
HI.19980825.43615,63,49.99,46
HI.19980825.43615,64,31.87,46
HI.19980825.43615,65,70.15,47
HI.19980825.43615,66,40.87,47
HI.19980825.43615,67,63.62,46
HI.19980825.43615,68,78.82,40
HI.19980825.43615,69,36.87,47
HI.19980825.43615,70,74.64,45
HI.19980825.43615,71,-18.08,48
HI.19980826.19326,60,-157.43,38
HI.19980826.19326,61,-138.50,38
HI.19980826.19326,62,-91.38,38
HI.19980826.19326,63,-3.82,42
HI.19980826.19326,64,-2.59,43
HI.19980826.19326,65,-29.86,46
HI.19980826.19326,66,35.80,48
HI.19980826.19326,67,24.38,44
HI.19980826.19326,68,-53.34,42
HI.19980826.19326,69,-32.46,47
HI.19980826.19326,70,-11.16,43
HI.19980826.19326,71,53.16,48
HI.19980826.19932,58,-144.39,36
HI.19980826.19932,59,-403.44,35
HI.19980826.19932,62,-14.95,46
HI.19980826.19932,63,-26.23,43
HI.19980826.19932,64,-54.81,45
HI.19980826.19932,70,0.06,35
HI.19980826.44043,59,-267.86,33
HI.19980826.44043,60,-189.85,41
HI.19980826.44043,61,-291.62,50
HI.19980826.44043,62,-80.59,47
HI.19980826.44043,63,-121.10,45
HI.19980826.44043,64,-35.69,46
HI.19980826.44043,65,-56.81,47
HI.19980826.44043,66,-39.03,43
HI.19980826.44043,67,-98.00,42
HI.19980826.44043,68,-77.98,43
HI.19980826.44043,69,-18.24,44
HI.19980826.44043,70,-43.76,43
HI.19980826.44043,71,-104.70,48
HI.19980912.28430,60,-309.63,41
HI.19980912.28430,62,-135.62,40
HI.19980912.28430,63,-96.54,41
HI.19980912.28430,66,-235.69,43
HI.19980912.28430,68,-161.01,39
HI.19980912.28430,69,7.68,40
HI.19980912.28430,70,-57.04,34
HI.19980913.29698,58,-190.09,49
HI.19980913.29698,59,-220.31,33
HI.19980913.29698,60,-492.90,47
HI.19980913.29698,61,-126.51,39
HI.19980913.29698,62,61.01,38
HI.19980913.29698,63,141.06,40
HI.19980913.29698,64,-38.43,44
HI.19980913.29698,65,25.90,46
HI.19980913.29698,66,-18.61,46
HI.19980913.29698,67,10.20,43
HI.19980913.29698,68,-15.87,46
HI.19980913.29698,69,71.27,45
HI.19980913.29698,70,-7.24,41
HI.19980914.33654,58,-60.75,45
HI.19980914.33654,59,-83.01,48
HI.19980914.33654,60,-194.02,45
HI.19980914.33654,61,-27.28,46
HI.19980914.33654,62,-92.56,48
HI.19980914.33654,63,-16.72,44
HI.19980914.33654,64,-101.83,46
HI.19980914.33654,65,-86.35,46
HI.19980914.33654,66,-91.90,47
HI.19980914.33654,67,-57.69,44
HI.19980914.33654,68,-78.06,43
HI.19980914.33654,69,-87.19,42
HI.19980914.33654,70,-52.30,45
HI.19980914.33654,71,-155.67,47
HI.19980915.28132,58,-104.19,47
HI.19980915.28132,59,-81.21,46
HI.19980915.28132,60,-209.75,45
HI.19980915.28132,61,19.94,47
HI.19980915.28132,62,-43.08,48
HI.19980915.28132,63,-135.15,47
HI.19980915.28132,64,-115.56,46
HI.19980915.28132,65,-100.59,48
HI.19980915.28132,66,-84.20,45
HI.19980915.28132,67,-23.37,43
HI.19980915.28132,68,-107.72,42
HI.19980915.28132,69,-70.53,43
HI.19980915.28132,70,-73.06,44
HI.19980915.28132,71,-32.34,48
HI.19980916.27261,58,-39.28,46
HI.19980916.27261,59,4.89,45
HI.19980916.27261,60,-294.82,47
HI.19980916.27261,61,8.07,46
HI.19980916.27261,62,4.38,49
HI.19980916.27261,63,42.01,47
HI.19980916.27261,64,-26.13,47
HI.19980916.27261,65,-22.15,45
HI.19980916.27261,66,-58.81,45
HI.19980916.27261,67,22.91,46
HI.19980916.27261,68,38.77,44
HI.19980916.27261,69,76.56,42
HI.19980916.27261,70,42.61,45
HI.19980916.27261,71,-39.21,46
HI.19980917.29496,58,36.85,49
HI.19980917.29496,59,-39.62,45
HI.19980917.29496,60,-75.02,45
HI.19980917.29496,61,-63.31,46
HI.19980917.29496,62,-46.47,49
HI.19980917.29496,63,-17.13,46
HI.19980917.29496,64,-94.60,46
HI.19980917.29496,65,-43.94,45
HI.19980917.29496,66,-45.22,46
HI.19980917.29496,67,30.89,44
HI.19980917.29496,68,-39.64,40
HI.19980917.29496,69,-32.75,42
HI.19980917.29496,70,-45.44,44
HI.19980917.29496,71,-38.48,45
HI.19980918.26233,58,-123.60,45
HI.19980918.26233,59,-195.98,46
HI.19980918.26233,60,-114.99,48
HI.19980918.26233,61,55.55,45
HI.19980918.26233,62,-121.88,48
HI.19980918.26233,63,-41.19,46
HI.19980918.26233,64,-140.18,47
HI.19980918.26233,65,-85.51,46
HI.19980918.26233,66,-54.89,45
HI.19980918.26233,67,-22.13,44
HI.19980918.26233,68,-73.86,44
HI.19980918.26233,69,-70.60,42
HI.19980918.26233,70,-80.29,45
HI.19980918.26233,71,-142.89,49
