koaid,targname,object,koaimtyp,imtype,obstype,date_obs,ut,mjd,elaptime,exptime,binning,window,numamps,ccdgain,ccdspeed,deckname,slitname,slitwid,slitlen,xdispers,xdname,echangl,xdangl,fil1name,fil2name,iodin,iodout,lampname,lampcat1,lampcat2,lampqtz2,lampdeut,lfilname,lselname,lmirrin,lmirrout,hatopen,autoshut,xcovopen,rccvopen,bccvopen,frameno,ofname,progid,progpi,progtitl,proginst,semid,propint,ra,dec,airmass,npixsat
HI.19971223.17175.fits,187123,K17,object,ONEAMP,,1997-12-23 00:00:00,04:46:15.53,50805.19880400,500,500.00000000,"1,2","0,0,0,2048,1024",1,F,,B1,opened,10.21383190,3.50000000,RED,undefined,0.01488378,-0.54449999,kv370,clear,T,F,undefined,F,F,F,F,bg14,quartz2,F,T,T,T,T,T,F,14,k170014.fits,U07H,S.Vogt,A Survey of Nearby Stars for Extrasolar Planets,UCSC,1997B_U07H,202,296.74113,34.42214,2.25000000,16
HI.19971224.16259.fits,187123,K17,object,ONEAMP,,1997-12-24 00:00:00,04:30:59.02,50806.18819100,500,500.00000000,"1,2","0,0,0,2048,1024",1,F,,B1,opened,10.21383190,3.50000000,RED,undefined,0.01602543,-0.54299998,kv370,clear,F,T,undefined,F,F,F,F,bg14,quartz2,F,T,T,T,T,T,F,145,k170145.fits,U07H,S.Vogt,A Survey of Nearby Stars for Extrasolar Planets,UCSC,1997B_U07H,202,296.74083,34.42294,2.08000000,14
HI.19980618.45396.fits,187123,K21,object,ONEAMP,,1998-06-18 00:00:00,12:36:36.86,50982.52543200,400,400.00000000,"1,2","0,0,0,2048,1024",1,F,,B1,opened,10.21383190,3.50000000,RED,undefined,0.00397465,-0.56150001,kv370,clear,T,F,none,F,F,F,F,bg14,none,F,T,T,T,T,T,F,110,k210110.fits,N12H,J.Lissauer,A Search for Neptune-Mass Planets,NASA,1998A_N12H,118,296.74117,34.41872,1.03000000,12
HI.19980714.37567.fits,H187123,Star+Iodine,object,ONEAMP,,1998-07-14 00:00:00,10:26:07.06,51008.43481400,60,60.00000000,"1,2","0,0,0,2048,1024",1,F,,B1,opened,10.21383190,3.50000000,RED,undefined,0.00105709,-0.54200000,kv370,clear,T,F,none,F,F,F,F,bg14,none,F,T,T,T,T,T,F,106,jul13980106.fits,N10H,D.Latham,G Dwarf Planet Search,NASA,1998A_N10H,117,296.74183,34.42117,1.03000000,3
HI.19980715.38054.fits,187123,Star+Iodine,object,ONEAMP,,1998-07-15 00:00:00,10:34:14.18,51009.44044900,260,260.00000000,"1,2","0,0,0,2048,1024",1,F,,B1,opened,10.21383190,3.50000000,RED,undefined,0.00194504,-0.54049999,kv370,clear,T,F,none,F,F,F,F,ng3,none,F,T,T,T,T,T,F,47,k220047.fits,N14H,G.Marcy,True Jupiter Analogs: A Survey within 50 parsecs,NASA,1998A_N14H,117,296.74462,34.41906,1.03000000,9
HI.19980716.52985.fits,187123,Star+Iodine,object,ONEAMP,,1998-07-16 00:00:00,14:43:05.61,51010.61326700,400,400.00000000,"1,2","0,0,0,2048,1024",1,F,,B1,opened,10.21383190,3.50000000,RED,undefined,0.00093024,-0.54549998,kv370,clear,T,F,none,F,F,F,F,ng3,none,F,T,T,T,T,T,F,127,k220127.fits,N14H,G.Marcy,True Jupiter Analogs: A Survey within 50 parsecs,NASA,1998A_N14H,117,296.73950,34.42219,1.82000000,13
HI.19980717.32194.fits,187123,Star+Iodine,object,ONEAMP,,1998-07-17 00:00:00,08:56:34.95,51011.37264400,300,300.00000000,"1,2","0,0,0,2048,1024",1,F,,B1,opened,10.21383190,3.50000000,RED,undefined,0.00093024,-0.54449999,kv370,clear,T,F,none,F,F,F,F,ng3,none,F,T,T,T,T,T,F,166,k220166.fits,N14H,G.Marcy,True Jupiter Analogs: A Survey within 50 parsecs,NASA,1998A_N14H,117,296.74054,34.41986,1.10000000,9
HI.19980717.48747.fits,187123,Star+Iodine,object,ONEAMP,,1998-07-17 00:00:00,13:32:27.68,51011.56422200,400,400.00000000,"1,2","0,0,0,2048,1024",1,F,,B1,opened,10.21383190,3.50000000,RED,undefined,0.00093024,-0.54750001,kv370,clear,T,F,none,F,F,F,F,ng3,none,F,T,T,T,T,T,F,210,k220210.fits,N14H,G.Marcy,True Jupiter Analogs: A Survey within 50 parsecs,NASA,1998A_N14H,117,296.74200,34.41672,1.37000000,11
HI.19980718.29255.fits,187123,Star+Iodine,object,ONEAMP,,1998-07-18 00:00:00,08:07:35.49,51012.33862500,250,250.00000000,"1,2","0,0,0,2048,1024",1,F,,B1,opened,10.21383190,3.50000000,RED,undefined,0.00088795,-0.54949999,kv370,clear,T,F,none,F,F,F,F,ng3,none,F,T,T,T,T,T,F,259,k220259.fits,N14H,G.Marcy,True Jupiter Analogs: A Survey within 50 parsecs,NASA,1998A_N14H,117,296.74058,34.41633,1.20000000,9
HI.19980718.38646.fits,187123,Star+Iodine,object,ONEAMP,,1998-07-18 00:00:00,10:44:06.10,51012.44730700,215,215.00000000,"1,2","0,0,0,2048,1024",1,F,,B1,opened,10.21383190,3.50000000,RED,undefined,0.00088795,-0.55100000,kv370,clear,T,F,none,F,F,F,F,ng3,none,F,T,T,T,T,T,F,306,k220306.fits,N14H,G.Marcy,True Jupiter Analogs: A Survey within 50 parsecs,NASA,1998A_N14H,117,296.74613,34.41697,1.04000000,8
HI.19980718.49487.fits,187123,Star+Iodine,object,ONEAMP,,1998-07-18 00:00:00,13:44:47.00,51012.57277000,400,400.00000000,"1,2","0,0,0,2048,1024",1,F,,B1,opened,10.21383190,3.50000000,RED,undefined,0.00088795,-0.55250001,kv370,clear,T,F,none,F,F,F,F,ng3,none,F,T,T,T,T,T,F,345,k220345.fits,N14H,G.Marcy,True Jupiter Analogs: A Survey within 50 parsecs,NASA,1998A_N14H,117,296.74117,34.41694,1.45000000,12
HI.19980719.24897.fits,187123,Star+Iodine,object,ONEAMP,,1998-07-19 00:00:00,06:54:57.63,51013.28817700,427,427.00000000,"1,2","0,0,0,2048,1024",1,F,,B1,opened,10.21383190,3.50000000,RED,undefined,-0.00004228,-0.54949999,kv370,clear,T,F,none,F,F,F,F,ng3,none,F,T,T,T,T,T,F,383,k220383.fits,N14H,G.Marcy,True Jupiter Analogs: A Survey within 50 parsecs,NASA,1998A_N14H,117,296.74483,34.42006,1.48000000,12
HI.19980719.35708.fits,187123,Star+Iodine,object,ONEAMP,,1998-07-19 00:00:00,09:55:08.00,51013.41329900,300,300.00000000,"1,2","0,0,0,2048,1024",1,F,,B1,opened,10.21383190,3.50000000,RED,undefined,-0.00004228,-0.54949999,kv370,clear,T,F,none,F,F,F,F,ng3,none,F,T,T,T,T,T,F,414,k220414.fits,N14H,G.Marcy,True Jupiter Analogs: A Survey within 50 parsecs,NASA,1998A_N14H,117,296.74275,34.41933,1.04000000,9
HI.19980719.49996.fits,187123,Star+Iodine,object,ONEAMP,,1998-07-19 00:00:00,13:53:16.00,51013.57866900,427,427.00000000,"1,2","0,0,0,2048,1024",1,F,,B1,opened,10.21383190,3.50000000,RED,undefined,-0.00004228,-0.55350000,kv370,clear,T,F,none,F,F,F,F,ng3,none,F,T,T,T,T,T,F,476,k220000.fits,N14H,G.Marcy,True Jupiter Analogs: A Survey within 50 parsecs,NASA,1998A_N14H,117,296.74079,34.41922,1.52000000,13
HI.19980812.29160.fits,H187123,Star+Iodine,object,ONEAMP,,1998-08-12 00:00:00,08:06:00.70,51037.33752000,60,60.00000000,"1,2","0,0,0,2048,1024",1,F,,B1,opened,10.21383190,3.50000000,RED,undefined,-0.00046512,-0.53799999,kv370,clear,T,F,none,F,F,F,F,bg14,none,F,T,T,T,T,T,F,94,aug11980094.fits,N14H,D.Latham,G Dwarf Planet Search,NASA,1998B_N14H,116,296.74000,34.42053,1.05000000,3
HI.19980812.29316.fits,H187123,Template,object,ONEAMP,,1998-08-12 00:00:00,08:08:36.51,51037.33932500,60,60.00000000,"1,2","0,0,0,2048,1024",1,F,,B1,opened,10.21383190,3.50000000,RED,undefined,-0.00046512,-0.53799999,kv370,clear,F,T,none,F,F,F,F,bg14,none,F,T,T,T,T,T,F,95,aug11980095.fits,N14H,D.Latham,G Dwarf Planet Search,NASA,1998B_N14H,116,296.73958,34.42075,1.04000000,3
HI.19980817.39651.fits,187123,Star+Iodine,object,ONEAMP,,1998-08-17 00:00:00,11:00:51.44,51042.45894000,427,427.00000000,"1,2","0,0,0,2048,1024",1,F,,B1,opened,10.21383190,3.50000000,RED,undefined,-0.00304441,-0.54350001,kv370,clear,T,F,none,F,F,F,F,ng3,none,F,T,T,T,T,T,F,8,k230008.fits,U05H,S.Vogt,A Survey of Nearby Stars for Extrasolar Planets,UCSC,1998B_U05H,194,296.74546,34.42089,1.25000000,13
HI.19980817.46581.fits,187123,Star+Iodine,object,ONEAMP,,1998-08-17 00:00:00,12:56:21.34,51042.53914500,427,427.00000000,"1,2","0,0,0,2048,1024",1,F,,B1,opened,10.21383190,3.50000000,RED,undefined,-0.00304441,-0.54400003,kv370,clear,T,F,none,F,F,F,F,ng3,none,F,T,T,T,T,T,F,25,k230000.fits,U05H,S.Vogt,A Survey of Nearby Stars for Extrasolar Planets,UCSC,1998B_U05H,194,296.74354,34.42094,2.04000000,13
HI.19980818.39654.fits,187123,Star+Iodine,object,ONEAMP,,1998-08-18 00:00:00,11:00:54.54,51043.45898100,300,300.00000000,"1,2","0,0,0,2048,1024",1,F,,B1,opened,10.21383190,3.50000000,RED,undefined,-0.00304441,-0.54350001,kv370,clear,T,F,none,F,F,F,F,ng3,none,F,T,T,T,T,T,F,73,k230073.fits,U05H,S.Vogt,A Survey of Nearby Stars for Extrasolar Planets,UCSC,1998B_U05H,194,296.74033,34.41739,1.27000000,10
HI.19980818.47821.fits,187123,Star+Iodine,object,ONEAMP,,1998-08-18 00:00:00,13:17:01.04,51043.55349500,430,430.00000000,"1,2","0,0,0,2048,1024",1,F,,B1,opened,10.21383190,3.50000000,RED,undefined,-0.00304441,-0.54350001,kv370,clear,T,F,none,F,F,F,F,ng3,none,F,T,T,T,T,T,F,92,k230092.fits,U05H,S.Vogt,A Survey of Nearby Stars for Extrasolar Planets,UCSC,1998B_U05H,194,296.73717,34.42086,2.43000000,14
HI.19980825.19425.fits,187123,Gl 83.1,object,ONEAMP,,1998-08-25 00:00:00,05:23:45.33,51050.22484000,430,430.00000000,"1,2","0,0,0,2048,1024",1,F,,B1,opened,10.21383190,3.50000000,RED,undefined,-0.00397465,-0.54500002,kv370,clear,T,F,none,F,F,F,F,ng3,none,F,T,T,T,T,T,F,14,k240014.fits,U05H,S.Vogt,A Survey of Nearby Stars for Extrasolar Planets,UCSC,1998B_U05H,194,296.74183,34.41939,1.24000000,13
HI.19980825.19954.fits,187123,Gl 83.1,object,ONEAMP,,1998-08-25 00:00:00,05:32:34.61,51050.23096300,300,300.00000000,"1,2","0,0,0,2048,1024",1,F,,B1,opened,10.21383190,3.50000000,RED,undefined,-0.00397465,-0.54500002,kv370,clear,T,F,none,F,F,F,F,ng3,none,F,T,T,T,T,T,F,15,k240015.fits,U05H,S.Vogt,A Survey of Nearby Stars for Extrasolar Planets,UCSC,1998B_U05H,194,296.74183,34.41939,1.22000000,9
HI.19980825.43288.fits,187123,Gl 83.1,object,ONEAMP,,1998-08-25 00:00:00,12:01:28.96,51050.50103700,230,230.00000000,"1,2","0,0,0,2048,1024",1,F,,B1,opened,10.21383190,3.50000000,RED,undefined,-0.00397465,-0.54549998,kv370,clear,T,F,none,F,F,F,F,ng3,none,F,T,T,T,T,T,F,87,k240087.fits,U05H,S.Vogt,A Survey of Nearby Stars for Extrasolar Planets,UCSC,1998B_U05H,194,296.74008,34.41617,1.78000000,8
HI.19980825.43615.fits,187123,Gl 83.1,object,ONEAMP,,1998-08-25 00:00:00,12:06:55.01,51050.50481000,230,230.00000000,"1,2","0,0,0,2048,1024",1,F,,B1,opened,10.21383190,3.50000000,RED,undefined,-0.00397465,-0.54549998,kv370,clear,T,F,none,F,F,F,F,ng3,none,F,T,T,T,T,T,F,88,k240088.fits,U05H,S.Vogt,A Survey of Nearby Stars for Extrasolar Planets,UCSC,1998B_U05H,194,296.74008,34.41617,1.84000000,8
HI.19980826.19326.fits,187123,k24,object,ONEAMP,,1998-08-26 00:00:00,05:22:06.83,51051.22370100,400,400.00000000,"1,2","0,0,0,2048,1024",1,F,,B1,opened,10.21383190,3.50000000,RED,undefined,-0.00507402,-0.54400003,kv370,clear,T,F,none,F,F,F,F,bg14,none,F,T,T,T,T,T,F,145,k240145.fits,U05H,S.Vogt,A Survey of Nearby Stars for Extrasolar Planets,UCSC,1998B_U05H,194,296.74242,34.41914,1.24000000,12
HI.19980826.19932.fits,187123,k24,object,ONEAMP,,1998-08-26 00:00:00,05:32:12.98,51051.23071700,400,400.00000000,"1,2","0,0,0,2048,1024",1,F,,B1,opened,10.21383190,3.50000000,RED,undefined,-0.00507402,-0.54400003,kv370,clear,T,F,none,F,F,F,F,bg14,none,F,T,T,T,T,T,F,146,k240146.fits,U05H,S.Vogt,A Survey of Nearby Stars for Extrasolar Planets,UCSC,1998B_U05H,194,296.74242,34.41914,1.21000000,13
HI.19980826.34749.fits,187123,k24,object,ONEAMP,,1998-08-26 00:00:00,09:39:09.58,51051.40220400,500,500.00000000,"1,2","0,0,0,2048,1024",1,F,,B1,opened,10.21383190,3.50000000,RED,undefined,-0.00511630,-0.54400003,kv370,clear,F,T,none,F,F,F,F,bg14,none,F,T,T,T,T,T,F,180,k240180.fits,U05H,S.Vogt,A Survey of Nearby Stars for Extrasolar Planets,UCSC,1998B_U05H,194,296.74113,34.41906,1.13000000,14
HI.19980826.35345.fits,187123,k24,object,ONEAMP,,1998-08-26 00:00:00,09:49:05.06,51051.40909800,500,500.00000000,"1,2","0,0,0,2048,1024",1,F,,B1,opened,10.21383190,3.50000000,RED,undefined,-0.00511630,-0.54400003,kv370,clear,F,T,none,F,F,F,F,bg14,none,F,T,T,T,T,T,F,181,k240181.fits,U05H,S.Vogt,A Survey of Nearby Stars for Extrasolar Planets,UCSC,1998B_U05H,194,296.74113,34.41906,1.15000000,16
HI.19980826.35939.fits,187123,k24,object,ONEAMP,,1998-08-26 00:00:00,09:58:59.43,51051.41597800,500,500.00000000,"1,2","0,0,0,2048,1024",1,F,,B1,opened,10.21383190,3.50000000,RED,undefined,-0.00511630,-0.54400003,kv370,clear,F,T,none,F,F,F,F,bg14,none,F,T,T,T,T,T,F,182,k240182.fits,U05H,S.Vogt,A Survey of Nearby Stars for Extrasolar Planets,UCSC,1998B_U05H,194,296.74113,34.41906,1.18000000,14
HI.19980826.44043.fits,187123,k24,object,ONEAMP,,1998-08-26 00:00:00,12:14:03.93,51051.50978200,430,430.00000000,"1,2","0,0,0,2048,1024",1,F,,B1,opened,10.21383190,3.50000000,RED,undefined,-0.00511630,-0.54400003,kv370,clear,T,F,none,F,F,F,F,bg14,none,F,T,T,T,T,T,F,199,k240199.fits,U05H,S.Vogt,A Survey of Nearby Stars for Extrasolar Planets,UCSC,1998B_U05H,194,296.74158,34.41614,1.96000000,16
HI.19980912.28430.fits,187123,k25,object,ONEAMP,,1998-09-12 00:00:00,07:53:50.93,51068.32906700,350,350.00000000,"1,2","0,0,0,2048,1024",1,F,,B1,undefined,10.19981289,3.50000000,RED,undefined,-0.00202961,-0.55100000,kv370,clear,T,F,none,F,F,F,F,ng3,none,F,T,T,T,T,T,F,43,k250043.fits,K01H,F.Chaffee,Great Planet Hunt with Marcy,KECK,1998B_K01H,115,296.74000,34.42197,1.07000000,10
HI.19980913.29698.fits,187123,k25,object,ONEAMP,,1998-09-13 00:00:00,08:14:58.86,51069.34374200,350,350.00000000,"1,2","0,0,0,2048,1024",1,F,,B1,undefined,10.19981289,3.50000000,RED,undefined,-0.00198732,-0.54750001,kv370,clear,T,F,none,F,F,F,F,ng3,none,F,T,T,T,T,T,F,163,k250163.fits,U05H,S.Vogt,A Survey of Nearby Stars for Extrasolar Planets,UCSC,1998B_U05H,193,296.74175,34.41797,1.11000000,10
HI.19980914.33654.fits,187123,k25,object,ONEAMP,,1998-09-14 00:00:00,09:20:54.30,51070.38952300,320,320.00000000,"1,2","0,0,0,2048,1024",1,F,,B1,undefined,10.19981289,3.50000000,RED,undefined,-0.00202961,-0.54750001,kv370,clear,T,F,none,F,F,F,F,bg14,none,F,T,T,T,T,T,F,303,k250303.fits,N19H,G.Marcy,Detection of True Jupiter Analogs,NASA,1998B_N19H,115,296.74125,34.41817,1.29000000,10
HI.19980915.28132.fits,187123,k25,object,ONEAMP,,1998-09-15 00:00:00,07:48:52.05,51071.32561000,300,300.00000000,"1,2","0,0,0,2048,1024",1,F,,B1,undefined,10.19981289,3.50000000,RED,undefined,-0.00046512,-0.54750001,kv370,clear,T,F,none,F,F,F,F,bg14,none,F,T,T,T,T,T,F,423,k250423.fits,N19H,G.Marcy,Detection of True Jupiter Analogs,NASA,1998B_N19H,115,296.74313,34.41800,1.08000000,9
HI.19980916.27261.fits,187123,k25,object,ONEAMP,,1998-09-16 00:00:00,07:34:21.90,51072.31554200,230,230.00000000,"1,2","0,0,0,2048,1024",1,F,,B1,undefined,10.19981289,3.50000000,RED,undefined,-0.00008457,-0.54400003,kv370,clear,T,F,none,F,F,F,F,bg14,none,F,T,T,T,T,T,F,555,k250555.fits,N19H,G.Marcy,Detection of True Jupiter Analogs,NASA,1998B_N19H,115,296.74338,34.41767,1.07000000,8
HI.19980917.29496.fits,187123,HD 187123,object,ONEAMP,,1998-09-17 00:00:00,08:11:36.36,51073.34139700,300,300.00000000,"1,2","0,0,0,2048,1024",1,F,,B2,undefined,10.19981289,7.00000000,RED,undefined,-0.00004228,-0.54400003,kv370,clear,T,F,none,F,F,F,F,bg14,none,F,T,T,T,T,T,F,700,krv0700.fits,N15H,J.Lissauer,A Search for Neptune-Mass Planets,NASA,1998B_N15H,115,296.74279,34.42078,1.13000000,10
HI.19980918.26233.fits,187123,HD 187123,object,ONEAMP,,1998-09-18 00:00:00,07:17:13.55,51074.30363700,200,200.00000000,"1,2","0,0,0,2048,1024",1,F,,B1,undefined,10.19981289,3.50000000,RED,undefined,-0.00004228,-0.54400003,kv370,clear,T,F,none,F,F,F,F,ng3,none,F,T,T,T,T,T,F,816,krv0816.fits,N15H,J.Lissauer,A Search for Neptune-Mass Planets,NASA,1998B_N15H,115,296.74458,34.41886,1.06000000,7
