model,osample,run,n_lsf,runtime,runtime_run,n_good,no_unc,misfit,v_outlier,at_bound,v_robust,v_std,v_std_all,order_scatter,within_order,v_median,v_expected,epoch_error,sigv_noise,sigv_stderr,redchi_meas,bic,partial_iod,partial_tem,lsf_fwhm,lsf_asym,lsf_cen,vs_lick_n,vs_lick_dsig,vs_lick_lo,vs_lick_hi,vs_lick_dv_median,vs_lick_dv_robust
single,10,1,1,38.43,12.23,565,59,61,23,0,319.4,463.5,1017,79.72,275.1,-684.3,-689.1,13.44,41.29,179.1,24.15,5.03e+05,0.7288,0.1547,2.005,0,5.551e-17,547,12.99,-10.95,30.08,9.6,182
single,10,2,0,38.43,10.26,565,59,62,25,0,312.1,456.4,1681,77.23,248.2,-680.1,-689.1,13.13,33.77,164.9,26.89,5.548e+05,0.6792,0.1076,nan,nan,nan,543,10.1,-12.93,31.21,16,218.4
super,10,1,4,47.72,21.45,554,59,64,31,0,295.1,448.9,1112,108.7,280.1,-680.5,-689.1,12.54,45.24,210.8,23.29,4.68e+05,0.693,0.172,2.035,0.000818,-1.643e-05,540,-2.84,-24.89,14.56,4.677,179.6
super,10,2,0,47.72,10.54,558,59,60,33,0,294.9,434.3,2315,89.79,280.8,-687.8,-689.1,12.48,33.24,164.2,26.2,5.518e+05,0.6713,0.1526,nan,nan,nan,536,-12.85,-31.9,14.99,-1.55,221.6
multi_lick,10,1,10,64.15,37.25,562,60,66,24,0,300.7,434.2,808.3,106,239.7,-676.8,-689.1,12.68,48.39,216,23.62,4.015e+05,0.6919,0.1052,1.988,-0.01754,0.02739,562,0,0,0,0,0
multi_lick,10,2,0,64.15,10.8,528,50,64,20,0,322.3,511.9,1227,85.39,296.1,-674.4,-689.1,14.03,37.07,179.6,27.81,5.266e+05,0.6276,0.1229,nan,nan,nan,501,-4.909,-32.2,15.19,23.68,242.1
multi_song,10,1,10,55.94,30.54,544,58,66,24,0,304.3,454.5,1741,72.35,288.5,-669,-689.1,13.05,47.53,238.2,28.55,4.59e+05,0.6885,0.1121,2.021,-0.007096,-1.199e-05,525,3.63,-11.75,28.28,21.1,173.1
multi_song,10,2,0,55.94,9.595,517,48,55,26,0,312.3,472.7,1024,113.1,285,-666.6,-689.1,13.73,36.74,180.7,27.38,5.199e+05,0.6159,0.15,nan,nan,nan,493,4.294,-24.62,20.09,15.71,219.1
hermite,10,1,7,66.21,39.42,544,60,68,39,0,397.3,550.5,3271,152.6,321.9,-550.5,-689.1,17.04,43.55,232.1,32.68,6.155e+05,0.6717,0.03297,2.026,-0.0789,1.921e-08,516,91.46,69.99,119.5,91.51,328
hermite,10,2,0,66.21,10.04,527,50,59,22,0,344.4,514.8,1902,128.5,298.3,-627.9,-689.1,15,37.77,186.6,29.51,6.012e+05,0.6696,0.1542,nan,nan,nan,499,28.76,4.174,54.39,20.76,259.9
single,1,1,1,32.96,10.52,569,59,63,16,0,288.7,453.3,809.1,51.74,283.6,-669.1,-689.1,12.1,40.75,173.5,24.97,5.037e+05,0.7285,0.1344,2.029,0,5.551e-17,539,2.517,-15.68,29.46,15.37,165.4
single,1,2,0,32.96,8.586,564,59,63,30,0,295.6,473.3,1122,130.6,255.2,-659.5,-689.1,12.45,33.21,161.5,26.11,5.552e+05,0.6415,0.08556,nan,nan,nan,535,-0.1919,-15.01,25.41,29.91,202.7
super,1,1,4,41.25,18.03,564,59,60,25,0,287.6,441.7,950.8,50.42,257.5,-665,-689.1,12.11,44.47,196.8,22.6,4.719e+05,0.6888,0.1137,2.049,0.0001175,-4.286e-05,538,-0.4302,-17.14,21.31,12.96,168.8
super,1,2,0,41.25,8.946,563,59,64,27,0,304.6,452,1368,107.4,285.6,-661.8,-689.1,12.84,33.72,162.3,26.72,5.465e+05,0.6403,0.1107,nan,nan,nan,533,-4.728,-13.27,34.85,32.26,195.8
multi_lick,1,1,10,51.19,29.02,556,60,71,23,0,286.5,441.2,1012,63.89,272.5,-671.1,-689.1,12.15,48.1,224.3,22.73,3.871e+05,0.6669,0.1085,2.005,-0.01342,0.03697,556,0,0,0,0,0
multi_lick,1,2,0,51.19,8.36,526,50,65,26,0,330.6,485.9,1279,113.1,284.5,-643.5,-689.1,14.41,35.58,172.2,25.63,5.255e+05,0.6211,0.1443,nan,nan,nan,497,19.24,-1.439,52.23,30.81,216
multi_song,1,1,10,49.61,27.74,541,56,66,22,0,278.2,440.1,1151,76.97,222.6,-657.9,-689.1,11.96,48.11,235.7,27.33,4.428e+05,0.6581,0.08994,2.042,-0.005795,-1.71e-05,516,-10.98,-25.61,12.54,11.68,147.7
multi_song,1,2,0,49.61,7.966,514,46,58,19,0,361.6,518,1275,173,275.4,-603.5,-689.1,15.95,35.41,176.9,26.76,5.149e+05,0.6239,0.1669,nan,nan,nan,487,62.96,29.22,77.69,50.01,208.8
hermite,1,1,7,58.33,35.74,552,60,65,35,0,375,527.2,2516,161.9,358.2,-550.9,-689.1,15.96,42.73,239.9,34.89,6.71e+05,0.6315,0.09459,2.048,-0.07598,3.883e-08,515,108.4,91.19,140.1,117.2,286.4
hermite,1,2,0,58.33,8.693,524,50,60,22,0,364.5,543.2,1247,91.4,307.8,-600.2,-689.1,15.92,36.27,194.3,32.11,6.269e+05,0.6502,0.09647,nan,nan,nan,492,58.48,28.27,87.27,45.06,255.8
