order,pix_lo,pix_hi,n,fwhm,asym,centroid,arc_fwhm,n_arc,osample,run
58,0,512,11,2.417985555689107,0.0,5.551115123125783e-17,2.8041238706157134,13,1,0
58,512,1024,7,2.5366185977886704,0.0,5.551115123125784e-17,2.9116078786416932,9,1,0
58,1024,1536,7,2.765794095966993,0.0,5.551115123125783e-17,2.816670389004713,9,1,0
58,1536,2048,10,2.455738723365891,0.0,5.551115123125783e-17,2.732296315217239,8,1,0
59,0,512,11,2.2096884944545314,0.0,5.551115123125783e-17,2.661517983174953,10,1,0
59,512,1024,8,2.4365326723365994,0.0,2.7755575615628907e-17,2.760487408829383,12,1,0
59,1024,1536,8,2.1869075748095392,0.0,5.551115123125783e-17,2.701043194790175,13,1,0
59,1536,2048,9,2.2178030353836675,0.0,5.551115123125783e-17,2.589892599830499,14,1,0
60,0,512,10,2.117382038898667,0.0,5.551115123125783e-17,2.6426526818042966,12,1,0
60,512,1024,13,2.242761888731134,0.0,5.551115123125783e-17,2.603259066983595,11,1,0
60,1024,1536,10,2.2023329514825787,0.0,5.551115123125782e-17,2.5798118693492853,10,1,0
60,1536,2048,9,2.1652734718589306,0.0,5.551115123125783e-17,2.6925300268288326,6,1,0
61,0,512,10,1.9204900272519594,0.0,5.551115123125783e-17,2.5835276290391818,16,1,0
61,512,1024,10,2.093333820580404,0.0,0.0,2.542530344871931,14,1,0
61,1024,1536,7,2.0526802546685614,0.0,5.551115123125783e-17,2.5150661316688923,13,1,0
61,1536,2048,10,2.046418549253361,0.0,5.551115123125783e-17,2.5257726670251217,10,1,0
62,0,512,10,1.989901696183598,0.0,5.551115123125784e-17,2.5036252341524463,10,1,0
62,512,1024,11,2.0388946452491936,0.0,5.5511151231257815e-17,2.4483361081423407,10,1,0
62,1024,1536,9,1.9956802785541312,0.0,0.0,2.4934904011394208,12,1,0
62,1536,2048,11,2.1032211439632627,0.0,5.551115123125783e-17,2.561280030405865,15,1,0
63,0,512,10,1.971091448242605,0.0,5.551115123125782e-17,2.517974968573468,14,1,0
63,512,1024,10,2.0317972736080567,0.0,2.7755575615628914e-17,2.4613300084372347,10,1,0
63,1024,1536,11,1.9603070979857757,0.0,5.551115123125783e-17,2.4948550753507064,13,1,0
63,1536,2048,8,1.9979943338390944,-2.8551189583081e-17,5.551115123125783e-17,2.5333546692526765,12,1,0
64,0,512,9,1.9225036035438172,0.0,5.551115123125783e-17,2.5041312516696195,15,1,0
64,512,1024,9,1.943707117127504,0.0,0.0,2.413289891612721,11,1,0
64,1024,1536,11,2.044419274207258,0.0,5.551115123125783e-17,2.5246594972929928,13,1,0
64,1536,2048,9,2.0670363373849208,0.0,5.551115123125783e-17,2.5425973161429716,12,1,0
65,0,512,11,1.8908491885310568,0.0,5.551115123125783e-17,2.4583614104986626,12,1,0
65,512,1024,10,1.9213555476792836,0.0,5.551115123125783e-17,2.4638249083199706,16,1,0
65,1024,1536,10,1.9817253844962692,0.0,5.551115123125783e-17,2.440246253578634,17,1,0
65,1536,2048,10,2.001724988206941,0.0,5.551115123125783e-17,2.5256244914359023,13,1,0
66,0,512,10,1.91302054630183,0.0,0.0,2.5284388936908337,12,1,0
66,512,1024,8,1.8496021612550209,2.936134802771663e-17,5.551115123125784e-17,2.433331193113885,14,1,0
66,1024,1536,11,2.081667549298656,0.0,0.0,2.527425921209044,12,1,0
66,1536,2048,11,2.0611364027199017,0.0,5.551115123125783e-17,2.490990008429568,12,1,0
67,0,512,10,1.8775631151270944,0.0,5.551115123125783e-17,2.465404200156321,11,1,0
67,512,1024,11,1.8884945214238296,0.0,5.551115123125783e-17,2.451115497750712,13,1,0
67,1024,1536,9,2.0950822155328073,0.0,5.5511151231257815e-17,2.5262504941837944,16,1,0
67,1536,2048,10,2.0031410482383905,0.0,5.551115123125783e-17,2.491494873640855,14,1,0
68,0,512,8,1.8592651300382892,0.0,0.0,2.4742200164009613,14,1,0
68,512,1024,9,1.9119728268986993,0.0,5.551115123125783e-17,2.4561173021604983,12,1,0
68,1024,1536,10,2.049193487560764,0.0,5.551115123125783e-17,2.646091056536332,9,1,0
68,1536,2048,9,1.993452105914383,0.0,0.0,2.590382971458694,9,1,0
69,0,512,12,1.8784033089001584,0.0,5.551115123125782e-17,2.455473633316257,15,1,0
69,512,1024,12,1.9101330715648972,0.0,5.551115123125783e-17,2.5309252514261322,13,1,0
69,1024,1536,10,2.0844215631811416,0.0,5.551115123125783e-17,2.54665394372199,11,1,0
69,1536,2048,10,2.0100733245470677,0.0,5.551115123125783e-17,2.5099452503999666,8,1,0
70,0,512,12,1.911838985927801,0.0,5.551115123125783e-17,2.440035563051352,17,1,0
70,512,1024,11,1.9162583850491806,0.0,5.551115123125784e-17,2.4209050716710143,13,1,0
70,1024,1536,9,2.125167276286672,0.0,5.551115123125783e-17,2.5698037205999475,13,1,0
70,1536,2048,12,1.9483350696856903,0.0,5.551115123125783e-17,2.500182229628556,8,1,0
71,0,512,12,1.9560307239168708,0.0,5.551115123125782e-17,2.502281171816893,13,1,0
71,512,1024,13,1.9907584025855316,0.0,5.551115123125784e-17,2.5651281362874965,16,1,0
71,1024,1536,13,2.153790692088712,0.0,5.551115123125783e-17,2.596029750658245,15,1,0
71,1536,2048,9,2.0409923619606305,0.0,5.551115123125783e-17,2.4468132708272687,11,1,0
58,0,512,10,2.0809922645057366,0.014032711944907142,0.2220415859866092,2.8041238706157134,13,1,1
58,512,1024,7,2.536014888510965,-0.07130166207620602,0.22865171268136011,2.9116078786416932,9,1,1
58,1024,1536,7,2.3727976790217036,0.0928959998562591,0.19539624595252936,2.816670389004713,9,1,1
58,1536,2048,11,2.1611367368123355,-0.06967115584166109,0.0669222221914153,2.732296315217239,8,1,1
59,0,512,10,2.1418374721727527,0.15857279946425007,0.029351360169042245,2.661517983174953,10,1,1
59,512,1024,9,2.272212304251605,0.057596844200026906,0.08153458533273572,2.760487408829383,12,1,1
59,1024,1536,9,2.1013820137527532,-0.002465739906019134,0.04293923524904025,2.701043194790175,13,1,1
59,1536,2048,11,2.067077217466772,0.30557235981606956,-0.02738126878271363,2.589892599830499,14,1,1
60,0,512,10,2.068545421710464,0.05901125091874582,0.02162201269047756,2.6426526818042966,12,1,1
60,512,1024,13,2.304629386031211,0.014484861875449067,0.0897145926580667,2.603259066983595,11,1,1
60,1024,1536,11,2.0138464485024308,0.0042002372620258376,0.10782979221231945,2.5798118693492853,10,1,1
60,1536,2048,11,2.0677592444930033,0.011179201281358254,-0.0572978965888703,2.6925300268288326,6,1,1
61,0,512,10,1.9414657061417815,-0.05395805790826581,0.02523827750489127,2.5835276290391818,16,1,1
61,512,1024,10,2.088443393564551,-0.002980784857251213,0.05413340208440767,2.542530344871931,14,1,1
61,1024,1536,7,1.9934484729157462,-0.14148990181006502,0.043849133134988005,2.5150661316688923,13,1,1
61,1536,2048,10,2.081063392816393,-0.04654865410442284,-0.017034677229921108,2.5257726670251217,10,1,1
62,0,512,10,1.968188179706139,0.03498426801073821,0.09991609910532434,2.5036252341524463,10,1,1
62,512,1024,11,2.054972878033137,0.010624825055782423,0.004310161397209633,2.4483361081423407,10,1,1
62,1024,1536,7,1.9155050059571805,0.11913699998159644,0.040677348727258256,2.4934904011394208,12,1,1
62,1536,2048,10,2.041885643639974,0.06063241252872813,-0.0003882803545715301,2.561280030405865,15,1,1
63,0,512,10,1.9006429932321764,0.021930596024266554,0.06419247511215334,2.517974968573468,14,1,1
63,512,1024,10,2.019444693345441,0.09113393854599176,0.10922398980526785,2.4613300084372347,10,1,1
63,1024,1536,9,1.9578952271093322,0.008736761376828162,-0.06790868668459349,2.4948550753507064,13,1,1
63,1536,2048,7,1.997075166920387,0.008859390917500461,-0.014546692569217035,2.5333546692526765,12,1,1
64,0,512,11,1.887917723902659,-0.023256321779106366,0.047573852529473326,2.5041312516696195,15,1,1
64,512,1024,8,1.9594130564640344,-0.016069431203143334,0.033451463066670885,2.413289891612721,11,1,1
64,1024,1536,11,2.0582306624426563,-0.033313320330700155,0.055015113971059626,2.5246594972929928,13,1,1
64,1536,2048,7,2.0894544899400103,-0.05030176739175618,-0.03231632828390546,2.5425973161429716,12,1,1
65,0,512,9,1.9030071196427816,-0.13178647403397822,0.06498786413762175,2.4583614104986626,12,1,1
65,512,1024,10,1.91235206501438,-0.04525991882632269,0.03901025503898556,2.4638249083199706,16,1,1
65,1024,1536,10,1.9581375798713978,-0.10759954352910808,-0.0033135050615958617,2.440246253578634,17,1,1
65,1536,2048,10,1.9954566617916445,-0.036394109061996624,-0.023317557235889103,2.5256244914359023,13,1,1
66,0,512,10,1.825617774076871,-0.020557030992846455,0.034930524795404566,2.5284388936908337,12,1,1
66,512,1024,8,1.8862515940395403,-0.015764694328698613,0.050739808357366356,2.433331193113885,14,1,1
66,1024,1536,11,2.0160727977749215,-0.0316098940785237,-0.015761193539519547,2.527425921209044,12,1,1
66,1536,2048,11,1.983759440389098,-0.018479256799747632,0.03405767337704041,2.490990008429568,12,1,1
67,0,512,11,1.866371013873359,0.0030082030677998275,0.055831073046731294,2.465404200156321,11,1,1
67,512,1024,10,1.9600428897231048,-0.011080486261872429,0.033380849519434236,2.451115497750712,13,1,1
67,1024,1536,10,2.1244376736072614,0.01757428608916941,0.023724220585451233,2.5262504941837944,16,1,1
67,1536,2048,9,1.9907778787286508,-0.1103270191926373,0.05276645224939714,2.491494873640855,14,1,1
68,0,512,8,1.8510749760597298,-0.016016263893902483,-0.004764555431933799,2.4742200164009613,14,1,1
68,512,1024,10,1.8630830419086215,-0.016157390931062568,0.12128433279589038,2.4561173021604983,12,1,1
68,1024,1536,10,2.080101263040057,-0.030076487615650363,0.03148688564744062,2.646091056536332,9,1,1
68,1536,2048,10,1.9597531496977245,-0.05318312297493501,-0.018777117368645346,2.590382971458694,9,1,1
69,0,512,12,1.883225871727024,-0.049062572334677104,0.03171091764741224,2.455473633316257,15,1,1
69,512,1024,11,1.9512360781169984,-0.038245370457010486,0.032358791057048086,2.5309252514261322,13,1,1
69,1024,1536,10,2.124230224731204,-0.02287791729175053,0.06834595460477211,2.54665394372199,11,1,1
69,1536,2048,10,2.014413615030662,-0.02019774624447411,0.044838832064985595,2.5099452503999666,8,1,1
70,0,512,12,1.8518489513008698,0.04714213402078415,-0.0020766473944153485,2.440035563051352,17,1,1
70,512,1024,10,1.8295027436761502,0.025595712189745542,0.14839020806103015,2.4209050716710143,13,1,1
70,1024,1536,9,2.136014439600124,-0.10205386429546935,0.05232481198622358,2.5698037205999475,13,1,1
70,1536,2048,11,2.0308668054661734,0.011205297898882145,-0.09252366681102371,2.500182229628556,8,1,1
71,0,512,12,1.853903443982826,-0.26209513192190076,0.29323003320631025,2.502281171816893,13,1,1
71,512,1024,13,1.9156883994042309,0.0863309793126242,0.14140635147683794,2.5651281362874965,16,1,1
71,1024,1536,13,2.1313978805001415,0.028352045401708593,0.027332996490287424,2.596029750658245,15,1,1
71,1536,2048,9,2.027537320407212,0.026782105113096477,0.0034996431490539326,2.4468132708272687,11,1,1
58,0,512,10,2.3671772494470753,0.0,5.551115123125783e-17,2.8041238706157134,13,10,0
58,512,1024,7,2.459231975199605,0.0,0.0,2.9116078786416932,9,10,0
58,1024,1536,7,2.5985428006976807,0.0,5.551115123125783e-17,2.816670389004713,9,10,0
58,1536,2048,11,2.322030205102118,0.0,5.551115123125783e-17,2.732296315217239,8,10,0
59,0,512,11,2.1726447791741954,0.0,5.551115123125783e-17,2.661517983174953,10,10,0
59,512,1024,7,2.3907158402899267,0.0,1.1102230246251565e-16,2.760487408829383,12,10,0
59,1024,1536,8,2.193153907696084,0.0,5.551115123125782e-17,2.701043194790175,13,10,0
59,1536,2048,9,2.13079086964519,0.0,5.551115123125783e-17,2.589892599830499,14,10,0
60,0,512,10,2.0788466747200935,0.0,5.551115123125783e-17,2.6426526818042966,12,10,0
60,512,1024,13,2.2587152218004607,0.0,5.551115123125783e-17,2.603259066983595,11,10,0
60,1024,1536,10,2.1887487725363304,0.0,0.0,2.5798118693492853,10,10,0
60,1536,2048,10,2.133101364115269,0.0,5.551115123125783e-17,2.6925300268288326,6,10,0
61,0,512,9,1.8792796282773414,0.0,5.551115123125783e-17,2.5835276290391818,16,10,0
61,512,1024,9,2.0868892995066872,0.0,5.551115123125783e-17,2.542530344871931,14,10,0
61,1024,1536,7,2.055192092398981,0.0,5.551115123125783e-17,2.5150661316688923,13,10,0
61,1536,2048,11,2.0400912861876908,0.0,5.551115123125783e-17,2.5257726670251217,10,10,0
62,0,512,10,1.9750511888727846,0.0,5.551115123125783e-17,2.5036252341524463,10,10,0
62,512,1024,12,2.0598289503195666,0.0,5.551115123125783e-17,2.4483361081423407,10,10,0
62,1024,1536,7,1.9633864248541892,0.0,5.551115123125783e-17,2.4934904011394208,12,10,0
62,1536,2048,11,2.0834069037094762,0.0,5.551115123125783e-17,2.561280030405865,15,10,0
63,0,512,10,1.943865947123793,0.0,5.551115123125783e-17,2.517974968573468,14,10,0
63,512,1024,10,2.0038214600282296,0.0,2.7755575615628907e-17,2.4613300084372347,10,10,0
63,1024,1536,9,1.9472710753359126,0.0,5.551115123125783e-17,2.4948550753507064,13,10,0
63,1536,2048,8,1.9883317187966303,0.0,2.7755575615628914e-17,2.5333546692526765,12,10,0
64,0,512,11,1.9017863699649924,0.0,5.551115123125783e-17,2.5041312516696195,15,10,0
64,512,1024,8,1.906377987988055,0.0,5.551115123125783e-17,2.413289891612721,11,10,0
64,1024,1536,9,2.057519209841117,0.0,5.551115123125783e-17,2.5246594972929928,13,10,0
64,1536,2048,9,2.018336146825784,0.0,5.551115123125783e-17,2.5425973161429716,12,10,0
65,0,512,11,1.8958795047423087,0.0,0.0,2.4583614104986626,12,10,0
65,512,1024,10,1.9078275960034692,2.8832474882379634e-17,5.551115123125783e-17,2.4638249083199706,16,10,0
65,1024,1536,10,1.9834498052063774,0.0,5.551115123125783e-17,2.440246253578634,17,10,0
65,1536,2048,10,2.0206940408518044,0.0,5.551115123125783e-17,2.5256244914359023,13,10,0
66,0,512,9,1.858907244075255,0.0,5.551115123125783e-17,2.5284388936908337,12,10,0
66,512,1024,8,1.8565399976607408,0.0,2.7755575615628914e-17,2.433331193113885,14,10,0
66,1024,1536,12,2.04539554915381,0.0,0.0,2.527425921209044,12,10,0
66,1536,2048,11,1.9970162629301402,0.0,5.551115123125783e-17,2.490990008429568,12,10,0
67,0,512,10,1.8470663049129263,0.0,5.551115123125783e-17,2.465404200156321,11,10,0
67,512,1024,9,1.8943962642970873,0.0,5.551115123125783e-17,2.451115497750712,13,10,0
67,1024,1536,9,2.0279854359314475,0.0,0.0,2.5262504941837944,16,10,0
67,1536,2048,10,1.9932688411637896,0.0,5.551115123125783e-17,2.491494873640855,14,10,0
68,0,512,7,1.8471214098294526,5.841688070661367e-17,5.551115123125783e-17,2.4742200164009613,14,10,0
68,512,1024,9,1.874589912294276,0.0,5.551115123125783e-17,2.4561173021604983,12,10,0
68,1024,1536,11,2.0605390653180535,0.0,5.551115123125783e-17,2.646091056536332,9,10,0
68,1536,2048,9,1.9530272437156504,0.0,0.0,2.590382971458694,9,10,0
69,0,512,12,1.807773404464331,0.0,2.7755575615628907e-17,2.455473633316257,15,10,0
69,512,1024,12,1.9238104674341736,0.0,5.551115123125783e-17,2.5309252514261322,13,10,0
69,1024,1536,10,2.030246554382223,0.0,2.7755575615628914e-17,2.54665394372199,11,10,0
69,1536,2048,10,2.0029776597855333,0.0,5.551115123125783e-17,2.5099452503999666,8,10,0
70,0,512,12,1.8392207336942752,0.0,5.551115123125782e-17,2.440035563051352,17,10,0
70,512,1024,10,1.8613030870888099,0.0,5.551115123125783e-17,2.4209050716710143,13,10,0
70,1024,1536,9,2.0982018446897737,0.0,5.551115123125783e-17,2.5698037205999475,13,10,0
70,1536,2048,12,1.9366787896111028,0.0,2.7755575615628907e-17,2.500182229628556,8,10,0
71,0,512,11,1.755044455564014,0.0,0.0,2.502281171816893,13,10,0
71,512,1024,13,1.7676196982515862,0.0,5.551115123125783e-17,2.5651281362874965,16,10,0
71,1024,1536,13,2.0654635899655798,0.0,0.0,2.596029750658245,15,10,0
71,1536,2048,10,1.9236090890629143,5.771784740957944e-17,5.551115123125783e-17,2.4468132708272687,11,10,0
58,0,512,11,2.1587728013227374,-0.1308451134483998,0.18770264055025745,2.8041238706157134,13,10,1
58,512,1024,6,2.380000735788021,-0.044299891257401525,0.2687138643174791,2.9116078786416932,9,10,1
58,1024,1536,7,2.103243266669854,-0.01769116653587856,0.0451902767953739,2.816670389004713,9,10,1
58,1536,2048,11,2.072754227585463,-0.15870378960931225,0.06765272622843821,2.732296315217239,8,10,1
59,0,512,11,1.9488360748906808,0.041666362869363385,0.20722407644645605,2.661517983174953,10,10,1
59,512,1024,9,2.227342965900481,0.05275336558434075,0.09292740189818371,2.760487408829383,12,10,1
59,1024,1536,9,2.041684303395228,-0.04864317772693419,0.00867457214399392,2.701043194790175,13,10,1
59,1536,2048,11,2.08488531068614,0.1727042133675899,-0.022971342792631355,2.589892599830499,14,10,1
60,0,512,10,2.02974005575253,-0.04300211383638706,-0.0025694903521320256,2.6426526818042966,12,10,1
60,512,1024,13,2.3197221444567337,0.025916574073631383,0.10246846467901334,2.603259066983595,11,10,1
60,1024,1536,11,2.0954257659408735,-0.007185149329942343,0.02196561976175554,2.5798118693492853,10,10,1
60,1536,2048,11,2.0604431965731993,0.1156313765127206,-0.06362623350510782,2.6925300268288326,6,10,1
61,0,512,10,1.90114773456596,0.010925944174273314,0.04047223935627717,2.5835276290391818,16,10,1
61,512,1024,10,2.0726601416747585,-0.05531392222439634,0.06500512715806883,2.542530344871931,14,10,1
61,1024,1536,8,2.0198509769651896,-0.14007826128176853,0.03223380934581943,2.5150661316688923,13,10,1
61,1536,2048,10,2.069033873314665,0.016642275922303298,-0.017016955828497715,2.5257726670251217,10,10,1
62,0,512,10,1.9603040247565058,0.04552247222851867,0.07745404764363967,2.5036252341524463,10,10,1
62,512,1024,10,2.063852983495403,-0.03340466999350393,0.0535674374935215,2.4483361081423407,10,10,1
62,1024,1536,6,1.8779090455290046,0.09886986850582367,0.018502132214876316,2.4934904011394208,12,10,1
62,1536,2048,10,2.0218922671497723,0.020143599936745894,0.01591966675005127,2.561280030405865,15,10,1
63,0,512,10,1.8977927491312327,-0.001682680794783768,0.06047789901446819,2.517974968573468,14,10,1
63,512,1024,10,1.9992662477347456,0.05511905272327265,0.10763901098761781,2.4613300084372347,10,10,1
63,1024,1536,10,1.9763632319843254,-0.019799075823970214,-0.0542549203152095,2.4948550753507064,13,10,1
63,1536,2048,7,1.9844790626476654,0.012429637625914144,-0.009625465270380884,2.5333546692526765,12,10,1
64,0,512,10,1.8784871375107501,-0.004904170253842598,0.05454508227963703,2.5041312516696195,15,10,1
64,512,1024,9,1.918889690477141,-0.031108240159273146,-0.004374294572408455,2.413289891612721,11,10,1
64,1024,1536,11,2.020270095506376,-0.05071717693825743,-0.01000878585566034,2.5246594972929928,13,10,1
64,1536,2048,8,2.039527792002467,-0.042359647378010554,-0.061174518275594,2.5425973161429716,12,10,1
65,0,512,11,1.8486312377356398,-0.037307145408286516,0.0864501042100303,2.4583614104986626,12,10,1
65,512,1024,10,1.9075289302530511,-0.015183490629146654,0.07524758622412438,2.4638249083199706,16,10,1
65,1024,1536,10,1.9832565216970446,-0.13243808655817724,0.02355926863083932,2.440246253578634,17,10,1
65,1536,2048,11,1.9507997421535799,-0.008566914480862452,-0.006639866849108613,2.5256244914359023,13,10,1
66,0,512,9,1.846559923010608,-0.04043288635878872,0.02025195644917932,2.5284388936908337,12,10,1
66,512,1024,8,1.8917836393796776,-0.03473281933010132,0.0615269870038783,2.433331193113885,14,10,1
66,1024,1536,12,1.9804111317362887,0.005805629097531444,-0.029269223256322335,2.527425921209044,12,10,1
66,1536,2048,11,2.031837209538879,0.02677794906019329,-0.011201640906751242,2.490990008429568,12,10,1
67,0,512,9,1.8233195545189005,0.01384010600616132,0.06971285611722372,2.465404200156321,11,10,1
67,512,1024,13,1.9281956424282307,-0.006875249639938915,0.07175154139464192,2.451115497750712,13,10,1
67,1024,1536,10,2.0694556529013397,0.08222953261042709,0.024214654881480363,2.5262504941837944,16,10,1
67,1536,2048,9,1.9423890855024788,-0.2541413716081933,0.041297566995658515,2.491494873640855,14,10,1
68,0,512,8,1.868112587558275,0.005749911130685647,0.02818035444178252,2.4742200164009613,14,10,1
68,512,1024,8,1.8686201582727608,-0.04576020259556578,0.063834130210223,2.4561173021604983,12,10,1
68,1024,1536,11,2.0581398257288788,0.0072977299669837545,-0.03219896776859127,2.646091056536332,9,10,1
68,1536,2048,10,1.9908593285107639,-0.017379618277357303,-0.024761421042895387,2.590382971458694,9,10,1
69,0,512,12,1.8278444489395402,-0.0774833227460647,0.026590091021059747,2.455473633316257,15,10,1
69,512,1024,12,1.8892173721900827,-0.009468475972568712,0.05742074026087288,2.5309252514261322,13,10,1
69,1024,1536,10,2.1269803259179216,-0.0182821828856737,0.07002081514816996,2.54665394372199,11,10,1
69,1536,2048,10,2.031479872058794,-0.061665673361174386,-0.017617004285898158,2.5099452503999666,8,10,1
70,0,512,12,1.8365523418881866,0.04737143184923017,-0.015414493486128916,2.440035563051352,17,10,1
70,512,1024,10,1.89859670313154,-0.05836818417345292,0.013699143750573297,2.4209050716710143,13,10,1
70,1024,1536,9,2.128070850085284,-0.06461266419005099,0.044727330182252056,2.5698037205999475,13,10,1
70,1536,2048,11,2.0392602076571507,-0.049180300395064366,-0.05634801350732327,2.500182229628556,8,10,1
71,0,512,12,1.5963384625438373,0.0063541195905429,0.052662335185778994,2.502281171816893,13,10,1
71,512,1024,13,1.8638068557677685,-0.055129120239027496,0.10452521695950286,2.5651281362874965,16,10,1
71,1024,1536,13,2.135348804003913,-0.04052347660939755,0.006142149729822134,2.596029750658245,15,10,1
71,1536,2048,9,1.8968756895053205,-0.05320211225570789,-0.015726688510749542,2.4468132708272687,11,10,1
