param,mc_std,mc_mean,stderr,ratio,start,osample
velocity,27.40314718595471,-424.7933507692196,267.7186159345359,0.1023580190353871,best,10
tem_depth,0.006900785697027069,0.9598785394806305,0.05400051274320943,0.12779111431483295,best,10
iod_depth,0.00846897680031452,1.1209128172038791,0.07651756134583292,0.11068017134050671,best,10
lsf_fwhm,0.012519744874859112,2.07984798586342,0.1132860789662395,0.11051441614984427,best,10
wave_intercept,9.045073597419343e-05,5662.229182750259,0.002074103959517413,0.04360954790098315,best,10
wave_slope,6.349341790305526e-06,0.03933345607348963,4.455012178943867e-05,0.14252131162098733,best,10
cont_intercept,50.93707958399029,72232.05276227652,550.4098006181416,0.09254391823471356,best,10
cont_slope,3.133587969071558,-0.11387790197263617,18.692231223127607,0.16764119444416128,best,10
velocity,77.76063515067396,-333.238860388858,267.7186159345359,0.29045658584193657,guess,10
tem_depth,0.010186997798552542,0.9673531702670914,0.05400051274320943,0.1886463161376844,guess,10
iod_depth,0.03353309993240023,1.147072998306654,0.07651756134583292,0.4382405730475677,guess,10
lsf_fwhm,0.017973854524626576,2.0887849810554586,0.1132860789662395,0.15865898695269506,guess,10
wave_intercept,0.0007162232385141994,5662.22851887465,0.002074103959517413,0.3453169428792011,guess,10
wave_slope,2.125328874740132e-05,0.03931161473098446,4.455012178943867e-05,0.47706466096440076,guess,10
cont_intercept,217.55243666921422,72088.68227519261,550.4098006181416,0.3952553832160881,guess,10
cont_slope,11.909619827127356,9.831036034745079,18.692231223127607,0.6371427618759482,guess,10
velocity,25.72090678418689,-329.58438821139947,240.30838813722082,0.10703291293144436,best,1
tem_depth,0.007553700956950405,0.9446970595580119,0.0493957906843509,0.15292195655334448,best,1
iod_depth,0.007883181442554609,1.1178571938690667,0.07056819811572339,0.11171011380547277,best,1
lsf_fwhm,0.012914632692439964,2.067207270430784,0.10318304979655896,0.1251623470899835,best,1
wave_intercept,9.278832497072347e-05,5662.229685311429,0.001906565340412707,0.04866779176350596,best,1
wave_slope,8.670406296742591e-06,0.03932479494208938,5.017123254322561e-05,0.17281629047627045,best,1
cont_intercept,46.03435088521576,72221.08554517242,485.611566039987,0.09479665251923823,best,1
cont_slope,3.123797305799027,10.10363508572231,17.29315326802811,0.18063780835010346,best,1
velocity,87.8468350344306,-218.30701340657114,240.30838813722082,0.3655587543796779,guess,1
tem_depth,0.009109990297728078,0.9551340617065894,0.0493957906843509,0.1844284739957451,guess,1
iod_depth,0.05234349644942321,1.17404933557039,0.07056819811572339,0.7417434176735836,guess,1
lsf_fwhm,0.028115768965852366,2.0962572430354447,0.10318304979655896,0.2724843762738829,guess,1
wave_intercept,0.0012823368295593325,5662.2284281151715,0.001906565340412707,0.6725900247833887,guess,1
wave_slope,2.5112265223945954e-05,0.0392841263809338,5.017123254322561e-05,0.5005311600090787,guess,1
cont_intercept,307.693768292312,71919.37367769894,485.611566039987,0.6336211692844551,guess,1
cont_slope,17.62834418960441,30.353893825068834,17.29315326802811,1.0193828688372297,guess,1
