param,value,stderr,start,min,max,vary,osample,chunk
velocity,-417.4599050260743,267.7186159345359,225.73209446259716,-inf,inf,True,10,276
tem_depth,0.960912177363068,0.05400051274320943,1.0,-inf,inf,True,10,276
iod_depth,1.1213455670643948,0.07651756134583292,1.0,0.1,inf,True,10,276
lsf_fwhm,2.079811803255224,0.1132860789662395,2.2,0.5,4.0,True,10,276
wave_intercept,5662.229201640665,0.002074103959517413,5662.238788192456,-inf,inf,True,10,276
wave_slope,0.039333111684346174,4.455012178943867e-05,0.039335491828235536,-inf,inf,True,10,276
cont_intercept,72235.52373991876,550.4098006181416,70873.932039367,-inf,inf,True,10,276
cont_slope,0.1784137790708895,18.692231223127607,6.32617290671829,-inf,inf,True,10,276
velocity,-323.11193162104956,240.30838813722082,225.73209446259716,-inf,inf,True,1,276
tem_depth,0.94552858664626,0.0493957906843509,1.0,-inf,inf,True,1,276
iod_depth,1.1183075040564532,0.07056819811572339,1.0,0.1,inf,True,1,276
lsf_fwhm,2.0669600123759526,0.10318304979655896,2.2,0.5,4.0,True,1,276
wave_intercept,5662.229705346441,0.001906565340412707,5662.238788192456,-inf,inf,True,1,276
wave_slope,0.03932433754837511,5.017123254322561e-05,0.039335491828235536,-inf,inf,True,1,276
cont_intercept,72223.6972398035,485.611566039987,70873.932039367,-inf,inf,True,1,276
cont_slope,10.379096854144786,17.29315326802811,6.32617290671829,-inf,inf,True,1,276
