koaid,night,order,wave_min,wave_max,n_valid,n_good,frac_good,frac_zero,snr_valid,snr_good,med_counts,med_frac_use,fwhm,flag_masked,flag_lowsnr,resid,resid_format,resid_det,nsigma,snr_rel,snr_rel_ratio,flag_anomaly,use
HI.19980715.38054,19980715,93,3806.2337,3860.6911,2037,2032,0.9975,0.0054,44.1480,44.1441,2116.5617,0.9907,1.9182,0,0,-0.0294,-0.0296,0.0001,0.1186,0.4244,1.0123,0,1
HI.19980715.38054,19980715,92,3847.5935,3902.6537,2037,2032,0.9975,0.0054,52.7224,52.7131,3080.5049,0.9914,1.8985,0,0,0.0206,0.0207,-0.0001,-0.0848,0.5068,1.0087,0,1
HI.19980715.38054,19980715,91,3889.8645,3945.5372,2037,2036,0.9995,0.0054,57.4118,57.4114,3707.1771,0.9918,1.8996,0,0,-0.0179,-0.0169,-0.0010,-0.9731,0.5519,1.0019,0,1
HI.19980715.38054,19980715,90,3933.0736,3989.3747,2037,2035,0.9990,0.0054,64.8436,64.8436,4819.4313,0.9929,1.8844,0,0,-0.0236,-0.0220,-0.0016,-1.5388,0.6234,1.0031,0,1
HI.19980715.38054,19980715,89,3977.2535,4034.1970,2038,2036,0.9990,0.0049,86.5834,86.5834,9386.8856,0.9943,1.8917,0,0,0.0620,0.0621,-0.0002,-0.1542,0.8324,1.0031,0,1
HI.19980715.38054,19980715,88,4022.4373,4080.0383,2037,2037,1.0000,0.0054,91.8339,91.8339,10860.4379,0.9942,1.8966,0,0,0.0415,0.0419,-0.0003,-0.3265,0.8829,1.0017,0,1
HI.19980715.38054,19980715,87,4068.6595,4126.9333,2037,2036,0.9995,0.0054,96.9065,96.9163,12487.5060,0.9945,1.8970,0,0,0.0230,0.0231,-0.0000,-0.0044,0.9317,1.0018,0,1
HI.19980715.38054,19980715,86,4115.9568,4174.9187,2037,2036,0.9995,0.0054,102.4712,102.4795,14452.5552,0.9948,1.9080,0,0,0.0156,0.0160,-0.0003,-0.3269,0.9852,0.9998,0,1
HI.19980715.38054,19980715,85,4164.3663,4224.0336,2038,2037,0.9995,0.0049,105.5514,105.5524,15646.1160,0.9951,1.8997,0,0,0.0097,0.0092,0.0005,0.5175,1.0148,1.0002,0,1
HI.19980715.38054,19980715,84,4213.9299,4274.3167,2037,2006,0.9848,0.0054,108.2634,108.0635,16829.4324,0.9954,1.9121,0,0,0.0023,0.0022,0.0001,0.0578,1.0389,0.9974,0,1
HI.19980715.38054,19980715,83,4264.6871,4325.8117,2039,2039,1.0000,0.0044,106.1604,106.1604,15935.1624,0.9955,1.9039,0,0,-0.0252,-0.0258,0.0006,0.5602,1.0206,0.9982,0,1
HI.19980715.38054,19980715,82,4316.6827,4378.5620,2039,2036,0.9985,0.0044,115.5719,115.5845,20276.4133,0.9957,1.8992,0,0,0.0010,0.0019,-0.0008,-0.7918,1.1112,0.9949,0,1
HI.19980715.38054,19980715,81,4369.9602,4432.6154,2039,2039,1.0000,0.0044,119.9778,119.9778,22668.7929,0.9959,1.9020,0,0,0.0038,0.0040,-0.0002,-0.1582,1.1535,0.9942,0,1
HI.19980715.38054,19980715,80,4424.5707,4488.0190,2039,2035,0.9980,0.0044,125.0601,125.0781,25868.7159,0.9961,1.8936,0,0,0.0093,0.0091,0.0002,0.2211,1.2025,0.9961,0,1
HI.19980715.38054,19980715,79,4480.5635,4544.8256,2039,2038,0.9995,0.0044,129.3351,129.3427,28829.5136,0.9962,1.9047,0,0,0.0098,0.0097,0.0001,0.0852,1.2435,0.9950,0,1
HI.19980715.38054,19980715,78,4537.9916,4603.0882,2039,2036,0.9985,0.0044,131.8040,131.8401,30728.5473,0.9964,1.8969,0,0,0.0079,0.0079,0.0000,0.0212,1.2675,0.9985,0,1
HI.19980715.38054,19980715,77,4596.9137,4662.8627,2039,2039,1.0000,0.0044,134.0943,134.0943,32679.6305,0.9965,1.8954,0,0,0.0072,0.0071,0.0001,0.0773,1.2892,0.9973,0,1
HI.19980715.38054,19980715,76,4657.3846,4724.2100,2039,2039,1.0000,0.0044,133.4312,133.4312,32166.9451,0.9965,1.8905,0,0,0.0009,0.0005,0.0004,0.4060,1.2828,0.9983,0,1
HI.19980715.38054,19980715,75,4719.4703,4785.9316,2000,1999,0.9995,0.0234,135.5589,135.5656,34126.7849,0.9966,1.8876,0,0,0.0065,0.0063,0.0001,0.1223,1.3033,0.9973,0,1
HI.19980715.38054,19980715,74,4783.2322,4850.5978,2000,1988,0.9940,0.0234,136.3899,136.3899,34927.9189,0.9967,1.8817,0,0,0.0097,0.0100,-0.0003,-0.2633,1.3112,0.9939,0,1
HI.19980715.38054,19980715,73,4848.7415,4918.3360,2039,1996,0.9789,0.0044,132.0361,131.7457,31026.1296,0.9968,1.8824,0,0,-0.0082,-0.0082,0.0000,0.0000,1.2666,0.9821,0,1
HI.19980715.38054,19980715,72,4916.0722,4986.6323,2039,2039,1.0000,0.0044,133.9189,133.9189,33040.6109,0.9969,1.8743,0,0,-0.0017,-0.0016,-0.0000,-0.0291,1.2875,0.9946,0,1
HI.19980715.38054,19980715,71,4985.2980,5056.8574,2039,2036,0.9985,0.0044,131.5619,131.5633,31049.9104,0.9969,1.8828,0,0,-0.0135,-0.0135,0.0000,0.0000,1.2648,0.9872,0,1
HI.19980715.38054,19980715,70,5056.5039,5129.0854,1927,1921,0.9969,0.0591,134.7762,134.7628,33774.8471,0.9971,1.8761,0,0,-0.0060,-0.0050,-0.0010,-0.9890,1.2956,0.9939,0,1
HI.19980715.38054,19980715,69,5129.7730,5203.4065,2040,2026,0.9931,0.0039,136.7147,136.6965,35579.2401,0.9972,1.8816,0,0,-0.0070,-0.0070,0.0000,0.0000,1.3142,1.0000,0,1
HI.19980715.38054,19980715,68,5205.1970,5279.9141,2040,2040,1.0000,0.0039,140.9466,140.9466,39881.2844,0.9972,1.8894,0,0,0.0009,0.0009,0.0000,0.0000,1.3550,0.9958,0,1
HI.19980715.38054,19980715,67,5282.8751,5358.7050,2040,2028,0.9941,0.0039,145.6151,145.5581,44876.0650,0.9974,1.8890,0,0,0.0073,0.0070,0.0003,0.3269,1.3994,1.0000,0,1
HI.19980715.38054,19980715,66,5362.9071,5439.8775,2040,2031,0.9956,0.0039,147.4666,147.4488,47206.8785,0.9972,1.8970,0,0,0.0050,0.0047,0.0002,0.2401,1.4176,0.9959,0,1
HI.19980715.38054,19980715,65,5445.3982,5523.5491,2040,2038,0.9990,0.0039,148.9188,148.9129,49328.6353,0.9973,1.8970,0,0,0.0007,0.0010,-0.0003,-0.2899,1.4316,0.9980,0,1
HI.19980715.38054,19980715,64,5530.4742,5609.8346,2040,2020,0.9902,0.0039,150.8402,150.7696,51778.2971,0.9972,1.8991,0,0,-0.0013,-0.0017,0.0004,0.4045,1.4495,0.9999,0,1
HI.19980715.38054,19980715,63,5618.2483,5698.8574,2040,2040,1.0000,0.0039,152.4018,152.4018,54105.5572,0.9971,1.9111,0,0,-0.0027,-0.0023,-0.0004,-0.3563,1.4652,0.9999,0,1
HI.19980715.38054,19980715,62,5708.8597,5790.7517,2041,2039,0.9990,0.0034,155.4044,155.4015,58275.1953,0.9970,1.9157,0,0,0.0002,0.0002,0.0000,0.0000,1.4940,1.0020,0,1
HI.19980715.38054,19980715,61,5802.4375,5885.6535,2041,2040,0.9995,0.0034,157.9560,157.9527,62317.2772,0.9970,1.9274,0,0,0.0021,0.0024,-0.0002,-0.2194,1.5185,1.0034,0,1
HI.19980715.38054,19980715,60,5899.1367,5983.7193,2041,2032,0.9956,0.0034,160.0162,160.0019,65670.9334,0.9969,1.9359,0,0,0.0021,0.0014,0.0006,0.6258,1.5382,1.0201,0,1
HI.19980715.38054,19980715,59,5999.1116,6085.1080,2041,2040,0.9995,0.0034,162.4087,162.4051,70195.4038,0.9968,1.9481,0,0,0.0031,0.0021,0.0009,0.9052,1.5613,1.0241,0,1
HI.19980715.38054,19980715,58,6102.5410,6189.9893,2041,2041,1.0000,0.0034,162.5052,162.5052,69538.1538,0.9967,1.9688,0,0,-0.0030,-0.0030,0.0000,0.0000,1.5623,1.0211,0,1
HI.19980715.38054,19980715,57,6209.5892,6261.8971,1165,1088,0.9339,0.4312,165.4899,165.1412,73708.3535,0.9994,2.0386,0,0,0.0026,0.0041,-0.0015,-1.4416,1.5877,1.0137,0,1
HI.19980716.52985,19980716,93,3806.1910,3860.6513,2037,2026,0.9946,0.0054,32.9409,32.9474,1179.6216,0.9697,2.2374,0,0,-0.0281,-0.0296,0.0014,1.3935,0.3686,0.8792,0,1
HI.19980716.52985,19980716,92,3847.5531,3902.6128,2037,2017,0.9902,0.0054,40.0312,40.0110,1740.9114,0.9707,2.3000,0,0,0.0186,0.0207,-0.0021,-2.0126,0.4476,0.8909,0,1
HI.19980716.52985,19980716,91,3889.8224,3945.4963,2037,2035,0.9990,0.0054,44.8062,44.8062,2180.0787,0.9729,2.3429,0,0,-0.0165,-0.0169,0.0004,0.3779,0.5012,0.9098,0,1
HI.19980716.52985,19980716,90,3933.0317,3989.3333,2037,2014,0.9887,0.0054,51.4144,51.4164,2901.6264,0.9726,2.3187,0,0,-0.0248,-0.0220,-0.0028,-2.7440,0.5752,0.9256,0,1
HI.19980716.52985,19980716,89,3977.2097,4034.1564,2037,2030,0.9966,0.0054,70.6474,70.7208,5706.3188,0.9786,2.3552,0,0,0.0659,0.0621,0.0038,3.6744,0.7911,0.9533,0,1
HI.19980716.52985,19980716,88,4022.3941,4079.9968,2037,2024,0.9936,0.0054,76.1546,76.1549,6725.1567,0.9768,2.3475,0,0,0.0438,0.0419,0.0019,1.8885,0.8519,0.9666,0,1
HI.19980716.52985,19980716,87,4068.6159,4126.8911,2037,2022,0.9926,0.0054,81.7864,81.8260,7909.9223,0.9763,2.3182,0,0,0.0266,0.0231,0.0035,3.4205,0.9154,0.9842,0,1
HI.19980716.52985,19980716,86,4115.9142,4174.8753,2038,2037,0.9995,0.0049,87.6450,87.6294,9281.4857,0.9770,2.2902,0,0,0.0188,0.0160,0.0028,2.6933,0.9803,0.9948,0,1
HI.19980716.52985,19980716,85,4164.3221,4223.9899,2038,2031,0.9966,0.0049,91.1346,91.1517,10124.8417,0.9761,2.2743,0,0,0.0117,0.0092,0.0025,2.4251,1.0197,1.0050,0,1
HI.19980716.52985,19980716,84,4213.8847,4274.2731,2037,2002,0.9828,0.0054,94.2338,94.0043,10965.2299,0.9758,2.2968,0,0,0.0020,0.0022,-0.0002,-0.2099,1.0516,1.0096,0,1
HI.19980716.52985,19980716,83,4264.6399,4325.7677,2039,2039,1.0000,0.0044,92.5387,92.5387,10493.3033,0.9756,2.2891,0,0,-0.0297,-0.0258,-0.0040,-3.8407,1.0352,1.0125,0,1
HI.19980716.52985,19980716,82,4316.6348,4378.5175,2039,2033,0.9971,0.0044,102.7163,102.7710,13511.8886,0.9758,2.3191,0,0,0.0013,0.0019,-0.0006,-0.5790,1.1497,1.0293,0,1
HI.19980716.52985,19980716,81,4369.9114,4432.5712,2039,2035,0.9980,0.0044,108.0375,108.0018,15303.7739,0.9766,2.2844,0,0,0.0054,0.0040,0.0014,1.3174,1.2082,1.0414,0,1
HI.19980716.52985,19980716,80,4424.5230,4487.9725,2039,2039,1.0000,0.0044,113.6164,113.6164,17471.1776,0.9763,2.2713,0,0,0.0104,0.0091,0.0013,1.2891,1.2710,1.0529,0,1
HI.19980716.52985,19980716,79,4480.5148,4544.7793,2039,2038,0.9995,0.0044,118.9956,118.9970,19773.3471,0.9760,2.2562,0,0,0.0124,0.0097,0.0027,2.6643,1.3312,1.0652,0,1
HI.19980716.52985,19980716,78,4537.9424,4603.0116,2038,2034,0.9980,0.0049,121.9161,121.9161,21106.4948,0.9763,2.2575,0,0,0.0091,0.0079,0.0012,1.1940,1.3639,1.0744,0,1
HI.19980716.52985,19980716,77,4596.8626,4662.8153,2039,2035,0.9980,0.0044,124.9985,124.9985,22593.8477,0.9771,2.2601,0,0,0.0092,0.0071,0.0020,1.9837,1.3983,1.0817,0,1
HI.19980716.52985,19980716,76,4657.3335,4724.1625,2039,2039,1.0000,0.0044,124.4595,124.4595,22393.6288,0.9781,2.2649,0,0,0.0008,0.0005,0.0003,0.2458,1.3923,1.0835,0,1
HI.19980716.52985,19980716,75,4719.4168,4785.8835,2000,2000,1.0000,0.0234,127.4502,127.4502,23889.8301,0.9791,2.2794,0,0,0.0083,0.0063,0.0020,1.9285,1.4258,1.0910,0,1
HI.19980716.52985,19980716,74,4783.1777,4850.5497,2000,1993,0.9965,0.0234,128.5115,128.5137,24501.7564,0.9798,2.2820,0,0,0.0113,0.0100,0.0014,1.3365,1.4377,1.0898,0,1
HI.19980716.52985,19980716,73,4848.6889,4918.2830,2039,1996,0.9789,0.0044,123.6119,123.7914,21899.5928,0.9796,2.2926,0,0,-0.0092,-0.0082,-0.0010,-0.9798,1.3848,1.0738,0,1
HI.19980716.52985,19980716,72,4916.0176,4986.5819,2039,2030,0.9956,0.0044,126.6104,126.6001,23587.0657,0.9787,2.3002,0,0,-0.0012,-0.0016,0.0004,0.4361,1.4163,1.0941,0,1
HI.19980716.52985,19980716,71,4985.2418,5056.8060,2039,2036,0.9985,0.0044,123.9693,123.9533,22184.5559,0.9750,2.2905,0,0,-0.0163,-0.0135,-0.0028,-2.7601,1.3866,1.0822,0,1
HI.19980716.52985,19980716,70,5056.4476,5129.0334,1927,1922,0.9974,0.0591,127.7845,127.7907,24202.5275,0.9738,2.2857,0,0,-0.0078,-0.0050,-0.0028,-2.6762,1.4296,1.0966,0,1
HI.19980716.52985,19980716,69,5129.7160,5203.3538,2040,2032,0.9961,0.0039,130.4281,130.3386,25724.4780,0.9703,2.2783,0,0,-0.0087,-0.0070,-0.0017,-1.6522,1.4581,1.1095,0,1
HI.19980716.52985,19980716,68,5205.1392,5279.8617,2040,2033,0.9966,0.0039,135.4910,135.4807,28866.4254,0.9660,2.2766,0,0,0.0007,0.0009,-0.0002,-0.2115,1.5156,1.1138,0,1
HI.19980716.52985,19980716,67,5282.8162,5358.6494,2040,2027,0.9936,0.0039,141.3412,141.3263,32897.6146,0.9622,2.2641,0,0,0.0091,0.0070,0.0021,2.0366,1.5810,1.1298,0,1
HI.19980716.52985,19980716,66,5362.8477,5439.8231,2040,2028,0.9941,0.0039,143.9026,143.9078,34712.9855,0.9547,2.2333,0,0,0.0061,0.0047,0.0014,1.3692,1.6099,1.1310,0,1
HI.19980716.52985,19980716,65,5445.3398,5523.4947,2040,2029,0.9946,0.0039,145.9610,145.9410,36565.4556,0.9495,2.2557,0,0,0.0010,0.0010,-0.0000,-0.0116,1.6326,1.1381,0,1
HI.19980716.52985,19980716,64,5530.4134,5609.7791,2040,2006,0.9833,0.0039,148.3558,148.2930,38525.1409,0.9407,2.2461,0,0,-0.0021,-0.0017,-0.0004,-0.4304,1.6589,1.1443,0,1
HI.19980716.52985,19980716,63,5618.1870,5698.8011,2040,1887,0.9250,0.0039,150.8655,151.1123,40755.4871,0.9317,2.2278,0,0,-0.0019,-0.0023,0.0004,0.4107,1.6905,1.1537,0,1
HI.19980716.52985,19980716,62,5708.7927,5790.6941,2041,1672,0.8192,0.0034,154.2672,154.3968,44025.6360,0.9233,2.2411,0,0,-0.0008,0.0002,-0.0010,-1.0173,1.7272,1.1585,0,1
HI.19980716.52985,19980716,61,5802.3730,5885.5963,2041,1355,0.6639,0.0034,158.1915,158.1817,48308.1846,0.9126,2.2497,0,0,0.0020,0.0024,-0.0004,-0.3969,1.7696,1.1693,0,1
HI.19980716.52985,19980716,60,5899.0748,5983.6615,2041,854,0.4184,0.0034,161.4525,160.9729,51491.4761,0.8937,2.2575,1,0,nan,0.0014,nan,nan,nan,nan,0,0
HI.19980716.52985,19980716,59,5999.0453,6085.0446,2041,760,0.3724,0.0034,164.4691,163.5631,55456.7073,0.8893,2.2978,1,0,nan,0.0021,nan,nan,nan,nan,0,0
HI.19980716.52985,19980716,58,6102.4782,6189.9296,2041,460,0.2254,0.0034,165.1424,161.9920,56351.6558,0.8731,2.4470,1,0,nan,-0.0030,nan,nan,nan,nan,0,0
HI.19980716.52985,19980716,57,6209.5426,6261.8430,1165,417,0.3579,0.4312,167.3677,155.3568,58534.1307,0.8505,2.2810,1,0,nan,0.0041,nan,nan,nan,nan,0,0
HI.19980717.32194,19980717,93,3806.2151,3860.6739,2037,1646,0.8081,0.0054,38.5167,38.7293,1601.7312,0.9195,2.2900,0,0,-0.0247,-0.0296,0.0049,4.7188,0.4042,0.9643,0,1
HI.19980717.32194,19980717,92,3847.5742,3902.6352,2037,1950,0.9573,0.0054,45.9623,46.3606,2285.0743,0.9350,2.3036,0,0,0.0198,0.0207,-0.0009,-0.8652,0.4839,0.9632,0,1
HI.19980717.32194,19980717,91,3889.8425,3945.5209,2037,1872,0.9190,0.0054,50.5549,50.5474,2772.7420,0.9313,2.2862,0,0,-0.0220,-0.0169,-0.0051,-4.9887,0.5276,0.9577,0,1
HI.19980717.32194,19980717,90,3933.0543,3989.3575,2037,1881,0.9234,0.0054,57.4687,58.2138,3621.2466,0.9312,2.2621,0,0,-0.0216,-0.0220,0.0004,0.3962,0.6076,0.9777,0,1
HI.19980717.32194,19980717,89,3977.2342,4034.1782,2037,2024,0.9936,0.0054,77.9895,78.0230,6985.8673,0.9447,2.3479,0,0,0.0623,0.0621,0.0002,0.2169,0.8144,0.9814,0,1
HI.19980717.32194,19980717,88,4022.4168,4080.0215,2037,2024,0.9936,0.0054,83.4256,83.4568,8100.3449,0.9464,2.3724,0,0,0.0428,0.0419,0.0010,0.9460,0.8711,0.9883,0,1
HI.19980717.32194,19980717,87,4068.6406,4126.9159,2037,2031,0.9971,0.0054,88.6905,88.7279,9337.7626,0.9468,2.3559,0,0,0.0246,0.0231,0.0015,1.4661,0.9261,0.9957,0,1
HI.19980717.32194,19980717,86,4115.9374,4174.9017,2038,2036,0.9990,0.0049,94.3760,94.3760,10783.0843,0.9477,2.3680,0,0,0.0183,0.0160,0.0023,2.2124,0.9851,0.9996,0,1
HI.19980717.32194,19980717,85,4164.3448,4224.0159,2038,2003,0.9828,0.0049,97.3584,97.2360,11621.7383,0.9483,2.3508,0,0,0.0097,0.0092,0.0006,0.5579,1.0149,1.0003,0,1
HI.19980717.32194,19980717,84,4213.9089,4274.2990,2037,1997,0.9804,0.0054,100.1359,99.9058,12457.9108,0.9481,2.3469,0,0,0.0014,0.0022,-0.0008,-0.7718,1.0428,1.0011,0,1
HI.19980717.32194,19980717,83,4264.6652,4325.7948,2039,2036,0.9985,0.0044,97.8554,97.8253,11784.7055,0.9498,2.3435,0,0,-0.0303,-0.0258,-0.0046,-4.4340,1.0211,0.9987,0,1
HI.19980717.32194,19980717,82,4316.6599,4378.5441,2039,2032,0.9966,0.0044,108.1414,108.1577,15088.8794,0.9502,2.3445,0,0,0.0007,0.0019,-0.0011,-1.0996,1.1289,1.0107,0,1
HI.19980717.32194,19980717,81,4369.9371,4432.5963,2039,2029,0.9951,0.0044,113.1498,113.1882,16925.1800,0.9476,2.3418,0,0,0.0046,0.0040,0.0005,0.5329,1.1814,1.0183,0,1
HI.19980717.32194,19980717,80,4424.5470,4488.0033,2039,2029,0.9951,0.0044,118.7630,118.7397,19195.3486,0.9479,2.3431,0,0,0.0101,0.0091,0.0010,0.9450,1.2394,1.0267,0,1
HI.19980717.32194,19980717,79,4480.5409,4544.8070,2039,2025,0.9931,0.0044,124.0185,124.0834,21599.5007,0.9469,2.3453,0,0,0.0124,0.0097,0.0028,2.6902,1.2952,1.0363,0,1
HI.19980717.32194,19980717,78,4537.9700,4603.0611,2039,2020,0.9907,0.0044,126.8213,126.7757,22984.3751,0.9465,2.3421,0,0,0.0092,0.0079,0.0013,1.3054,1.3233,1.0424,0,1
HI.19980717.32194,19980717,77,4596.8935,4662.8425,2039,2034,0.9975,0.0044,129.4466,129.4557,24435.3497,0.9457,2.3362,0,0,0.0086,0.0071,0.0015,1.4131,1.3512,1.0453,0,1
HI.19980717.32194,19980717,76,4657.3629,4724.1910,2039,2029,0.9951,0.0044,128.8811,128.8346,24158.4112,0.9447,2.3217,0,0,0.0011,0.0005,0.0005,0.5166,1.3447,1.0465,0,1
HI.19980717.32194,19980717,75,4719.4461,4785.9109,2000,1989,0.9945,0.0234,131.4244,131.3946,25579.9022,0.9440,2.3236,0,0,0.0077,0.0063,0.0014,1.3196,1.3715,1.0495,0,1
HI.19980717.32194,19980717,74,4783.2064,4850.5792,2000,1992,0.9960,0.0234,132.2336,132.1970,26109.5177,0.9440,2.3185,0,0,0.0102,0.0100,0.0003,0.2734,1.3798,1.0459,0,1
HI.19980717.32194,19980717,73,4848.7184,4918.3122,2039,1988,0.9750,0.0044,127.0245,127.3992,23353.0404,0.9417,2.3103,0,0,-0.0100,-0.0082,-0.0017,-1.6961,1.3298,1.0311,0,1
HI.19980717.32194,19980717,72,4916.0447,4986.6156,2039,2032,0.9966,0.0044,129.9822,129.9192,24984.8528,0.9407,2.3134,0,0,-0.0029,-0.0016,-0.0012,-1.1997,1.3561,1.0476,0,1
HI.19980717.32194,19980717,71,4985.2695,5056.8367,2039,1904,0.9338,0.0044,127.6745,127.7267,23714.4263,0.9296,2.2289,0,0,-0.0157,-0.0135,-0.0022,-2.1656,1.3332,1.0405,0,1
HI.19980717.32194,19980717,70,5056.4771,5129.0647,1927,1712,0.8884,0.0591,131.8497,132.1303,26018.7230,0.9262,2.2478,0,0,-0.0050,-0.0050,0.0000,0.0000,1.3791,1.0580,0,1
HI.19980717.32194,19980717,69,5129.7477,5203.3862,2040,1858,0.9108,0.0039,133.7613,133.9976,27308.0571,0.9275,2.2276,0,0,-0.0081,-0.0070,-0.0011,-1.0873,1.3986,1.0643,0,1
HI.19980717.32194,19980717,68,5205.1713,5279.8909,2040,1726,0.8461,0.0039,139.2731,139.2624,30832.4443,0.9227,2.2120,0,0,0.0016,0.0009,0.0007,0.6563,1.4536,1.0683,0,1
HI.19980717.32194,19980717,67,5282.8508,5358.6809,2040,1678,0.8225,0.0039,144.6441,144.5429,34788.8680,0.9227,2.2111,0,0,0.0084,0.0070,0.0014,1.4001,1.5087,1.0781,0,1
HI.19980717.32194,19980717,66,5362.8797,5439.8483,2040,1594,0.7814,0.0039,147.0971,146.6366,36742.8203,0.9195,2.1894,0,0,0.0049,0.0047,0.0002,0.1827,1.5306,1.0753,0,1
HI.19980717.32194,19980717,65,5445.3761,5523.5297,2040,1608,0.7882,0.0039,148.8684,148.9621,38448.3208,0.9210,2.1607,0,0,0.0016,0.0010,0.0007,0.6347,1.5548,1.0839,0,1
HI.19980717.32194,19980717,64,5530.4484,5609.8141,2040,1556,0.7627,0.0039,150.5267,150.7144,40195.0916,0.9198,2.1532,0,0,-0.0024,-0.0017,-0.0007,-0.6491,1.5731,1.0852,0,1
HI.19980717.32194,19980717,63,5618.2230,5698.8345,2040,1219,0.5975,0.0039,153.4488,153.4220,42764.7986,0.9071,2.1574,0,0,-0.0016,-0.0023,0.0007,0.6480,1.6014,1.0929,0,1
HI.19980717.32194,19980717,62,5708.8277,5790.7315,2041,1231,0.6031,0.0034,156.6628,156.5045,46178.7472,0.9073,2.1742,0,0,-0.0003,0.0002,-0.0005,-0.4592,1.6336,1.0956,0,1
HI.19980717.32194,19980717,61,5802.4092,5885.6323,2041,1084,0.5311,0.0034,160.2507,159.7364,50204.5349,0.9023,2.1704,0,0,0.0008,0.0024,-0.0015,-1.4759,1.6673,1.1017,0,1
HI.19980717.32194,19980717,60,5899.1160,5983.6935,2041,852,0.4174,0.0034,162.6365,162.1421,52917.7591,0.8936,2.1792,1,0,nan,0.0014,nan,nan,nan,nan,0,0
HI.19980717.32194,19980717,59,5999.0895,6085.0900,2041,647,0.3170,0.0034,166.1347,163.9377,57290.1548,0.8861,2.1775,1,0,nan,0.0021,nan,nan,nan,nan,0,0
HI.19980717.32194,19980717,58,6102.5187,6189.9649,2041,719,0.3523,0.0034,165.5662,163.7806,57171.2302,0.8884,2.2081,1,0,nan,-0.0030,nan,nan,nan,nan,0,0
HI.19980717.32194,19980717,57,6209.5937,6261.8910,1165,666,0.5717,0.4312,164.6194,162.0144,57171.5080,0.9747,2.1748,0,0,nan,0.0041,nan,nan,1.6911,1.0798,0,1
HI.19980717.48747,19980717,93,3806.2087,3860.6687,2037,2032,0.9975,0.0054,48.3492,48.3402,2548.8333,0.9656,2.0596,0,0,-0.0297,-0.0296,-0.0001,-0.1186,0.4235,1.0102,0,1
HI.19980717.48747,19980717,92,3847.5679,3902.6290,2037,2026,0.9946,0.0054,57.8050,57.8158,3702.7695,0.9678,2.0973,0,0,0.0208,0.0207,0.0001,0.0848,0.5065,1.0081,0,1
HI.19980717.48747,19980717,91,3889.8358,3945.5150,2037,2014,0.9887,0.0054,63.0454,63.0195,4469.2045,0.9659,2.0908,0,0,-0.0173,-0.0169,-0.0004,-0.3779,0.5521,1.0021,0,1
HI.19980717.48747,19980717,90,3933.0477,3989.3522,2037,2023,0.9931,0.0054,71.3464,71.2591,5871.5156,0.9627,2.0520,0,0,-0.0224,-0.0220,-0.0004,-0.3962,0.6243,1.0045,0,1
HI.19980717.48747,19980717,89,3977.2282,4034.1716,2038,2024,0.9931,0.0049,94.7966,94.7835,11433.0465,0.9642,2.0619,0,0,0.0609,0.0621,-0.0012,-1.1632,0.8303,1.0006,0,1
HI.19980717.48747,19980717,88,4022.4102,4080.0158,2037,2024,0.9936,0.0054,100.5945,100.5357,13278.6622,0.9627,2.0898,0,0,0.0406,0.0419,-0.0013,-1.2564,0.8807,0.9993,0,1
HI.19980717.48747,19980717,87,4068.6339,4126.9106,2037,2016,0.9897,0.0054,106.3133,106.2977,15351.1986,0.9608,2.0870,0,0,0.0228,0.0231,-0.0002,-0.2060,0.9312,1.0012,0,1
HI.19980717.48747,19980717,86,4115.9308,4174.8990,2038,2020,0.9912,0.0049,112.5931,112.6250,17855.0099,0.9565,2.0780,0,0,0.0163,0.0160,0.0003,0.3348,0.9866,1.0012,0,1
HI.19980717.48747,19980717,85,4164.3379,4224.0106,2038,1995,0.9789,0.0049,115.8873,115.6750,19423.1044,0.9538,2.0772,0,0,0.0083,0.0092,-0.0009,-0.8856,1.0134,0.9988,0,1
HI.19980717.48747,19980717,84,4213.9021,4274.2936,2037,1991,0.9774,0.0054,119.0400,118.9405,20947.5857,0.9503,2.0713,0,0,0.0021,0.0022,-0.0001,-0.1130,1.0420,1.0003,0,1
HI.19980717.48747,19980717,83,4264.6583,4325.7894,2039,2014,0.9877,0.0044,116.9054,116.8686,19929.7870,0.9467,2.0382,0,0,-0.0258,-0.0258,-0.0000,-0.0325,1.0238,1.0013,0,1
HI.19980717.48747,19980717,82,4316.6532,4378.5354,2039,1951,0.9568,0.0044,127.5959,127.7511,25725.1069,0.9403,2.0452,0,0,0.0022,0.0019,0.0003,0.3020,1.1192,1.0020,0,1
HI.19980717.48747,19980717,81,4369.9306,4432.5894,2039,1829,0.8970,0.0044,132.3277,133.0347,28807.1069,0.9331,2.0147,0,0,0.0071,0.0040,0.0031,2.9775,1.1654,1.0045,0,1
HI.19980717.48747,19980717,80,4424.5396,4487.9993,2039,1737,0.8519,0.0044,137.7673,138.1984,33006.8156,0.9299,2.0363,0,0,0.0098,0.0091,0.0007,0.6782,1.2107,1.0029,0,1
HI.19980717.48747,19980717,79,4480.5340,4544.8015,2039,1774,0.8700,0.0044,141.7209,142.7033,36625.9661,0.9326,2.0808,0,0,0.0062,0.0097,-0.0035,-3.3653,1.2501,1.0003,0,1
HI.19980717.48747,19980717,78,4537.9641,4603.0541,2039,1914,0.9387,0.0044,143.2273,143.5504,38642.7185,0.9444,2.0802,0,0,-0.0071,0.0079,-0.0150,-14.5421,1.2576,0.9907,0,1
HI.19980717.48747,19980717,77,4596.8874,4662.8366,2039,1080,0.5297,0.0044,148.5225,149.5562,42966.3502,0.9026,2.0085,0,0,0.0077,0.0071,0.0005,0.5039,1.3102,1.0135,0,1
HI.19980717.48747,19980717,76,4657.3563,4724.1857,2039,978,0.4796,0.0044,147.8882,149.3263,42517.4153,0.8982,2.1585,1,0,nan,0.0005,nan,nan,nan,nan,0,0
HI.19980717.48747,19980717,75,4719.4319,4785.9038,2000,683,0.3415,0.0234,150.6387,152.3206,45612.1081,0.8848,2.1289,1,0,nan,0.0063,nan,nan,nan,nan,0,0
HI.19980717.48747,19980717,74,4783.1992,4850.5730,2000,622,0.3110,0.0234,151.8100,152.7034,47035.0531,0.8818,2.1633,1,0,nan,0.0100,nan,nan,nan,nan,0,0
HI.19980717.48747,19980717,73,4848.7128,4918.3046,2029,212,0.1045,0.0093,148.4369,149.2725,42901.6411,0.8549,2.2369,1,0,nan,-0.0082,nan,nan,nan,nan,0,0
HI.19980717.48747,19980717,72,4916.0738,4986.6137,2038,1425,0.6992,0.0049,132.5738,133.9696,38209.6701,0.9337,2.2021,0,0,nan,-0.0016,nan,nan,1.1736,0.9067,0,1
HI.19980717.48747,19980717,71,4985.2613,5056.8310,2039,74,0.0363,0.0044,150.5924,nan,44466.7875,0.8236,2.3956,1,1,nan,-0.0135,nan,nan,nan,nan,0,0
HI.19980717.48747,19980717,70,5056.4697,5129.0576,1927,103,0.0535,0.0591,152.5413,nan,47861.5226,0.8333,2.4443,1,1,nan,-0.0050,nan,nan,nan,nan,0,0
HI.19980717.48747,19980717,69,5129.7406,5203.3798,2040,1209,0.5926,0.0039,142.4038,142.5201,44717.5252,0.9156,2.4859,0,0,nan,-0.0070,nan,nan,1.2485,0.9500,0,1
HI.19980717.48747,19980717,68,5205.1628,5279.8817,2040,21,0.0103,0.0039,163.8866,nan,60516.0932,0.7639,2.7428,1,1,nan,0.0009,nan,nan,nan,nan,0,0
HI.19980717.48747,19980717,67,5282.8435,5358.6737,2040,1118,0.5480,0.0039,154.3993,153.8524,57316.2320,0.9109,2.7427,0,0,nan,0.0070,nan,nan,1.3478,0.9631,0,1
HI.19980717.48747,19980717,66,5362.8723,5439.8431,2040,472,0.2314,0.0039,156.8590,156.7543,63012.4058,0.8504,2.7506,1,0,nan,0.0047,nan,nan,nan,nan,0,0
HI.19980717.48747,19980717,65,5445.3684,5523.5240,2040,244,0.1196,0.0039,159.8931,161.2610,67587.9131,0.8265,2.7931,1,0,nan,0.0010,nan,nan,nan,nan,0,0
HI.19980717.48747,19980717,64,5530.4410,5609.8074,2040,16,0.0078,0.0039,169.7541,nan,76494.2208,0.7718,2.4178,1,1,nan,-0.0017,nan,nan,nan,nan,0,0
HI.19980717.48747,19980717,63,5618.2148,5698.8264,2040,40,0.0196,0.0039,161.7362,nan,78106.1518,0.7832,2.5744,1,1,nan,-0.0023,nan,nan,nan,nan,0,0
HI.19980717.48747,19980717,62,5708.8257,5790.7222,2041,8,0.0039,0.0034,203.2810,nan,118626.0433,0.5555,2.4647,1,1,nan,0.0002,nan,nan,nan,nan,0,0
HI.19980717.48747,19980717,61,5802.4045,5885.6250,2041,44,0.0216,0.0034,166.4246,nan,89580.8488,0.7752,2.5795,1,1,nan,0.0024,nan,nan,nan,nan,0,0
HI.19980717.48747,19980717,60,5899.1475,5983.6849,2040,93,0.0456,0.0039,164.8554,nan,90887.5724,0.7894,2.5112,1,1,nan,0.0014,nan,nan,nan,nan,0,0
HI.19980717.48747,19980717,59,5999.0822,6085.0672,2041,10,0.0049,0.0034,188.4561,nan,116688.7147,0.6728,2.4095,1,1,nan,0.0021,nan,nan,nan,nan,0,0
HI.19980717.48747,19980717,58,6102.5073,6189.9532,2041,37,0.0181,0.0034,188.3862,nan,114772.4037,0.6670,2.6504,1,1,nan,-0.0030,nan,nan,nan,nan,0,0
HI.19980717.48747,19980717,57,6209.6171,6261.8801,1130,664,0.5876,0.4482,105.2287,113.4640,67410.5869,1.0000,2.6709,0,0,nan,0.0041,nan,nan,0.9940,0.6347,0,1
HI.19980718.29255,19980718,93,3806.2190,3860.6738,2037,2030,0.9966,0.0054,40.1289,40.1135,1755.9636,0.9967,1.6210,0,0,-0.0307,-0.0296,-0.0011,-1.1164,0.4150,0.9898,0,1
HI.19980718.29255,19980718,92,3847.5777,3902.6365,2037,2032,0.9975,0.0054,48.1717,48.1700,2579.1345,0.9969,1.6281,0,0,0.0197,0.0207,-0.0010,-0.9498,0.4983,0.9919,0,1
HI.19980718.29255,19980718,91,3889.8466,3945.5224,2036,2028,0.9961,0.0059,53.1559,53.1559,3179.0673,0.9969,1.6228,0,0,-0.0140,-0.0169,0.0029,2.7965,0.5499,0.9981,0,1
HI.19980718.29255,19980718,90,3933.0586,3989.3589,2037,2025,0.9941,0.0054,59.8255,59.8862,4131.4231,0.9980,1.6008,0,0,-0.0226,-0.0220,-0.0006,-0.6163,0.6195,0.9969,0,1
HI.19980718.29255,19980718,89,3977.2377,4034.1811,2037,2032,0.9975,0.0054,80.1797,80.1739,8195.6078,0.9985,1.6247,0,0,0.0626,0.0621,0.0005,0.4576,0.8294,0.9994,0,1
HI.19980718.29255,19980718,88,4022.4229,4080.0234,2037,2022,0.9926,0.0054,85.2084,85.2620,9550.7646,0.9984,1.6216,0,0,0.0423,0.0419,0.0004,0.4281,0.8820,1.0007,0,1
HI.19980718.29255,19980718,87,4068.6446,4126.9172,2037,2030,0.9966,0.0054,89.8124,89.8006,10951.4874,0.9985,1.6301,0,0,0.0225,0.0231,-0.0006,-0.5422,0.9290,0.9988,0,1
HI.19980718.29255,19980718,86,4115.9406,4174.9042,2037,2033,0.9980,0.0054,95.2443,95.2671,12852.2794,0.9984,1.6226,0,0,0.0163,0.0160,0.0003,0.3269,0.9855,1.0001,0,1
HI.19980718.29255,19980718,85,4164.3510,4224.0184,2037,2037,1.0000,0.0054,98.0676,98.0676,13950.3933,0.9985,1.6076,0,0,0.0096,0.0092,0.0004,0.4145,1.0145,0.9999,0,1
HI.19980718.29255,19980718,84,4213.9104,4274.3026,2037,2007,0.9853,0.0054,100.7094,100.4893,15073.0634,0.9986,1.6004,0,0,0.0024,0.0022,0.0002,0.2295,1.0395,0.9980,0,1
HI.19980718.29255,19980718,83,4264.6707,4325.7960,2039,2026,0.9936,0.0044,98.7197,98.6351,14280.0745,0.9984,1.5911,0,0,-0.0257,-0.0258,0.0000,0.0325,1.0204,0.9980,0,1
HI.19980718.29255,19980718,82,4316.6615,4378.5477,2039,2039,1.0000,0.0044,107.7532,107.7532,18431.1054,0.9984,1.5939,0,0,0.0019,0.0019,0.0000,0.0241,1.1147,0.9980,0,1
HI.19980718.29255,19980718,81,4369.9429,4432.5997,2039,2038,0.9995,0.0044,111.6427,111.6452,20607.0553,0.9985,1.5863,0,0,0.0035,0.0040,-0.0005,-0.4676,1.1549,0.9955,0,1
HI.19980718.29255,19980718,80,4424.5541,4488.0029,2039,2039,1.0000,0.0044,116.3533,116.3533,23620.3892,0.9985,1.5866,0,0,0.0087,0.0091,-0.0004,-0.3985,1.2036,0.9971,0,1
HI.19980718.29255,19980718,79,4480.5473,4544.8098,2039,2039,1.0000,0.0044,120.7764,120.7764,26645.1009,0.9985,1.5729,0,0,0.0108,0.0097,0.0011,1.0740,1.2494,0.9997,0,1
HI.19980718.29255,19980718,78,4537.9756,4603.0643,2039,2034,0.9975,0.0044,122.8899,122.8896,28464.7558,0.9983,1.5723,0,0,0.0079,0.0079,-0.0000,-0.0212,1.2713,1.0015,0,1
HI.19980718.29255,19980718,77,4596.8979,4662.8470,2039,2036,0.9985,0.0044,124.9678,124.9608,30116.9525,0.9982,1.5650,0,0,0.0067,0.0071,-0.0004,-0.4203,1.2927,1.0000,0,1
HI.19980718.29255,19980718,76,4657.3681,4724.1947,2039,2036,0.9985,0.0044,124.4156,124.4218,29854.6147,0.9982,1.5767,0,0,0.0001,0.0005,-0.0004,-0.3748,1.2871,1.0017,0,1
HI.19980718.29255,19980718,75,4719.4514,4785.9167,2000,1994,0.9970,0.0234,126.6962,126.6590,31830.0642,0.9981,1.5763,0,0,0.0062,0.0063,-0.0001,-0.1223,1.3103,1.0027,0,1
HI.19980718.29255,19980718,74,4783.2127,4850.5823,2000,2000,1.0000,0.0234,127.5282,127.5282,32893.6990,0.9981,1.5734,0,0,0.0091,0.0100,-0.0008,-0.8259,1.3192,1.0000,0,1
HI.19980718.29255,19980718,73,4848.7235,4918.3252,2039,1993,0.9774,0.0044,123.9449,123.5977,29367.8320,0.9981,1.5736,0,0,-0.0078,-0.0082,0.0004,0.4097,1.2786,0.9914,0,1
HI.19980718.29255,19980718,72,4916.0526,4986.6163,2039,2031,0.9961,0.0044,125.8621,125.8067,31633.3033,0.9980,1.5664,0,0,-0.0010,-0.0016,0.0006,0.5997,1.3014,1.0054,0,1
HI.19980718.29255,19980718,71,4985.2810,5056.8393,2039,2027,0.9941,0.0044,123.8724,123.8590,30014.9007,0.9975,1.5768,0,0,-0.0120,-0.0135,0.0015,1.4730,1.2813,1.0000,0,1
HI.19980718.29255,19980718,70,5056.4840,5129.0688,1927,1921,0.9969,0.0591,126.8183,126.7883,32622.1038,0.9975,1.5720,0,0,-0.0048,-0.0050,0.0002,0.1917,1.3116,1.0061,0,1
HI.19980718.29255,19980718,69,5129.7505,5203.3953,2040,2036,0.9980,0.0039,128.3044,128.2799,34369.9902,0.9973,1.5586,0,0,-0.0066,-0.0070,0.0003,0.2979,1.3270,1.0098,0,1
HI.19980718.29255,19980718,68,5205.1796,5279.8984,2040,2036,0.9980,0.0039,132.1000,132.0828,38678.5418,0.9970,1.5524,0,0,0.0010,0.0009,0.0001,0.0840,1.3664,1.0042,0,1
HI.19980718.29255,19980718,67,5282.8567,5358.6877,2040,2033,0.9966,0.0039,136.0850,136.0441,43774.0518,0.9971,1.5453,0,0,0.0070,0.0070,0.0000,0.0000,1.4073,1.0057,0,1
HI.19980718.29255,19980718,66,5362.8900,5439.8625,2040,2031,0.9956,0.0039,137.6400,137.5978,46160.0603,0.9965,1.5296,0,0,0.0047,0.0047,0.0000,0.0000,1.4234,1.0000,0,1
HI.19980718.29255,19980718,65,5445.3827,5523.5343,2040,2026,0.9931,0.0039,138.9931,138.9461,48312.2445,0.9962,1.5178,0,0,0.0012,0.0010,0.0002,0.2336,1.4374,1.0020,0,1
HI.19980718.29255,19980718,64,5530.4532,5609.8236,2040,2032,0.9961,0.0039,140.2158,140.1543,50814.3316,0.9959,1.4974,0,0,-0.0018,-0.0017,-0.0001,-0.0831,1.4499,1.0001,0,1
HI.19980718.29255,19980718,63,5618.2282,5698.8439,2040,2033,0.9966,0.0039,141.6865,141.6611,53433.4439,0.9954,1.5000,0,0,-0.0023,-0.0023,0.0000,0.0000,1.4654,1.0001,0,1
HI.19980718.29255,19980718,62,5708.8412,5790.7320,2041,2035,0.9971,0.0034,144.1508,144.1280,57712.8768,0.9948,1.4946,0,0,0.0004,0.0002,0.0002,0.2337,1.4910,1.0000,0,1
HI.19980718.29255,19980718,61,5802.4200,5885.6391,2041,2034,0.9966,0.0034,146.2904,146.2892,62296.5102,0.9943,1.5023,0,0,0.0026,0.0024,0.0002,0.1913,1.5133,1.0000,0,1
HI.19980718.29255,19980718,60,5899.1164,5983.7101,2041,2037,0.9980,0.0034,147.6895,147.6839,65481.0013,0.9939,1.4987,0,0,0.0016,0.0014,0.0002,0.2077,1.5278,1.0132,0,1
HI.19980718.29255,19980718,59,5999.0911,6085.1000,2041,2037,0.9980,0.0034,149.4755,149.4705,69663.2459,0.9930,1.4948,0,0,0.0021,0.0021,0.0000,0.0000,1.5462,1.0141,0,1
HI.19980718.29255,19980718,58,6102.5221,6189.9798,2041,2037,0.9980,0.0034,149.7948,149.7724,70096.9834,0.9920,1.4933,0,0,-0.0020,-0.0030,0.0009,0.9096,1.5494,1.0126,0,1
HI.19980718.29255,19980718,57,6209.5811,6261.8737,1165,1042,0.8944,0.4312,152.2184,151.6789,73865.7860,0.9934,1.5913,0,0,0.0017,0.0041,-0.0023,-2.2802,1.5691,1.0019,0,1
HI.19980718.38646,19980718,93,3806.2124,3860.6752,2037,2020,0.9917,0.0054,39.1110,39.1133,1659.6666,0.9516,1.9184,0,0,-0.0290,-0.0296,0.0005,0.5040,0.4105,0.9793,0,1
HI.19980718.38646,19980718,92,3847.5726,3902.6340,2036,1988,0.9764,0.0059,46.9989,47.0966,2420.6676,0.9448,1.8500,0,0,0.0225,0.0207,0.0018,1.7421,0.4943,0.9840,0,1
HI.19980718.38646,19980718,91,3889.8419,3945.5186,2037,2012,0.9877,0.0054,51.1913,51.0722,2895.8460,0.9492,1.8958,0,0,-0.0215,-0.0169,-0.0047,-4.5480,0.5361,0.9730,0,1
HI.19980718.38646,19980718,90,3933.0539,3989.3582,2037,1977,0.9705,0.0054,58.0622,58.6161,3801.2747,0.9481,1.8754,0,0,-0.0214,-0.0220,0.0005,0.5310,0.6152,0.9900,0,1
HI.19980718.38646,19980718,89,3977.2342,4034.1774,2037,2014,0.9887,0.0054,78.4051,78.5900,7503.0791,0.9508,1.8505,0,0,0.0638,0.0621,0.0016,1.5955,0.8249,0.9940,0,1
HI.19980718.38646,19980718,88,4022.4187,4080.0239,2037,2023,0.9931,0.0054,83.4622,83.4651,8682.5664,0.9520,1.8701,0,0,0.0422,0.0419,0.0003,0.3265,0.8761,0.9940,0,1
HI.19980718.38646,19980718,87,4068.6405,4126.9149,2037,2025,0.9941,0.0054,88.3605,88.3839,10014.9468,0.9551,1.8851,0,0,0.0231,0.0231,0.0000,0.0245,0.9277,0.9974,0,1
HI.19980718.38646,19980718,86,4115.9359,4174.9026,2038,2028,0.9951,0.0049,93.8288,93.8740,11631.5427,0.9527,1.8968,0,0,0.0171,0.0160,0.0012,1.1293,0.9853,0.9999,0,1
HI.19980718.38646,19980718,85,4164.3466,4224.0172,2037,1993,0.9784,0.0054,96.7466,96.6704,12605.6421,0.9532,1.9051,0,0,0.0098,0.0092,0.0006,0.5893,1.0147,1.0001,0,1
HI.19980718.38646,19980718,84,4213.9056,4274.3002,2037,1996,0.9799,0.0054,99.3792,99.3213,13529.2883,0.9539,1.9130,0,0,0.0028,0.0022,0.0006,0.5781,1.0425,1.0008,0,1
HI.19980718.38646,19980718,83,4264.6665,4325.7946,2039,2019,0.9902,0.0044,97.2002,97.0112,12742.1881,0.9521,1.9005,0,0,-0.0289,-0.0258,-0.0031,-3.0490,1.0183,0.9959,0,1
HI.19980718.38646,19980718,82,4316.6572,4378.5443,2039,2016,0.9887,0.0044,106.7988,106.8560,16455.0555,0.9514,1.9123,0,0,0.0018,0.0019,-0.0000,-0.0241,1.1216,1.0041,0,1
HI.19980718.38646,19980718,81,4369.9391,4432.5969,2039,2020,0.9907,0.0044,111.0214,111.0706,18419.5590,0.9492,1.9137,0,0,0.0040,0.0040,0.0000,0.0245,1.1658,1.0049,0,1
HI.19980718.38646,19980718,80,4424.5507,4488.0005,2039,2017,0.9892,0.0044,116.0942,116.1791,21030.0408,0.9497,1.9155,0,0,0.0100,0.0091,0.0009,0.9078,1.2194,1.0102,0,1
HI.19980718.38646,19980718,79,4480.5435,4544.8083,2039,1987,0.9745,0.0044,120.6070,120.7546,23561.3964,0.9459,1.9299,0,0,0.0114,0.0097,0.0017,1.6952,1.2675,1.0142,0,1
HI.19980718.38646,19980718,78,4537.9718,4603.0568,2039,1989,0.9755,0.0044,122.7560,122.9358,25079.4138,0.9473,1.9300,0,0,0.0080,0.0079,0.0001,0.0683,1.2904,1.0165,0,1
HI.19980718.38646,19980718,77,4596.8946,4662.8462,2039,1993,0.9774,0.0044,125.0931,125.2565,26681.4146,0.9464,1.9241,0,0,0.0071,0.0071,0.0000,0.0000,1.3147,1.0170,0,1
HI.19980718.38646,19980718,76,4657.3668,4724.1921,2039,1965,0.9637,0.0044,124.3581,124.7160,26319.4454,0.9442,1.9243,0,0,0.0003,0.0005,-0.0003,-0.2458,1.3090,1.0188,0,1
HI.19980718.38646,19980718,75,4719.4471,4785.9148,2000,1920,0.9600,0.0234,126.7020,127.0521,27929.4251,0.9438,1.9319,0,0,0.0065,0.0063,0.0001,0.1426,1.3336,1.0205,0,1
HI.19980718.38646,19980718,74,4783.2085,4850.5796,2000,1891,0.9455,0.0234,127.8197,128.0454,28746.9398,0.9422,1.9324,0,0,0.0100,0.0100,0.0000,0.0000,1.3440,1.0188,0,1
HI.19980718.38646,19980718,73,4848.7198,4918.3209,2039,1847,0.9058,0.0044,122.9100,123.9236,25593.7467,0.9388,1.9432,0,0,-0.0077,-0.0082,0.0005,0.4833,1.3007,1.0086,0,1
HI.19980718.38646,19980718,72,4916.0491,4986.6142,2039,1836,0.9004,0.0044,125.5240,126.1899,27353.0512,0.9378,1.9072,0,0,-0.0010,-0.0016,0.0007,0.6708,1.3245,1.0232,0,1
HI.19980718.38646,19980718,71,4985.2771,5056.8349,2039,1655,0.8117,0.0044,123.6324,123.7408,25784.3611,0.9310,1.9747,0,0,-0.0145,-0.0135,-0.0010,-0.9809,1.2988,1.0137,0,1
HI.19980718.38646,19980718,70,5056.4799,5129.0653,1927,1567,0.8132,0.0591,126.7488,127.1893,28075.7825,0.9317,2.0184,0,0,-0.0062,-0.0050,-0.0012,-1.1944,1.3350,1.0241,0,1
HI.19980718.38646,19980718,69,5129.7457,5203.3942,2040,1621,0.7946,0.0039,128.9008,128.9560,29620.5089,0.9285,2.0133,0,0,-0.0082,-0.0070,-0.0012,-1.1910,1.3536,1.0300,0,1
HI.19980718.38646,19980718,68,5205.1751,5279.8947,2040,1551,0.7603,0.0039,133.3069,133.5469,33296.1932,0.9251,1.9918,0,0,0.0006,0.0009,-0.0003,-0.2789,1.4017,1.0302,0,1
HI.19980718.38646,19980718,67,5282.8522,5358.6844,2040,1469,0.7201,0.0039,138.2130,138.4670,37989.1250,0.9226,2.0710,0,0,0.0066,0.0070,-0.0004,-0.3759,1.4534,1.0386,0,1
HI.19980718.38646,19980718,66,5362.8860,5439.8591,2040,1365,0.6691,0.0039,140.3485,140.2070,40052.5316,0.9179,1.9727,0,0,0.0031,0.0047,-0.0016,-1.5263,1.4716,1.0339,0,1
HI.19980718.38646,19980718,65,5445.3781,5523.5306,2040,1257,0.6162,0.0039,142.2145,142.8069,41969.6718,0.9123,2.0543,0,0,0.0016,0.0010,0.0006,0.5580,1.4989,1.0449,0,1
HI.19980718.38646,19980718,64,5530.4543,5609.8217,2040,627,0.3074,0.0039,146.3570,146.3775,45574.4665,0.8800,2.0867,1,0,nan,-0.0017,nan,nan,nan,nan,0,0
HI.19980718.38646,19980718,63,5618.2230,5698.8409,2040,1035,0.5074,0.0039,146.4334,147.0846,46930.3930,0.9009,2.1351,0,0,nan,-0.0023,nan,nan,1.5438,1.0536,0,1
HI.19980718.38646,19980718,62,5708.8331,5790.7262,2041,1015,0.4973,0.0034,149.0539,149.6913,50412.0801,0.8997,2.1451,1,0,nan,0.0002,nan,nan,nan,nan,0,0
HI.19980718.38646,19980718,61,5802.4149,5885.6344,2041,951,0.4659,0.0034,152.0070,152.2624,54319.3021,0.8966,2.1639,1,0,nan,0.0024,nan,nan,nan,nan,0,0
HI.19980718.38646,19980718,60,5899.1196,5983.6949,2041,653,0.3199,0.0034,154.8174,154.9396,58178.3979,0.8821,2.1606,1,0,nan,0.0014,nan,nan,nan,nan,0,0
HI.19980718.38646,19980718,59,5999.1014,6085.0725,2041,554,0.2714,0.0034,157.6739,157.5581,62680.4532,0.8770,2.2248,1,0,nan,0.0021,nan,nan,nan,nan,0,0
HI.19980718.38646,19980718,58,6102.5270,6189.9764,2041,641,0.3141,0.0034,157.4289,157.2082,61675.5970,0.8797,2.2256,1,0,nan,-0.0030,nan,nan,nan,nan,0,0
HI.19980718.38646,19980718,57,6209.5756,6261.8683,1165,398,0.3416,0.4312,160.6150,152.1583,65267.1358,0.8648,2.3916,1,0,nan,0.0041,nan,nan,nan,nan,0,0
HI.19980718.49487,19980718,93,3806.2083,3860.6676,2032,2008,0.9882,0.0078,27.3101,27.3415,806.7291,1.0000,1.0000,0,0,-0.2276,-0.0296,-0.1980,-192.3985,0.2566,0.6122,1,0
HI.19980718.49487,19980718,92,3847.5691,3902.6298,2037,2031,0.9971,0.0054,52.0081,51.9983,2970.9028,0.9594,2.2045,0,0,0.1331,0.0207,0.1125,109.2768,0.4881,0.9715,1,0
HI.19980718.49487,19980718,91,3889.8390,3945.5152,2037,2023,0.9931,0.0054,57.3366,57.4031,3633.4778,0.9583,2.2362,0,0,0.0427,-0.0169,0.0595,57.8496,0.5388,0.9780,1,0
HI.19980718.49487,19980718,90,3933.0511,3989.3524,2037,2024,0.9936,0.0054,65.2261,65.2934,4774.5147,0.9541,2.2582,0,0,0.0127,-0.0220,0.0347,33.7326,0.6129,0.9862,1,0
HI.19980718.49487,19980718,89,3977.2306,4034.1738,2038,2022,0.9921,0.0049,86.9603,86.9743,9134.2417,0.9624,2.3024,0,0,0.0608,0.0621,-0.0013,-1.2855,0.8164,0.9838,0,1
HI.19980718.49487,19980718,88,4022.4158,4080.0171,2037,2030,0.9966,0.0054,92.8235,92.8289,10644.8852,0.9611,2.3198,0,0,0.0407,0.0419,-0.0012,-1.1677,0.8713,0.9886,0,1
HI.19980718.49487,19980718,87,4068.6372,4126.9103,2037,2023,0.9931,0.0054,98.6340,98.6340,12370.5585,0.9574,2.3278,0,0,0.0231,0.0231,0.0001,0.0758,0.9258,0.9954,0,1
HI.19980718.49487,19980718,86,4115.9329,4174.8702,2037,2022,0.9926,0.0054,104.7366,104.7232,14333.6591,0.9539,2.3309,0,0,0.0155,0.0160,-0.0004,-0.4236,0.9830,0.9975,0,1
HI.19980718.49487,19980718,85,4164.3436,4224.0114,2038,1998,0.9804,0.0049,108.5250,108.3462,15675.4032,0.9494,2.3434,0,0,0.0085,0.0092,-0.0007,-0.6907,1.0170,1.0024,0,1
HI.19980718.49487,19980718,84,4213.9029,4274.2954,2037,1988,0.9759,0.0054,112.0025,111.8339,16950.2291,0.9459,2.3189,0,0,0.0017,0.0022,-0.0005,-0.4996,1.0497,1.0078,0,1
HI.19980718.49487,19980718,83,4264.6630,4325.7894,2039,2029,0.9951,0.0044,110.3588,110.2779,16336.9915,0.9414,2.3220,0,0,-0.0269,-0.0258,-0.0012,-1.1319,1.0351,1.0124,0,1
HI.19980718.49487,19980718,82,4316.6537,4378.5400,2039,1954,0.9583,0.0044,121.5640,121.7019,21119.8440,0.9352,2.2942,0,0,0.0033,0.0019,0.0014,1.3753,1.1424,1.0228,0,1
HI.19980718.49487,19980718,81,4369.9351,4432.5923,2039,1816,0.8906,0.0044,126.9375,127.2345,23850.6804,0.9275,2.2544,0,0,0.0061,0.0040,0.0021,2.0373,1.1943,1.0294,0,1
HI.19980718.49487,19980718,80,4424.5463,4487.9956,2039,1724,0.8455,0.0044,132.9047,132.8118,27242.8157,0.9247,2.2959,0,0,0.0061,0.0091,-0.0030,-2.9426,1.2467,1.0327,0,1
HI.19980718.49487,19980718,79,4480.5393,4544.8026,2039,1682,0.8249,0.0044,137.6266,137.5373,30418.8336,0.9234,2.2822,0,0,0.0009,0.0097,-0.0088,-8.5628,1.2910,1.0330,0,1
HI.19980718.49487,19980718,78,4537.9685,4603.0501,2039,1250,0.6130,0.0044,142.1760,142.2207,33464.9254,0.9086,2.2459,0,0,-0.0029,0.0079,-0.0108,-10.5194,1.3350,1.0517,0,1
HI.19980718.49487,19980718,77,4596.8901,4662.8400,2039,862,0.4228,0.0044,145.4422,145.0861,35930.8413,0.8940,2.2205,1,0,nan,0.0071,nan,nan,nan,nan,0,0
HI.19980718.49487,19980718,76,4657.3609,4724.1868,2039,847,0.4154,0.0044,144.8581,144.9234,35477.3807,0.8927,2.2428,1,0,nan,0.0005,nan,nan,nan,nan,0,0
HI.19980718.49487,19980718,75,4719.4426,4785.9089,2000,406,0.2030,0.0234,148.7525,148.5146,38445.8582,0.8747,2.2219,1,0,nan,0.0063,nan,nan,nan,nan,0,0
HI.19980718.49487,19980718,74,4783.2041,4850.5744,2000,328,0.1640,0.0234,150.1882,144.7998,39506.0716,0.8723,2.2352,1,0,nan,0.0100,nan,nan,nan,nan,0,0
HI.19980718.49487,19980718,73,4848.7152,4918.3163,2039,1273,0.6243,0.0044,140.6366,142.3461,33584.8233,0.9169,2.3421,0,0,nan,-0.0082,nan,nan,1.3361,1.0360,0,1
HI.19980718.49487,19980718,72,4916.0432,4986.6083,2039,897,0.4399,0.0044,145.5410,146.8268,37157.3091,0.8932,2.2543,1,0,nan,-0.0016,nan,nan,nan,nan,0,0
HI.19980718.49487,19980718,71,4985.2722,5056.8301,2039,78,0.0383,0.0044,150.9393,nan,38715.1595,0.7962,2.6092,1,1,nan,-0.0135,nan,nan,nan,nan,0,0
HI.19980718.49487,19980718,70,5056.4748,5129.0600,1927,64,0.0332,0.0591,155.7490,nan,42905.8769,0.7800,2.6609,1,1,nan,-0.0050,nan,nan,nan,nan,0,0
HI.19980718.49487,19980718,69,5129.7407,5203.3896,2040,1443,0.7074,0.0039,138.4572,138.3653,36564.3920,0.9294,2.7016,0,0,nan,-0.0070,nan,nan,1.2988,0.9883,0,1
HI.19980718.49487,19980718,68,5205.1701,5279.8898,2040,1273,0.6240,0.0039,143.2221,143.5990,41439.1556,0.9183,2.7115,0,0,nan,0.0009,nan,nan,1.3479,0.9906,0,1
HI.19980718.49487,19980718,67,5282.8473,5358.6740,2040,63,0.0309,0.0039,174.1919,nan,61726.7390,0.7149,2.8541,1,1,nan,0.0070,nan,nan,nan,nan,0,0
HI.19980718.49487,19980718,66,5362.8813,5439.8439,2040,860,0.4216,0.0039,150.0092,150.4093,50599.7574,0.8868,2.7298,1,0,nan,0.0047,nan,nan,nan,nan,0,0
HI.19980718.49487,19980718,65,5445.3772,5523.5249,2040,32,0.0157,0.0039,172.4404,nan,63494.8818,0.7538,2.6937,1,1,nan,0.0010,nan,nan,nan,nan,0,0
HI.19980718.49487,19980718,64,5530.4494,5609.8157,2040,10,0.0049,0.0039,185.2312,nan,75289.7481,0.6587,2.5241,1,1,nan,-0.0017,nan,nan,nan,nan,0,0
HI.19980718.49487,19980718,63,5618.2190,5698.8360,2040,590,0.2892,0.0039,157.8929,158.6371,59306.0389,0.8655,2.8935,1,0,nan,-0.0023,nan,nan,nan,nan,0,0
HI.19980718.49487,19980718,62,5708.8276,5790.7234,2041,8,0.0039,0.0034,179.1363,nan,75674.6688,0.7339,2.9418,1,1,nan,0.0002,nan,nan,nan,nan,0,0
HI.19980718.49487,19980718,61,5802.4091,5885.6284,2041,28,0.0137,0.0034,172.7422,nan,81081.3477,0.7173,3.1351,1,1,nan,0.0024,nan,nan,nan,nan,0,0
HI.19980718.49487,19980718,60,5899.1147,5983.6895,2041,9,0.0044,0.0034,195.4408,nan,96259.6797,0.6431,2.8540,1,1,nan,0.0014,nan,nan,nan,nan,0,0
HI.19980718.49487,19980718,59,5999.0953,6085.0520,2040,10,0.0049,0.0039,204.5547,nan,128788.1314,0.4292,3.4456,1,1,nan,0.0021,nan,nan,nan,nan,0,0
HI.19980718.49487,19980718,58,6102.5216,6188.7071,1992,0,0.0000,0.0273,276.3606,nan,209705.1256,0.3109,3.9475,1,1,nan,-0.0030,nan,nan,nan,nan,0,0
HI.19980718.49487,19980718,57,6209.6188,6261.8619,1153,487,0.4224,0.4370,196.8701,81.5315,446919.6219,0.1328,0.5130,1,0,nan,0.0041,nan,nan,nan,nan,0,0
HI.19980719.24897,19980719,93,3806.2202,3860.6687,2037,2024,0.9936,0.0054,52.3682,52.4172,3071.4530,0.9922,1.7199,0,0,-0.0278,-0.0296,0.0017,1.6788,0.4430,1.0568,0,1
HI.19980719.24897,19980719,92,3847.5774,3902.6344,2037,2022,0.9926,0.0054,62.3825,62.2937,4497.2993,0.9934,1.6930,0,0,0.0189,0.0207,-0.0018,-1.7479,0.5265,1.0480,0,1
HI.19980719.24897,19980719,91,3889.8447,3945.5206,2037,2032,0.9975,0.0054,68.1405,68.1202,5464.9175,0.9946,1.7259,0,0,-0.0139,-0.0169,0.0030,2.9271,0.5757,1.0451,0,1
HI.19980719.24897,19980719,90,3933.0572,3989.3551,2037,2036,0.9995,0.0054,76.6600,76.6589,7240.6343,0.9960,1.6941,0,0,-0.0181,-0.0220,0.0039,3.8228,0.6479,1.0426,0,1
HI.19980719.24897,19980719,89,3977.2357,4034.1790,2037,2031,0.9971,0.0054,100.0516,100.0500,14358.1258,0.9972,1.7164,0,0,0.0589,0.0621,-0.0033,-3.1689,0.8456,1.0190,0,1
HI.19980719.24897,19980719,88,4022.4217,4080.0188,2038,2025,0.9936,0.0049,105.5862,105.5083,16618.4331,0.9976,1.7086,0,0,0.0384,0.0419,-0.0034,-3.3337,0.8917,1.0118,0,1
HI.19980719.24897,19980719,87,4068.6427,4126.9144,2037,2031,0.9971,0.0054,110.9961,110.9164,19167.0466,0.9977,1.7111,0,0,0.0213,0.0231,-0.0018,-1.7042,0.9375,1.0079,0,1
HI.19980719.24897,19980719,86,4115.9389,4174.9008,2038,2037,0.9995,0.0049,116.8273,116.8329,22379.8634,0.9979,1.7176,0,0,0.0149,0.0160,-0.0011,-1.0221,0.9875,1.0021,0,1
HI.19980719.24897,19980719,85,4164.3493,4224.0146,2038,2034,0.9980,0.0049,119.8053,119.7998,24219.3892,0.9981,1.7102,0,0,0.0087,0.0092,-0.0004,-0.4145,1.0125,0.9980,0,1
HI.19980719.24897,19980719,84,4213.9089,4274.2994,2037,2000,0.9818,0.0054,122.6274,122.4872,26234.6348,0.9982,1.7150,0,0,0.0027,0.0022,0.0005,0.4498,1.0353,0.9939,0,1
HI.19980719.24897,19980719,83,4264.6685,4325.7928,2039,2039,1.0000,0.0044,120.4370,120.4370,24551.8073,0.9982,1.7203,0,0,-0.0221,-0.0258,0.0037,3.5571,1.0179,0.9956,0,1
HI.19980719.24897,19980719,82,4316.6592,4378.5449,2039,2039,1.0000,0.0044,129.8860,129.8860,31846.2410,0.9984,1.7162,0,0,0.0014,0.0019,-0.0004,-0.4007,1.0978,0.9828,0,1
HI.19980719.24897,19980719,81,4369.9404,4432.5968,2039,2035,0.9980,0.0044,134.0186,134.0220,35572.2101,0.9984,1.7100,0,0,0.0034,0.0040,-0.0006,-0.5908,1.1327,0.9763,0,1
HI.19980719.24897,19980719,80,4424.5512,4487.9998,2039,2039,1.0000,0.0044,138.8014,138.8014,40626.7220,0.9984,1.6890,0,0,0.0078,0.0091,-0.0013,-1.2158,1.1731,0.9718,0,1
HI.19980719.24897,19980719,79,4480.5447,4544.8062,2039,2024,0.9926,0.0044,143.1236,143.1582,45559.0940,0.9984,1.7065,0,0,0.0094,0.0097,-0.0003,-0.3017,1.2100,0.9681,0,1
HI.19980719.24897,19980719,78,4537.9730,4603.0397,2038,2035,0.9985,0.0049,145.2007,145.2149,48441.9308,0.9985,1.6923,0,0,0.0068,0.0079,-0.0011,-1.0518,1.2273,0.9669,0,1
HI.19980719.24897,19980719,77,4596.8950,4662.8429,2039,2037,0.9990,0.0044,147.2316,147.2266,51284.6989,0.9985,1.6927,0,0,0.0059,0.0071,-0.0012,-1.1802,1.2443,0.9626,0,1
HI.19980719.24897,19980719,76,4657.3642,4724.1912,2039,2039,1.0000,0.0044,146.4208,146.4208,50758.6928,0.9984,1.6874,0,0,-0.0001,0.0005,-0.0006,-0.6211,1.2375,0.9631,0,1
HI.19980719.24897,19980719,75,4719.4493,4785.9127,2000,1995,0.9975,0.0234,148.7093,148.6870,53701.8230,0.9983,1.6925,0,0,0.0057,0.0063,-0.0007,-0.6457,1.2567,0.9617,0,1
HI.19980719.24897,19980719,74,4783.2098,4850.5789,2000,1998,0.9990,0.0234,149.3815,149.3769,55604.4355,0.9982,1.6856,0,0,0.0080,0.0100,-0.0020,-1.9287,1.2625,0.9570,0,1
HI.19980719.24897,19980719,73,4848.7204,4918.3221,2039,1997,0.9794,0.0044,145.4655,145.1819,49113.4293,0.9981,1.6808,0,0,-0.0068,-0.0082,0.0014,1.3594,1.2271,0.9515,0,1
HI.19980719.24897,19980719,72,4916.0494,4986.6126,2039,2031,0.9961,0.0044,147.1843,147.1507,52612.3121,0.9978,1.6627,0,0,-0.0016,-0.0016,0.0000,0.0000,1.2437,0.9608,0,1
HI.19980719.24897,19980719,71,4985.2786,5056.8361,2039,2026,0.9936,0.0044,145.3177,145.3065,49973.4013,0.9973,1.6684,0,0,-0.0102,-0.0135,0.0033,3.2028,1.2281,0.9585,0,1
HI.19980719.24897,19980719,70,5056.4809,5129.0652,1927,1919,0.9958,0.0591,147.9951,147.9762,53953.2878,0.9971,1.6536,0,0,-0.0047,-0.0050,0.0003,0.2823,1.2507,0.9594,0,1
HI.19980719.24897,19980719,69,5129.7476,5203.3906,2040,2018,0.9892,0.0039,149.8991,149.8053,57001.4011,0.9969,1.6659,0,0,-0.0050,-0.0070,0.0019,1.8868,1.2661,0.9634,0,1
HI.19980719.24897,19980719,68,5205.1763,5279.8945,2040,2030,0.9951,0.0039,153.2262,153.1758,63654.7012,0.9965,1.6633,0,0,0.0001,0.0009,-0.0008,-0.7858,1.2946,0.9514,0,1
HI.19980719.24897,19980719,67,5282.8535,5358.6837,2040,2028,0.9941,0.0039,157.3524,157.3132,71999.4446,0.9961,1.6501,0,0,0.0058,0.0070,-0.0012,-1.1755,1.3296,0.9501,0,1
HI.19980719.24897,19980719,66,5362.8866,5439.8586,2040,2031,0.9956,0.0039,158.9146,158.8739,76218.1096,0.9952,1.6453,0,0,0.0037,0.0047,-0.0010,-0.9462,1.3428,0.9434,0,1
HI.19980719.24897,19980719,65,5445.3795,5523.5304,2040,2032,0.9961,0.0039,160.3268,160.2937,79881.7122,0.9947,1.6571,0,0,0.0010,0.0010,0.0000,0.0116,1.3548,0.9444,0,1
HI.19980719.24897,19980719,64,5530.4500,5609.8190,2040,2027,0.9936,0.0039,161.8977,161.8234,84700.2765,0.9939,1.6594,0,0,-0.0009,-0.0017,0.0008,0.7454,1.3677,0.9435,0,1
HI.19980719.24897,19980719,63,5618.2250,5698.8397,2040,2033,0.9966,0.0039,163.1335,163.0939,88979.9366,0.9929,1.6615,0,0,-0.0024,-0.0023,-0.0001,-0.1223,1.3785,0.9407,0,1
HI.19980719.24897,19980719,62,5708.8368,5790.7287,2041,2033,0.9961,0.0034,165.6206,165.5948,96580.0564,0.9920,1.6743,0,0,-0.0002,0.0002,-0.0004,-0.3529,1.3996,0.9387,0,1
HI.19980719.24897,19980719,61,5802.4164,5885.6353,2041,2035,0.9971,0.0034,168.1288,168.1215,103326.1445,0.9902,1.6728,0,0,0.0024,0.0024,0.0000,0.0000,1.4209,0.9390,0,1
HI.19980719.24897,19980719,60,5899.1148,5983.7109,2041,2035,0.9971,0.0034,169.6547,169.6508,109635.3237,0.9887,1.6809,0,0,0.0010,0.0014,-0.0005,-0.4399,1.4339,0.9509,0,1
HI.19980719.24897,19980719,59,5999.0878,6085.0959,2041,2033,0.9961,0.0034,171.2613,171.2542,118536.6609,0.9865,1.6828,0,0,-0.0002,0.0021,-0.0023,-2.2384,1.4474,0.9493,0,1
HI.19980719.24897,19980719,58,6102.5186,6189.9759,2041,2037,0.9980,0.0034,172.1313,172.1275,117384.9212,0.9847,1.6956,0,0,-0.0036,-0.0030,-0.0007,-0.6457,1.4548,0.9508,0,1
HI.19980719.24897,19980719,57,6209.5737,6261.8701,1165,1053,0.9039,0.4312,176.0406,175.7357,127887.6865,0.9847,1.8793,0,0,0.0055,0.0041,0.0015,1.4416,1.4853,0.9484,0,1
HI.19980719.35708,19980719,93,3806.2112,3860.6703,2037,2020,0.9917,0.0054,44.5214,44.5453,2167.7253,0.9912,1.7531,0,0,-0.0336,-0.0296,-0.0041,-3.9397,0.4246,1.0127,0,1
HI.19980719.35708,19980719,92,3847.5705,3902.6307,2037,2029,0.9961,0.0054,53.5058,53.5517,3203.7179,0.9923,1.7724,0,0,0.0234,0.0207,0.0027,2.6400,0.5104,1.0159,0,1
HI.19980719.35708,19980719,91,3889.8400,3945.5159,2037,2028,0.9956,0.0054,58.0499,58.0006,3811.3750,0.9924,1.7837,0,0,-0.0184,-0.0169,-0.0015,-1.4841,0.5528,1.0034,0,1
HI.19980719.35708,19980719,90,3933.0518,3989.3540,2037,2032,0.9975,0.0054,65.4628,65.4085,5012.2486,0.9928,1.7747,0,0,-0.0247,-0.0220,-0.0028,-2.6828,0.6234,1.0031,0,1
HI.19980719.35708,19980719,89,3977.2314,4034.1746,2037,2026,0.9946,0.0054,87.6186,87.6076,9989.7823,0.9946,1.8112,0,0,0.0623,0.0621,0.0002,0.1542,0.8350,1.0062,0,1
HI.19980719.35708,19980719,88,4022.4162,4080.0189,2037,2030,0.9966,0.0054,92.9287,92.9154,11607.3311,0.9947,1.8120,0,0,0.0424,0.0419,0.0006,0.5481,0.8856,1.0048,0,1
HI.19980719.35708,19980719,87,4068.6380,4126.9112,2037,2036,0.9995,0.0054,97.8590,97.8711,13333.6497,0.9948,1.8069,0,0,0.0231,0.0231,0.0000,0.0044,0.9328,1.0029,0,1
HI.19980719.35708,19980719,86,4115.9336,4174.8986,2037,2033,0.9980,0.0054,103.5093,103.5093,15519.5448,0.9948,1.8072,0,0,0.0155,0.0160,-0.0005,-0.4855,0.9865,1.0011,0,1
HI.19980719.35708,19980719,85,4164.3441,4224.0130,2038,2022,0.9921,0.0049,106.3878,106.3326,16798.4003,0.9949,1.8081,0,0,0.0082,0.0092,-0.0010,-0.9437,1.0135,0.9989,0,1
HI.19980719.35708,19980719,84,4213.9034,4274.2966,2037,2002,0.9828,0.0054,109.2853,109.0616,18137.0680,0.9951,1.8055,0,0,0.0021,0.0022,-0.0001,-0.0578,1.0395,0.9979,0,1
HI.19980719.35708,19980719,83,4264.6638,4325.7902,2039,2030,0.9956,0.0044,107.5087,107.4868,17368.3196,0.9949,1.8080,0,0,-0.0232,-0.0258,0.0025,2.4618,1.0245,1.0020,0,1
HI.19980719.35708,19980719,82,4316.6546,4378.5410,2039,2035,0.9980,0.0044,117.0046,116.9613,22422.5790,0.9951,1.8089,0,0,0.0032,0.0019,0.0014,1.3141,1.1148,0.9980,0,1
HI.19980719.35708,19980719,81,4369.9360,4432.5932,2039,2026,0.9936,0.0044,120.6281,120.6255,24558.8274,0.9945,1.8062,0,0,0.0032,0.0040,-0.0008,-0.8242,1.1497,0.9909,0,1
HI.19980719.35708,19980719,80,4424.5473,4487.9965,2039,2023,0.9922,0.0044,125.5984,125.5397,28107.0506,0.9946,1.8152,0,0,0.0087,0.0091,-0.0004,-0.3768,1.1965,0.9912,0,1
HI.19980719.35708,19980719,79,4480.5403,4544.8038,2039,2030,0.9956,0.0044,129.7814,129.7388,31521.5800,0.9944,1.8109,0,0,0.0096,0.0097,-0.0001,-0.0852,1.2365,0.9894,0,1
HI.19980719.35708,19980719,78,4537.9686,4603.0747,2039,2030,0.9956,0.0044,132.0733,132.0480,33568.8903,0.9948,1.8160,0,0,0.0081,0.0079,0.0002,0.2039,1.2585,0.9915,0,1
HI.19980719.35708,19980719,77,4596.8910,4662.8409,2039,2034,0.9975,0.0044,133.6013,133.6030,35037.9203,0.9945,1.8067,0,0,0.0051,0.0071,-0.0020,-1.9608,1.2734,0.9851,0,1
HI.19980719.35708,19980719,76,4657.3617,4724.1879,2039,2026,0.9936,0.0044,133.7260,133.6928,35207.3494,0.9939,1.7973,0,0,0.0022,0.0005,0.0016,1.5762,1.2742,0.9916,0,1
HI.19980719.35708,19980719,75,4719.4452,4785.9099,2000,1988,0.9940,0.0234,135.1097,135.0842,36824.7999,0.9938,1.7923,0,0,0.0052,0.0063,-0.0011,-1.0824,1.2875,0.9852,0,1
HI.19980719.35708,19980719,74,4783.2053,4850.5752,2000,1992,0.9960,0.0234,136.4615,136.4217,38041.0824,0.9940,1.7899,0,0,0.0101,0.0100,0.0001,0.1199,1.3002,0.9856,0,1
HI.19980719.35708,19980719,73,4848.7161,4918.3176,2039,1993,0.9774,0.0044,131.7340,131.4138,33168.1562,0.9935,1.7758,0,0,-0.0096,-0.0082,-0.0014,-1.3341,1.2525,0.9712,0,1
HI.19980719.35708,19980719,72,4916.0451,4986.6089,2039,2027,0.9941,0.0044,133.7472,133.6792,36090.9661,0.9940,1.7644,0,0,-0.0025,-0.0016,-0.0008,-0.8243,1.2741,0.9843,0,1
HI.19980719.35708,19980719,71,4985.2734,5056.8315,2039,2023,0.9922,0.0044,132.3998,132.2935,34622.6688,0.9920,1.7269,0,0,-0.0107,-0.0135,0.0028,2.7076,1.2609,0.9841,0,1
HI.19980719.35708,19980719,70,5056.4762,5129.0609,1927,1921,0.9969,0.0591,134.9796,134.9592,37326.1277,0.9920,1.7161,0,0,-0.0049,-0.0050,0.0002,0.1477,1.2863,0.9867,0,1
HI.19980719.35708,19980719,69,5129.7425,5203.3876,2040,2028,0.9941,0.0039,136.6943,136.6159,39276.5219,0.9921,1.7088,0,0,-0.0065,-0.0070,0.0004,0.4200,1.3021,0.9908,0,1
HI.19980719.35708,19980719,68,5205.1716,5279.8902,2040,2032,0.9961,0.0039,140.6936,140.6547,44147.6144,0.9919,1.7061,0,0,0.0009,0.0009,0.0000,0.0018,1.3406,0.9852,0,1
HI.19980719.35708,19980719,67,5282.8485,5358.6793,2040,2038,0.9990,0.0039,144.6940,144.6905,49650.8726,0.9919,1.6895,0,0,0.0063,0.0070,-0.0007,-0.6409,1.3790,0.9855,0,1
HI.19980719.35708,19980719,66,5362.8818,5439.8540,2040,2036,0.9980,0.0039,146.4928,146.4701,52092.2588,0.9912,1.6974,0,0,0.0043,0.0047,-0.0004,-0.4246,1.3960,0.9807,0,1
HI.19980719.35708,19980719,65,5445.3743,5523.5257,2040,2032,0.9961,0.0039,148.0233,147.9884,54824.5339,0.9905,1.6901,0,0,0.0007,0.0010,-0.0003,-0.2468,1.4105,0.9833,0,1
HI.19980719.35708,19980719,64,5530.4447,5609.8147,2040,2021,0.9907,0.0039,149.6512,149.5663,57887.9617,0.9903,1.6825,0,0,-0.0016,-0.0017,0.0001,0.0831,1.4255,0.9833,0,1
HI.19980719.35708,19980719,63,5618.2196,5698.8350,2040,2034,0.9971,0.0039,151.2800,151.2441,61059.7863,0.9894,1.6907,0,0,-0.0024,-0.0023,-0.0001,-0.1139,1.4415,0.9838,0,1
HI.19980719.35708,19980719,62,5708.8314,5790.7230,2041,2034,0.9966,0.0034,154.2424,154.2205,66170.4211,0.9888,1.6946,0,0,0.0011,0.0002,0.0009,0.8348,1.4699,0.9859,0,1
HI.19980719.35708,19980719,61,5802.4110,5885.6299,2041,2037,0.9980,0.0034,156.4861,156.4761,70892.1717,0.9885,1.6981,0,0,0.0025,0.0024,0.0002,0.1651,1.4914,0.9855,0,1
HI.19980719.35708,19980719,60,5899.1093,5983.7006,2041,2035,0.9971,0.0034,158.2078,158.2078,75317.1467,0.9881,1.7028,0,0,0.0014,0.0014,0.0000,0.0000,1.5079,1.0000,0,1
HI.19980719.35708,19980719,59,5999.0822,6085.0903,2041,2037,0.9980,0.0034,159.9818,159.9703,80266.9547,0.9879,1.7062,0,0,0.0006,0.0021,-0.0015,-1.4580,1.5247,1.0000,0,1
HI.19980719.35708,19980719,58,6102.5129,6189.9700,2041,2037,0.9980,0.0034,160.5470,160.5392,79542.2683,0.9868,1.7186,0,0,-0.0040,-0.0030,-0.0010,-0.9870,1.5301,1.0000,0,1
HI.19980719.35708,19980719,57,6209.5685,6261.8638,1165,1048,0.8996,0.4312,164.4734,164.0161,88311.1106,0.9879,1.6409,0,0,0.0056,0.0041,0.0015,1.4749,1.5632,0.9981,0,1
HI.19980719.49996,19980719,93,3806.2065,3860.6656,2037,2034,0.9985,0.0054,49.1179,49.1314,2664.1754,0.9884,1.8163,0,0,-0.0310,-0.0296,-0.0015,-1.4125,0.4290,1.0233,0,1
HI.19980719.49996,19980719,92,3847.5657,3902.6259,2037,2029,0.9961,0.0054,58.9002,58.9127,3917.9334,0.9886,1.8325,0,0,0.0214,0.0207,0.0008,0.7447,0.5144,1.0239,0,1
HI.19980719.49996,19980719,91,3889.8349,3945.5110,2037,2027,0.9951,0.0054,64.2165,64.2165,4734.9754,0.9872,1.8561,0,0,-0.0160,-0.0169,0.0009,0.8605,0.5607,1.0177,0,1
HI.19980719.49996,19980719,90,3933.0467,3989.3495,2037,2028,0.9956,0.0054,72.5688,72.5568,6263.8552,0.9868,1.8234,0,0,-0.0204,-0.0220,0.0016,1.5372,0.6335,1.0194,0,1
HI.19980719.49996,19980719,89,3977.2264,4034.1696,2038,2022,0.9921,0.0049,96.1050,95.9489,12500.3078,0.9874,1.8452,0,0,0.0609,0.0621,-0.0012,-1.2018,0.8378,1.0095,0,1
HI.19980719.49996,19980719,88,4022.4110,4080.0147,2037,2033,0.9980,0.0054,101.5534,101.5347,14465.9352,0.9858,1.8467,0,0,0.0405,0.0419,-0.0014,-1.3445,0.8865,1.0059,0,1
HI.19980719.49996,19980719,87,4068.6327,4126.9065,2037,2018,0.9907,0.0054,106.9279,106.8139,16687.1279,0.9842,1.8529,0,0,0.0214,0.0231,-0.0017,-1.6443,0.9326,1.0027,0,1
HI.19980719.49996,19980719,86,4115.9281,4174.8940,2038,2029,0.9956,0.0049,113.0767,113.0180,19583.8567,0.9807,1.8480,0,0,0.0152,0.0160,-0.0008,-0.7757,0.9868,1.0014,0,1
HI.19980719.49996,19980719,85,4164.3386,4224.0086,2038,1996,0.9794,0.0049,116.2374,116.0427,21368.1131,0.9769,1.8471,0,0,0.0081,0.0092,-0.0011,-1.0632,1.0132,0.9986,0,1
HI.19980719.49996,19980719,84,4213.8976,4274.2918,2037,2000,0.9818,0.0054,119.4339,119.2621,23097.5469,0.9729,1.8388,0,0,0.0031,0.0022,0.0009,0.9005,1.0413,0.9997,0,1
HI.19980719.49996,19980719,83,4264.6583,4325.7860,2039,2031,0.9961,0.0044,117.3383,117.3208,22032.6065,0.9693,1.8160,0,0,-0.0231,-0.0258,0.0027,2.6143,1.0244,1.0019,0,1
HI.19980719.49996,19980719,82,4316.6489,4378.5357,2039,2027,0.9941,0.0044,127.3646,127.3412,28611.7832,0.9647,1.8201,0,0,0.0025,0.0019,0.0006,0.5887,1.1119,0.9954,0,1
HI.19980719.49996,19980719,81,4369.9306,4432.5882,2039,2030,0.9956,0.0044,131.6941,131.6637,32054.3836,0.9592,1.8236,0,0,0.0040,0.0040,-0.0000,-0.0245,1.1496,0.9909,0,1
HI.19980719.49996,19980719,80,4424.5421,4487.9919,2039,2028,0.9946,0.0044,136.7717,136.7903,36783.8302,0.9543,1.8370,0,0,0.0089,0.0091,-0.0002,-0.2211,1.1944,0.9894,0,1
HI.19980719.49996,19980719,79,4480.5348,4544.7996,2039,1986,0.9740,0.0044,140.8183,140.9312,41545.2919,0.9477,1.8525,0,0,0.0082,0.0097,-0.0015,-1.4612,1.2305,0.9846,0,1
HI.19980719.49996,19980719,78,4537.9630,4603.0479,2039,1878,0.9210,0.0044,143.2560,143.5382,44478.9159,0.9418,1.8576,0,0,0.0064,0.0079,-0.0015,-1.4276,1.2533,0.9873,0,1
HI.19980719.49996,19980719,77,4596.8858,4662.8374,2039,1681,0.8244,0.0044,145.4276,145.6639,47395.0873,0.9327,1.8440,0,0,0.0040,0.0071,-0.0031,-3.0241,1.2718,0.9839,0,1
HI.19980719.49996,19980719,76,4657.3583,4724.1831,2039,1402,0.6876,0.0044,145.4544,145.9581,47607.9259,0.9194,1.9004,0,0,-0.0027,0.0005,-0.0032,-3.1322,1.2744,0.9918,0,1
HI.19980719.49996,19980719,75,4719.4400,4785.9058,2000,1171,0.5855,0.0234,147.5380,148.3195,50683.7869,0.9096,1.9231,0,0,0.0024,0.0063,-0.0039,-3.8120,1.2950,0.9910,0,1
HI.19980719.49996,19980719,74,4783.1993,4850.5705,2000,884,0.4420,0.0234,149.0350,149.7430,53226.0782,0.8938,1.9559,1,0,nan,0.0100,nan,nan,nan,nan,0,0
HI.19980719.49996,19980719,73,4848.7106,4918.3114,2039,619,0.3036,0.0044,145.0560,141.9488,47674.2987,0.8721,1.9883,1,0,nan,-0.0082,nan,nan,nan,nan,0,0
HI.19980719.49996,19980719,72,4916.0400,4986.6044,2039,637,0.3124,0.0044,146.8771,148.3766,50656.3249,0.8725,2.0049,1,0,nan,-0.0016,nan,nan,nan,nan,0,0
HI.19980719.49996,19980719,71,4985.2639,5056.8250,2039,79,0.0387,0.0044,147.5478,nan,50649.1541,0.8312,2.0431,1,1,nan,-0.0135,nan,nan,nan,nan,0,0
HI.19980719.49996,19980719,70,5056.4700,5129.0552,1919,1908,0.9943,0.0630,88.9881,88.9567,17192.5765,1.0000,1.0497,0,0,nan,-0.0050,nan,nan,0.7767,0.5958,0,1
HI.19980719.49996,19980719,69,5129.7356,5203.3860,2040,46,0.0225,0.0039,144.4473,nan,56500.0322,0.8179,1.0907,1,1,nan,-0.0070,nan,nan,nan,nan,0,0
HI.19980719.49996,19980719,68,5205.1653,5279.8847,2040,25,0.0123,0.0039,154.0338,nan,67513.0489,0.8045,1.4651,1,1,nan,0.0009,nan,nan,nan,nan,0,0
HI.19980719.49996,19980719,67,5282.8430,5358.6741,2040,2006,0.9833,0.0039,123.9973,123.8704,40301.6758,1.0000,1.8972,0,0,nan,0.0070,nan,nan,1.0816,0.7729,0,1
HI.19980719.49996,19980719,66,5362.8754,5439.8478,2040,41,0.0201,0.0039,153.8273,nan,56933.8369,0.5480,1.0384,1,1,nan,0.0047,nan,nan,nan,nan,0,0
HI.19980719.49996,19980719,65,5445.3672,5523.5190,2040,2032,0.9961,0.0039,76.6959,76.6959,8998.0255,1.0000,0.9134,0,0,-0.0882,0.0010,-0.0892,-86.6485,0.6697,0.4668,1,0
HI.19980719.49996,19980719,64,5530.4444,5609.7886,2040,0,0.0000,0.0039,78.1942,nan,10606.2293,0.6350,0.6706,1,1,nan,-0.0017,nan,nan,nan,nan,0,0
HI.19980719.49996,19980719,63,5618.2123,5698.8269,2040,2040,1.0000,0.0039,71.5488,71.5488,7749.7376,0.9996,1.1627,0,0,0.0937,-0.0023,0.0960,93.2458,0.6247,0.4263,1,0
HI.19980719.49996,19980719,62,5708.8242,5790.7161,2041,2041,1.0000,0.0034,61.7566,61.7566,5178.6450,1.0000,1.1300,0,0,0.0779,0.0002,0.0777,75.4636,0.5392,0.3617,1,0
HI.19980719.49996,19980719,61,5802.4036,5885.6230,2041,2039,0.9990,0.0034,68.6496,68.6302,7978.6914,1.0000,1.0000,0,0,0.1822,0.0024,0.1798,174.7153,0.5992,0.3960,1,0
HI.19980719.49996,19980719,60,5899.1442,5983.6832,2031,2026,0.9975,0.0083,10.7065,10.6926,123.3491,1.0000,1.2618,0,1,-0.7397,0.0014,-0.7412,-720.1931,0.0934,0.0619,1,0
HI.19980719.49996,19980719,59,5999.0736,6085.0846,2041,2041,1.0000,0.0034,67.5981,67.5981,7521.1204,1.0000,1.0000,0,0,0.3444,0.0021,0.3423,332.5899,0.5902,0.3871,1,0
HI.19980719.49996,19980719,58,6102.5060,6189.9580,2041,2038,0.9985,0.0034,42.2678,42.2655,2062.6716,1.0000,2.4874,0,0,0.0674,-0.0030,0.0703,68.3528,0.3690,0.2412,1,0
HI.19980719.49996,19980719,57,6209.5684,6261.8562,1165,269,0.2309,0.4312,189.6032,84.9818,258767.9884,0.2757,3.8076,1,0,nan,0.0041,nan,nan,nan,nan,0,0
