filename,koaid,mjd_hdr,exptime,ra,dec,norder,vel_type,vel_corr,vel_corr_spread,v_pypeit_stored,v_pypeit_helio,v_pypeit_bary,v_astropy_helio,v_astropy_bary,v_astropy_bary_mid,d_helio_bary,d_pypeit_astropy_helio,d_pypeit_astropy_bary,d_start_mid
spec1d_HI.19971223.17175-K17_HIRES_19971223T044616.666.fits,HI.19971223.17175,50805.198804,500.0,296.74112499999995,34.42213888888889,37,heliocentric,0.9999626776630623,0.0,-11.189163927815043,-11.189163927852194,-11.193693904737357,-11.19822388162252,-11.188941725450512,-11.190309714941892,-9.28215617200756,9.059953770325535,-4.752179286844793,1.3679894913796176
spec1d_HI.19971224.16259-K17_HIRES_19971224T043059.702.fits,HI.19971224.16259,50806.188191,500.0,296.7408333333333,34.42294444444444,37,heliocentric,0.9999635075907912,0.0,-10.940348671232162,-10.940348671239706,-10.944887219739403,-10.949425768239102,-10.940137361097321,-10.941802516758619,-9.288407141781363,9.077096999396517,-4.749858642082216,1.665155661298101
spec1d_HI.19980618.45396-K21_HIRES_19980618T123637.325.fits,HI.19980618.45396,50982.525432,400.0,296.74116666666663,34.41872222222222,37,heliocentric,1.0000386571347926,0.0,11.58889345767866,11.588893457680486,11.58264118984947,11.576388922018454,11.587231918552353,11.58148013449906,-10.842996533899196,12.504535662031913,-4.59072870288324,5.751784053293463
spec1d_HI.19980715.38054-Star+Iodine_HIRES_19980715T103414.794.fits,HI.19980715.38054,51009.440449,260.0,296.744625,34.41905555555555,37,heliocentric,1.0000163058854559,0.0,4.888341625999718,4.888341625981708,4.8818201267618155,4.875298627541926,4.886413519501869,4.882572152727318,-11.114891959943307,13.042998439781961,-4.593392740053659,3.8413667745516022
spec1d_HI.19980716.52985-Star+Iodine_HIRES_19980716T144306.269.fits,HI.19980716.52985,51010.613267,400.0,296.73949999999996,34.42219444444444,37,heliocentric,1.0000141288947102,0.0,4.235706150856186,4.235706150853606,4.229173426537684,4.222640702221764,4.233741619295143,4.230722050709289,-11.10091707337979,13.065448631842003,-4.568192757459677,3.01956858585406
spec1d_HI.19980717.32194-Star+Iodine_HIRES_19980717T085636.442.fits,HI.19980717.32194,51011.372644,300.0,296.7405416666666,34.41986111111111,37,heliocentric,1.0000149663846611,0.0,4.4867756692704255,4.486775669257218,4.480235293685343,4.473694918113468,4.484827466117082,4.480696940253324,-11.132548003613962,13.080751143750291,-4.592172431738817,4.130525863757839
spec1d_HI.19980717.48747-Star+Iodine_HIRES_19980717T133228.781.fits,HI.19980717.48747,51011.564222,400.0,296.74199999999996,34.41672222222222,37,heliocentric,1.0000134482517697,0.0,4.0316573443119195,4.0316573442849,4.02511464743902,4.0185719505931425,4.029694365238659,4.025417586627981,-11.122414645516443,13.085393691757652,-4.579717799638949,4.2767786106781
spec1d_HI.19980718.29255-Star+Iodine_HIRES_19980718T080737.200.fits,HI.19980718.29255,51012.338625,250.0,296.7405833333333,34.416333333333334,37,heliocentric,1.0000142686059599,0.0,4.2775899351086775,4.277589935118128,4.271039590624799,4.26448924613147,4.275628451318569,4.272493909493106,-11.139205187099321,13.100688986657616,-4.588860693770513,3.134541825463799
spec1d_HI.19980718.38646-Star+Iodine_HIRES_19980718T104407.325.fits,HI.19980718.38646,51012.447307,215.0,296.74612499999995,34.41697222222222,37,heliocentric,1.0000133917456728,0.0,4.014717469938169,4.014717469937015,4.008166850754969,4.001616231572922,4.012761580031507,4.009589515285295,-11.145348458584614,13.101238364092715,-4.594729276537812,3.172064746211234
spec1d_HI.19980718.49487-Star+Iodine_HIRES_19980718T134447.328.fits,HI.19980718.49487,51012.57277,400.0,296.74116666666663,34.41694444444444,37,heliocentric,1.0000124436051032,0.0,3.730475749838452,3.730475749868909,3.723923363642581,3.717370977416253,3.7285018307700235,3.7245017561742793,-11.130853353770398,13.104772452655844,-4.578467127442476,4.000074595744252
spec1d_HI.19980719.24897-Star+Iodine_HIRES_19980719T065458.493.fits,HI.19980719.24897,51013.288177,427.0,296.7448333333333,34.42005555555556,37,heliocentric,1.0000136445452128,0.0,4.0905038409004195,4.090503840933008,4.083945700074651,4.0773875592162945,4.088526470427754,4.084298454958911,-11.138911211459934,13.116281716713196,-4.58077035310378,4.228015468843438
spec1d_HI.19980719.35708-Star+Iodine_HIRES_19980719T095509.034.fits,HI.19980719.35708,51013.413299,300.0,296.74274999999994,34.419333333333334,37,heliocentric,1.0000127136839665,0.0,3.8114423376672963,3.8114423376382067,3.8048826192909733,3.79832290094374,3.8094781161555535,3.805056492430038,-11.15521521181373,13.119436694466913,-4.595496864580273,4.421623725515467
spec1d_HI.19980719.49996-Star+Iodine_HIRES_19980719T135317.002.fits,HI.19980719.49996,51013.578669,427.0,296.7407916666666,34.41922222222222,37,heliocentric,1.000011453697056,0.0,3.433712329130931,3.433712329092085,3.4271507925442677,3.420589255996451,3.431728512886844,3.427698370974285,-11.139256890393412,13.123073095634208,-4.57772034257653,4.0301419125592375
spec1d_HI.19980812.29160-Star+Iodine_HIRES_19980812T080601.728.fits,HI.19980812.29160,51037.33752,60.0,296.73999999999995,34.42052777777778,37,heliocentric,0.9999897686918927,0.0,-3.067284697120096,-3.0672846971237435,-3.0740618748322617,-3.08083905254078,-3.069458505882613,-3.070336175302497,-11.38054665816668,13.554355417036312,-4.603368949648523,0.8776694198839863
spec1d_HI.19980812.29316-Template_HIRES_19980812T080837.680.fits,HI.19980812.29316,51037.339325,60.0,296.73958333333326,34.42075,37,heliocentric,0.9999897530974898,0.0,-3.0719598293660466,-3.071959829352103,-3.0787370201536857,-3.085514210955268,-3.07413341321736,-3.0750126011371597,-11.380797737907677,13.554381603164689,-4.603606936325555,0.8791879197995733
spec1d_HI.19980817.39651-Star+Iodine_HIRES_19980817T110052.416.fits,HI.19980817.39651,51042.45894,427.0,296.7454583333333,34.42088888888889,37,heliocentric,0.9999839371930014,0.0,-4.815547067793299,-4.815547067800429,-4.822367505651056,-4.829187943501685,-4.817753072334725,-4.822820722466751,-11.434871166960292,13.64087570125605,-4.614433316331379,5.067650132026813
spec1d_HI.19980817.46581-Star+Iodine_HIRES_19980817T125622.128.fits,HI.19980817.46581,51042.539145,427.0,296.74354166666666,34.420944444444444,37,heliocentric,0.9999834973465938,0.0,-4.947411850551516,-4.947411850557422,-4.954233159732859,-4.961054468908297,-4.949627884643677,-4.952433224487558,-11.426584264619954,13.642618350875324,-4.6052750891822924,2.805339843881427
spec1d_HI.19980818.39654-Star+Iodine_HIRES_19980818T110055.958.fits,HI.19980818.39654,51043.458981,300.0,296.7403333333333,34.41738888888889,37,heliocentric,0.9999829671389328,0.0,-5.106366773766913,-5.106366773782413,-5.113196972557839,-5.1200271713332715,-5.1085813018875035,-5.112101769120284,-11.445869445767975,13.660397550858683,-4.6156706703355255,3.520467232780433
spec1d_HI.19980818.47821-Star+Iodine_HIRES_19980818T131701.968.fits,HI.19980818.47821,51043.553495,430.0,296.73716666666667,34.42086111111111,37,heliocentric,0.9999824891196595,0.0,-5.249675821846943,-5.249675821856843,-5.256506415639385,-5.263337009421927,-5.251902417019506,-5.254147444639801,-11.43459240242084,13.661187565084276,-4.603998619878702,2.2450276202947705
spec1d_HI.19980825.19425-Gl83.1_HIRES_19980825T052346.176.fits,HI.19980825.19425,51050.22484,430.0,296.74183333333326,34.41938888888889,37,heliocentric,0.999978216774712,0.0,-6.530517779359055,-6.5305177793428975,-6.53740373648836,-6.544289693633823,-6.532806977335579,-6.537973639599928,-11.48271629824471,13.771914290925835,-4.596759152781793,5.166662264349142
spec1d_HI.19980825.19954-Gl83.1_HIRES_19980825T053235.203.fits,HI.19980825.19954,51050.230963,300.0,296.74183333333326,34.41938888888889,37,heliocentric,0.999978174044826,0.0,-6.5433281562234,-6.543328156212925,-6.550214163379938,-6.5571001705469545,-6.5456159363113855,-6.549305696963637,-11.48423423556899,13.772014334029414,-4.598227068552063,3.6897606522519055
spec1d_HI.19980825.43288-Gl83.1_HIRES_19980825T120129.597.fits,HI.19980825.43288,51050.501037,230.0,296.7400833333333,34.41616666666666,37,heliocentric,0.9999761586687642,0.0,-7.147536495541796,-7.147536495552195,-7.154425573886575,-7.161314652220956,-7.149805473416962,-7.151590692619289,-11.509178803994047,13.778156668760921,-4.620100469613142,1.785219202326438
spec1d_HI.19980825.43615-Gl83.1_HIRES_19980825T120655.584.fits,HI.19980825.43615,51050.50481,230.0,296.7400833333333,34.41616666666666,37,heliocentric,0.9999761419859231,0.0,-7.1525380047752245,-7.152538004765206,-7.159427113866013,-7.166316222966816,-7.154807462431719,-7.15652871002808,-11.508760535097196,13.77821820160996,-4.619651434293992,1.721247596361053
spec1d_HI.19980826.19326-k24_HIRES_19980826T052207.766.fits,HI.19980826.19326,51051.223701,400.0,296.7424166666666,34.41913888888889,37,heliocentric,0.9999773066026871,0.0,-6.803386555897602,-6.803386555910826,-6.810280639264564,-6.817174722618299,-6.80568308713287,-6.810514628684196,-11.491635485429086,13.788166707472627,-4.597552131693661,4.831541551325813
spec1d_HI.19980826.19932-k24_HIRES_19980826T053213.949.fits,HI.19980826.19932,51051.230717,400.0,296.7424166666666,34.41913888888889,37,heliocentric,0.9999772572844683,0.0,-6.818172121833262,-6.818172121819552,-6.825066262102459,-6.8319604023853655,-6.820467026876516,-6.825434548209797,-11.493375508849546,13.78828056581316,-4.59923522594341,4.967521333281155
spec1d_HI.19980826.34749-k24_HIRES_19980826T093910.426.fits,HI.19980826.34749,51051.402204,500.0,296.74112499999995,34.41905555555555,37,heliocentric,0.9999758650338446,0.0,-7.2355681415103925,-7.235568141500236,-7.242463822883429,-7.249359504266617,-7.237838544605865,-7.244456691124241,-11.520959660751728,13.791362766380821,-4.625278277563538,6.618146518375667
spec1d_HI.19980826.35345-k24_HIRES_19980826T094906.067.fits,HI.19980826.35345,51051.409098,500.0,296.74112499999995,34.41905555555555,37,heliocentric,0.9999758127494116,0.0,-7.251242998903749,-7.251242998921697,-7.258138736171172,-7.265034473420646,-7.253513247357189,-7.259993603829226,-11.521226063456957,13.791474498948908,-4.6254888139829475,6.480356472037485
spec1d_HI.19980826.35939-k24_HIRES_19980826T095900.499.fits,HI.19980826.35939,51051.415978,500.0,296.74112499999995,34.41905555555555,37,heliocentric,0.9999757616879328,0.0,-7.266551215810189,-7.266551215812017,-7.273447008811608,-7.280342801811206,-7.268821384701428,-7.275153507716597,-11.521417109777943,13.79158599918906,-4.625624110180304,6.3321230151691665
spec1d_HI.19980826.44043-k24_HIRES_19980826T121405.165.fits,HI.19980826.44043,51051.509782,430.0,296.74158333333327,34.41613888888889,37,heliocentric,0.9999752138661491,0.0,-7.430788080595793,-7.430788080596401,-7.437685208123509,-7.444582335650617,-7.433065094326602,-7.4360104453012825,-11.517241324015437,13.794255054215832,-4.620113796907077,2.9453509746808493
spec1d_HI.19980912.28430-k25_HIRES_19980912T075351.389.fits,HI.19980912.28430,51068.329067,350.0,296.73999999999995,34.42197222222222,37,heliocentric,0.9999620215871908,0.0,-11.385857931308193,-11.385857931293234,-11.392881718486297,-11.399905505679355,-11.38824100680772,-11.393093003091774,-11.664498871635232,14.047574386120587,-4.640711678577603,4.851996284054749
spec1d_HI.19980913.29698-k25_HIRES_19980913T081459.309.fits,HI.19980913.29698,51069.343742,350.0,296.7417499999999,34.41797222222222,34,heliocentric,0.9999611284670235,0.0,-11.65361890987642,-11.653618909868763,-11.66065070079418,-11.667682491719598,-11.656006227950904,-11.660672556025732,-11.676263768693573,14.063581850834339,-4.644472843276404,4.66632807482803
spec1d_HI.19980914.33654-k25_HIRES_19980914T092054.787.fits,HI.19980914.33654,51070.389523,320.0,296.74125,34.418166666666664,37,heliocentric,0.999960039914216,0.0,-11.979971694639863,-11.979971694646158,-11.987011021580948,-11.994050348515735,-11.982360457034865,-11.985927658771077,-11.689891480870074,14.07865386957674,-4.650564546082592,3.5672017362120556
spec1d_HI.19980915.28132-k25_HIRES_19980915T074852.704.fits,HI.19980915.28132,51071.32561,300.0,296.74312499999996,34.418,37,heliocentric,0.9999597530040143,0.0,-12.065988658677298,-12.06598865870272,-12.073034573831187,-12.080080488959656,-12.068389103308876,-12.072496205005876,-11.691385650779651,14.091830256935722,-4.645470522310902,4.107101697000459
spec1d_HI.19980916.27261-k25_HIRES_19980916T073422.829.fits,HI.19980916.27261,51072.315542,230.0,296.74337499999996,34.41766666666666,37,heliocentric,0.9999590891769714,0.0,-12.265007075185775,-12.26500707515921,-12.272060160763823,-12.27911324636844,-12.26741453941704,-12.270603499842116,-11.698706951399629,14.106171209229856,-4.6456213467838126,3.188960425076104
spec1d_HI.19980917.29496-HD187123_HIRES_19980917T081136.701.fits,HI.19980917.29496,51073.341397,300.0,296.7427916666666,34.42077777777777,37,heliocentric,0.9999581604808486,0.0,-12.543434688075715,-12.543434688090107,-12.5504945473019,-12.557554406513695,-12.54584339351885,-12.54972989075794,-11.711012994846115,14.119718423588168,-4.651153783051143,3.886497239090403
spec1d_HI.19980918.26233-HD187123_HIRES_19980918T071714.237.fits,HI.19980918.26233,51074.303637,200.0,296.74458333333325,34.418861111111106,37,heliocentric,0.9999577337207268,0.0,-12.671379534197788,-12.67137953419818,-12.67844657044261,-12.685513606687039,-12.67379959296286,-12.67659336527425,-11.714013724178685,14.134072488857896,-4.6469774797497365,2.793772311390441
