koaid,mjd,order,v_rel,sigma,peak,npix
HI.19971223.17175,50805.198804,72,-433.30,13.53,0.99546,2844
HI.19971223.17175,50805.198804,73,-458.50,10.92,0.99710,2793
HI.19971223.17175,50805.198804,74,-467.37,12.33,0.99423,2795
HI.19971223.17175,50805.198804,75,-457.79,11.70,0.99499,2793
HI.19971223.17175,50805.198804,76,-441.62,11.54,0.99569,2847
HI.19971223.17175,50805.198804,77,-386.27,13.97,0.99237,2845
HI.19971223.17175,50805.198804,78,-466.96,35.99,0.96677,2845
HI.19971223.17175,50805.198804,79,-389.46,72.18,0.86689,2843
HI.19971224.16259,50806.188191,72,-200.59,14.21,0.99503,2844
HI.19971224.16259,50806.188191,73,-217.31,11.41,0.99685,2794
HI.19971224.16259,50806.188191,74,-214.10,12.92,0.99366,2794
HI.19971224.16259,50806.188191,75,-204.64,11.89,0.99485,2793
HI.19971224.16259,50806.188191,76,-174.66,12.15,0.99525,2846
HI.19971224.16259,50806.188191,77,-134.12,28.52,0.96967,2845
HI.19971224.16259,50806.188191,78,-146.47,15.87,0.99295,2845
HI.19971224.16259,50806.188191,79,-153.18,60.09,0.91056,2843
HI.19971224.16259,50806.188191,80,-121.11,59.18,0.91847,2845
HI.19971224.16259,50806.188191,81,-270.34,126.20,0.82594,2845
HI.19971224.16259,50806.188191,82,196.89,148.21,0.80964,2843
HI.19971224.16259,50806.188191,85,-111.60,115.34,0.84508,2810
HI.19971224.16259,50806.188191,86,-68.42,124.29,0.83476,2842
HI.19971224.16259,50806.188191,93,-433.48,92.68,0.93542,2838
HI.19980618.45396,50982.525432,72,224.23,14.69,0.99490,2844
HI.19980618.45396,50982.525432,73,218.30,13.46,0.99585,2792
HI.19980618.45396,50982.525432,74,225.69,14.35,0.99262,2793
HI.19980618.45396,50982.525432,75,229.08,13.10,0.99404,2793
HI.19980618.45396,50982.525432,76,232.20,13.12,0.99475,2843
HI.19980618.45396,50982.525432,77,267.13,12.43,0.99413,2844
HI.19980618.45396,50982.525432,78,285.53,12.33,0.99578,2844
HI.19980618.45396,50982.525432,79,263.04,13.65,0.99422,2842
HI.19980618.45396,50982.525432,80,229.90,12.71,0.99543,2843
HI.19980618.45396,50982.525432,81,266.29,13.45,0.99690,2842
HI.19980618.45396,50982.525432,82,160.17,16.42,0.99485,2842
HI.19980618.45396,50982.525432,83,249.05,12.94,0.99737,2841
HI.19980618.45396,50982.525432,84,188.89,46.77,0.96604,2841
HI.19980618.45396,50982.525432,85,261.77,27.85,0.98597,2840
HI.19980618.45396,50982.525432,86,253.50,14.04,0.99611,2839
HI.19980618.45396,50982.525432,87,236.35,15.13,0.99474,2839
HI.19980618.45396,50982.525432,88,176.98,14.65,0.99612,2838
HI.19980618.45396,50982.525432,89,156.41,21.69,0.98956,2838
HI.19980618.45396,50982.525432,90,96.79,60.48,0.94696,2837
HI.19980618.45396,50982.525432,91,157.78,35.90,0.97869,2837
HI.19980618.45396,50982.525432,92,91.25,37.63,0.97801,2836
HI.19980618.45396,50982.525432,93,-38.15,38.01,0.98576,2836
HI.19980715.38054,51009.440449,72,-20.08,9.73,0.99770,2844
HI.19980715.38054,51009.440449,73,-58.50,7.28,0.99874,2792
HI.19980715.38054,51009.440449,74,-35.09,9.42,0.99670,2794
HI.19980715.38054,51009.440449,75,-36.05,7.30,0.99810,2792
HI.19980715.38054,51009.440449,76,-10.65,6.90,0.99851,2846
HI.19980715.38054,51009.440449,77,-5.14,6.62,0.99829,2845
HI.19980715.38054,51009.440449,78,-2.72,6.88,0.99865,2845
HI.19980715.38054,51009.440449,79,-22.52,8.38,0.99773,2843
HI.19980715.38054,51009.440449,80,2.36,6.05,0.99894,2844
HI.19980715.38054,51009.440449,81,9.70,8.47,0.99873,2843
HI.19980715.38054,51009.440449,82,-22.18,8.10,0.99869,2843
HI.19980715.38054,51009.440449,83,22.48,5.50,0.99951,2842
HI.19980715.38054,51009.440449,84,-33.39,28.61,0.98640,2842
HI.19980715.38054,51009.440449,85,34.77,25.04,0.98836,2841
HI.19980715.38054,51009.440449,86,46.65,8.42,0.99855,2841
HI.19980715.38054,51009.440449,87,71.34,9.47,0.99788,2840
HI.19980715.38054,51009.440449,88,38.38,6.91,0.99911,2840
HI.19980715.38054,51009.440449,89,50.70,16.14,0.99399,2839
HI.19980715.38054,51009.440449,90,-13.69,57.87,0.94898,2839
HI.19980715.38054,51009.440449,91,92.18,32.22,0.98220,2838
HI.19980715.38054,51009.440449,92,43.38,33.72,0.98147,2838
HI.19980715.38054,51009.440449,93,-22.22,34.71,0.98756,2837
HI.19980716.52985,51010.613267,72,294.71,15.83,0.99407,2844
HI.19980716.52985,51010.613267,73,301.17,14.19,0.99533,2793
HI.19980716.52985,51010.613267,74,294.10,15.51,0.99134,2793
HI.19980716.52985,51010.613267,75,307.20,14.11,0.99308,2792
HI.19980716.52985,51010.613267,76,310.06,13.90,0.99407,2846
HI.19980716.52985,51010.613267,77,386.58,12.50,0.99403,2846
HI.19980716.52985,51010.613267,78,376.55,13.11,0.99525,2844
HI.19980716.52985,51010.613267,79,377.43,12.94,0.99480,2843
HI.19980716.52985,51010.613267,80,384.10,12.25,0.99569,2845
HI.19980716.52985,51010.613267,81,403.14,12.77,0.99716,2844
HI.19980716.52985,51010.613267,82,371.19,13.49,0.99647,2844
HI.19980716.52985,51010.613267,83,459.59,11.28,0.99797,2843
HI.19980716.52985,51010.613267,84,454.31,14.35,0.99649,2843
HI.19980716.52985,51010.613267,85,498.93,27.81,0.98592,2842
HI.19980716.52985,51010.613267,86,480.90,11.01,0.99757,2842
HI.19980716.52985,51010.613267,87,485.09,12.12,0.99661,2841
HI.19980716.52985,51010.613267,88,477.70,13.75,0.99656,2841
HI.19980716.52985,51010.613267,89,497.53,19.41,0.99139,2840
HI.19980716.52985,51010.613267,90,408.32,60.11,0.94700,2840
HI.19980716.52985,51010.613267,91,511.83,35.36,0.97896,2839
HI.19980716.52985,51010.613267,92,490.01,35.62,0.97990,2839
HI.19980716.52985,51010.613267,93,408.94,37.86,0.98545,2838
HI.19980717.32194,51011.372644,72,66.00,11.65,0.99672,2844
HI.19980717.32194,51011.372644,73,70.22,10.11,0.99761,2793
HI.19980717.32194,51011.372644,74,33.05,10.84,0.99564,2794
HI.19980717.32194,51011.372644,75,87.77,9.21,0.99697,2792
HI.19980717.32194,51011.372644,76,61.30,9.39,0.99722,2846
HI.19980717.32194,51011.372644,77,130.57,9.87,0.99623,2846
HI.19980717.32194,51011.372644,78,134.97,11.97,0.99601,2845
HI.19980717.32194,51011.372644,79,110.39,11.21,0.99600,2843
HI.19980717.32194,51011.372644,80,92.74,9.94,0.99718,2845
HI.19980717.32194,51011.372644,81,125.03,10.58,0.99803,2844
HI.19980717.32194,51011.372644,82,112.07,10.26,0.99790,2844
HI.19980717.32194,51011.372644,83,155.66,10.09,0.99837,2843
HI.19980717.32194,51011.372644,84,140.58,22.02,0.99187,2843
HI.19980717.32194,51011.372644,85,154.53,15.42,0.99566,2842
HI.19980717.32194,51011.372644,86,194.51,11.62,0.99727,2842
HI.19980717.32194,51011.372644,87,219.73,13.16,0.99593,2841
HI.19980717.32194,51011.372644,88,171.33,11.11,0.99771,2841
HI.19980717.32194,51011.372644,89,218.28,18.78,0.99195,2840
HI.19980717.32194,51011.372644,90,102.39,59.57,0.94648,2839
HI.19980717.32194,51011.372644,91,182.53,35.64,0.97837,2839
HI.19980717.32194,51011.372644,92,209.26,35.84,0.97923,2839
HI.19980717.32194,51011.372644,93,224.10,53.45,0.97255,2838
HI.19980717.48747,51011.564222,72,26.08,81.06,0.90187,2843
HI.19980717.48747,51011.564222,77,197.49,129.96,0.73008,2846
HI.19980717.48747,51011.564222,78,96.42,20.03,0.98911,2842
HI.19980717.48747,51011.564222,79,39.36,24.26,0.98218,2843
HI.19980717.48747,51011.564222,80,80.44,33.60,0.97040,2845
HI.19980717.48747,51011.564222,81,53.71,24.76,0.98974,2844
HI.19980717.48747,51011.564222,82,56.56,20.30,0.99207,2827
HI.19980717.48747,51011.564222,83,119.11,13.99,0.99685,2843
HI.19980717.48747,51011.564222,84,133.28,22.45,0.99153,2843
HI.19980717.48747,51011.564222,85,120.41,18.28,0.99394,2842
HI.19980717.48747,51011.564222,86,179.49,13.75,0.99618,2840
HI.19980717.48747,51011.564222,87,220.80,13.77,0.99558,2841
HI.19980717.48747,51011.564222,88,179.81,13.67,0.99656,2841
HI.19980717.48747,51011.564222,89,247.25,20.94,0.99005,2840
HI.19980717.48747,51011.564222,90,141.22,58.20,0.94890,2840
HI.19980717.48747,51011.564222,91,235.57,34.40,0.97996,2839
HI.19980717.48747,51011.564222,92,257.58,34.73,0.98042,2839
HI.19980717.48747,51011.564222,93,152.57,36.62,0.98615,2838
HI.19980718.29255,51012.338625,72,67.21,14.36,0.99497,2844
HI.19980718.29255,51012.338625,73,65.42,14.44,0.99506,2793
HI.19980718.29255,51012.338625,74,59.26,13.57,0.99314,2794
HI.19980718.29255,51012.338625,75,64.21,12.75,0.99423,2791
HI.19980718.29255,51012.338625,76,59.48,12.62,0.99501,2846
HI.19980718.29255,51012.338625,77,77.70,12.77,0.99367,2845
HI.19980718.29255,51012.338625,78,111.23,13.56,0.99481,2844
HI.19980718.29255,51012.338625,79,89.26,13.88,0.99385,2843
HI.19980718.29255,51012.338625,80,90.26,12.60,0.99544,2844
HI.19980718.29255,51012.338625,81,76.28,13.68,0.99670,2844
HI.19980718.29255,51012.338625,82,39.52,12.91,0.99667,2843
HI.19980718.29255,51012.338625,83,147.55,14.10,0.99684,2843
HI.19980718.29255,51012.338625,84,95.44,25.36,0.98933,2842
HI.19980718.29255,51012.338625,85,195.28,28.39,0.98531,2842
HI.19980718.29255,51012.338625,86,211.95,15.97,0.99493,2841
HI.19980718.29255,51012.338625,87,261.47,17.62,0.99288,2841
HI.19980718.29255,51012.338625,88,175.69,15.47,0.99568,2840
HI.19980718.29255,51012.338625,89,251.77,22.43,0.98884,2840
HI.19980718.29255,51012.338625,90,190.81,60.36,0.94649,2839
HI.19980718.29255,51012.338625,91,272.84,36.73,0.97802,2839
HI.19980718.29255,51012.338625,92,286.53,38.53,0.97685,2838
HI.19980718.29255,51012.338625,93,183.45,37.46,0.98587,2838
HI.19980718.38646,51012.447307,72,5.57,24.68,0.98604,2843
HI.19980718.38646,51012.447307,73,72.62,17.58,0.99283,2793
HI.19980718.38646,51012.447307,74,44.39,17.82,0.98858,2786
HI.19980718.38646,51012.447307,75,76.20,17.66,0.98916,2792
HI.19980718.38646,51012.447307,76,65.09,16.45,0.99179,2846
HI.19980718.38646,51012.447307,77,100.69,14.67,0.99180,2845
HI.19980718.38646,51012.447307,78,127.94,14.92,0.99381,2844
HI.19980718.38646,51012.447307,79,85.06,16.15,0.99175,2843
HI.19980718.38646,51012.447307,80,110.11,14.05,0.99440,2844
HI.19980718.38646,51012.447307,81,81.13,15.19,0.99599,2844
HI.19980718.38646,51012.447307,82,26.91,15.77,0.99513,2843
HI.19980718.38646,51012.447307,83,152.84,14.04,0.99686,2843
HI.19980718.38646,51012.447307,84,115.99,25.14,0.98947,2842
HI.19980718.38646,51012.447307,85,138.67,18.38,0.99390,2842
HI.19980718.38646,51012.447307,86,181.15,13.46,0.99634,2841
HI.19980718.38646,51012.447307,87,211.13,13.90,0.99550,2841
HI.19980718.38646,51012.447307,88,163.58,14.36,0.99625,2840
HI.19980718.38646,51012.447307,89,202.28,19.73,0.99110,2840
HI.19980718.38646,51012.447307,90,156.15,59.23,0.94737,2839
HI.19980718.38646,51012.447307,91,213.53,34.70,0.97968,2839
HI.19980718.38646,51012.447307,92,226.39,36.20,0.97888,2838
HI.19980718.38646,51012.447307,93,158.67,36.34,0.98632,2838
HI.19980718.49487,51012.572770,73,56.42,89.50,0.87749,2793
HI.19980718.49487,51012.572770,78,-37.19,145.13,0.75643,2782
HI.19980718.49487,51012.572770,79,22.20,46.27,0.94495,2843
HI.19980718.49487,51012.572770,80,78.46,37.20,0.96403,2844
HI.19980718.49487,51012.572770,81,81.57,27.47,0.98734,2844
HI.19980718.49487,51012.572770,82,59.80,17.25,0.99412,2843
HI.19980718.49487,51012.572770,83,150.60,10.12,0.99832,2843
HI.19980718.49487,51012.572770,84,111.07,19.87,0.99322,2842
HI.19980718.49487,51012.572770,85,148.73,15.24,0.99569,2842
HI.19980718.49487,51012.572770,86,173.60,9.63,0.99807,2840
HI.19980718.49487,51012.572770,87,218.87,10.17,0.99753,2841
HI.19980718.49487,51012.572770,88,126.44,10.57,0.99791,2840
HI.19980718.49487,51012.572770,89,194.38,17.84,0.99261,2840
HI.19980719.24897,51013.288177,72,2471.56,10.07,0.99746,2844
HI.19980719.24897,51013.288177,73,2430.61,6.05,0.99910,2793
HI.19980719.24897,51013.288177,74,2442.49,8.43,0.99727,2794
HI.19980719.24897,51013.288177,75,2413.17,6.53,0.99842,2793
HI.19980719.24897,51013.288177,76,2429.64,6.16,0.99876,2846
HI.19980719.24897,51013.288177,77,2460.28,6.69,0.99820,2845
HI.19980719.24897,51013.288177,78,2450.07,6.70,0.99868,2845
HI.19980719.24897,51013.288177,79,2403.66,8.56,0.99755,2843
HI.19980719.24897,51013.288177,80,2434.45,5.38,0.99913,2844
HI.19980719.24897,51013.288177,81,2426.51,7.73,0.99890,2844
HI.19980719.24897,51013.288177,82,2378.37,7.07,0.99895,2843
HI.19980719.24897,51013.288177,83,2448.14,5.61,0.99947,2843
HI.19980719.24897,51013.288177,84,2410.28,9.82,0.99828,2842
HI.19980719.24897,51013.288177,85,2468.29,24.92,0.98813,2842
HI.19980719.24897,51013.288177,86,2485.86,8.56,0.99845,2841
HI.19980719.24897,51013.288177,87,2514.40,10.87,0.99714,2841
HI.19980719.24897,51013.288177,88,2414.09,11.98,0.99730,2840
HI.19980719.24897,51013.288177,89,2525.43,16.89,0.99325,2840
HI.19980719.24897,51013.288177,90,2486.66,58.04,0.94752,2839
HI.19980719.24897,51013.288177,91,2601.34,32.46,0.98160,2839
HI.19980719.24897,51013.288177,92,2547.32,34.85,0.98010,2838
HI.19980719.24897,51013.288177,93,2421.77,35.91,0.98661,2837
HI.19980719.35708,51013.413299,72,1622.27,13.98,0.99519,2844
HI.19980719.35708,51013.413299,73,1562.07,12.09,0.99648,2793
HI.19980719.35708,51013.413299,74,1585.27,12.73,0.99391,2794
HI.19980719.35708,51013.413299,75,1570.63,11.91,0.99488,2793
HI.19980719.35708,51013.413299,76,1581.94,11.27,0.99595,2846
HI.19980719.35708,51013.413299,77,1608.31,10.67,0.99554,2845
HI.19980719.35708,51013.413299,78,1629.86,11.82,0.99602,2845
HI.19980719.35708,51013.413299,79,1568.75,12.88,0.99462,2843
HI.19980719.35708,51013.413299,80,1572.17,12.51,0.99547,2844
HI.19980719.35708,51013.413299,81,1586.67,11.44,0.99764,2844
HI.19980719.35708,51013.413299,82,1529.43,12.31,0.99694,2843
HI.19980719.35708,51013.413299,83,1626.71,9.90,0.99840,2843
HI.19980719.35708,51013.413299,84,1595.49,15.62,0.99578,2842
HI.19980719.35708,51013.413299,85,1661.56,26.09,0.98723,2842
HI.19980719.35708,51013.413299,86,1661.23,10.43,0.99776,2841
HI.19980719.35708,51013.413299,87,1688.88,11.02,0.99710,2841
HI.19980719.35708,51013.413299,88,1605.04,12.58,0.99705,2840
HI.19980719.35708,51013.413299,89,1704.86,17.68,0.99273,2840
HI.19980719.35708,51013.413299,90,1692.01,57.69,0.94872,2839
HI.19980719.35708,51013.413299,91,1753.23,32.86,0.98127,2839
HI.19980719.35708,51013.413299,92,1755.19,34.91,0.97989,2838
HI.19980719.35708,51013.413299,93,1639.59,36.28,0.98640,2838
HI.19980719.49996,51013.578669,75,1684.29,118.50,0.77070,2784
HI.19980719.49996,51013.578669,76,1441.20,63.17,0.90185,2846
HI.19980719.49996,51013.578669,77,1444.70,33.53,0.96077,2845
HI.19980719.49996,51013.578669,78,1531.69,21.30,0.98756,2845
HI.19980719.49996,51013.578669,79,1491.04,10.06,0.99669,2843
HI.19980719.49996,51013.578669,80,1505.64,8.53,0.99787,2844
HI.19980719.49996,51013.578669,81,1491.43,8.38,0.99873,2844
HI.19980719.49996,51013.578669,82,1454.48,10.43,0.99779,2843
HI.19980719.49996,51013.578669,83,1555.05,7.19,0.99915,2843
HI.19980719.49996,51013.578669,84,1544.32,11.77,0.99758,2842
HI.19980719.49996,51013.578669,85,1575.68,11.94,0.99733,2842
HI.19980719.49996,51013.578669,86,1604.61,7.88,0.99871,2841
HI.19980719.49996,51013.578669,87,1637.07,10.31,0.99751,2841
HI.19980719.49996,51013.578669,88,1601.41,8.06,0.99878,2840
HI.19980719.49996,51013.578669,89,1658.10,16.84,0.99339,2840
HI.19980719.49996,51013.578669,90,1644.01,56.82,0.95015,2839
HI.19980719.49996,51013.578669,91,1725.33,31.88,0.98236,2839
HI.19980719.49996,51013.578669,92,1741.89,33.78,0.98119,2838
HI.19980719.49996,51013.578669,93,1611.08,34.88,0.98732,2838
HI.19980812.29160,51037.337520,72,-607.22,12.26,0.99637,2844
HI.19980812.29160,51037.337520,73,-566.40,9.20,0.99799,2793
HI.19980812.29160,51037.337520,74,-652.68,12.33,0.99436,2794
HI.19980812.29160,51037.337520,75,-684.63,11.08,0.99563,2793
HI.19980812.29160,51037.337520,76,-677.26,10.61,0.99649,2846
HI.19980812.29160,51037.337520,77,-660.52,10.55,0.99575,2846
HI.19980812.29160,51037.337520,78,-704.83,10.79,0.99672,2845
HI.19980812.29160,51037.337520,79,-711.30,11.96,0.99543,2843
HI.19980812.29160,51037.337520,80,-742.05,10.51,0.99684,2844
HI.19980812.29160,51037.337520,81,-721.58,12.00,0.99749,2844
HI.19980812.29160,51037.337520,82,-687.11,11.12,0.99754,2843
HI.19980812.29160,51037.337520,83,-772.36,10.92,0.99808,2843
HI.19980812.29160,51037.337520,84,-769.96,11.98,0.99754,2843
HI.19980812.29160,51037.337520,85,-753.34,27.07,0.98657,2842
HI.19980812.29160,51037.337520,86,-795.31,13.22,0.99648,2841
HI.19980812.29160,51037.337520,87,-814.16,17.81,0.99268,2841
HI.19980812.29160,51037.337520,88,-753.02,11.68,0.99748,2840
HI.19980812.29160,51037.337520,89,-818.75,19.79,0.99105,2840
HI.19980812.29160,51037.337520,90,-898.11,61.11,0.94394,2839
HI.19980812.29160,51037.337520,91,-776.53,33.86,0.98051,2839
HI.19980812.29160,51037.337520,92,-705.04,35.97,0.97904,2838
HI.19980812.29160,51037.337520,93,-810.57,39.76,0.98358,2838
HI.19980812.29316,51037.339325,72,-607.00,11.92,0.99660,2844
HI.19980812.29316,51037.339325,73,-553.31,8.88,0.99816,2793
HI.19980812.29316,51037.339325,74,-647.64,11.67,0.99502,2794
HI.19980812.29316,51037.339325,75,-668.56,10.46,0.99615,2793
HI.19980812.29316,51037.339325,76,-671.50,10.84,0.99641,2846
HI.19980812.29316,51037.339325,77,-646.49,10.10,0.99611,2846
HI.19980812.29316,51037.339325,78,-679.65,9.98,0.99721,2845
HI.19980812.29316,51037.339325,79,-690.63,11.54,0.99579,2843
HI.19980812.29316,51037.339325,80,-733.37,10.12,0.99709,2844
HI.19980812.29316,51037.339325,81,-707.51,11.72,0.99762,2844
HI.19980812.29316,51037.339325,82,-678.33,11.14,0.99756,2843
HI.19980812.29316,51037.339325,83,-759.74,10.97,0.99808,2843
HI.19980812.29316,51037.339325,84,-737.96,11.72,0.99767,2843
HI.19980812.29316,51037.339325,85,-742.09,27.28,0.98653,2842
HI.19980812.29316,51037.339325,86,-794.10,13.04,0.99659,2841
HI.19980812.29316,51037.339325,87,-774.32,17.61,0.99285,2841
HI.19980812.29316,51037.339325,88,-744.33,11.41,0.99761,2840
HI.19980812.29316,51037.339325,89,-838.91,20.15,0.99075,2840
HI.19980812.29316,51037.339325,90,-899.95,60.26,0.94519,2839
HI.19980812.29316,51037.339325,91,-804.49,34.16,0.98024,2839
HI.19980812.29316,51037.339325,92,-809.21,36.80,0.97835,2838
HI.19980812.29316,51037.339325,93,-880.23,39.05,0.98439,2838
HI.19980817.39651,51042.458940,72,-60.35,13.51,0.99554,2844
HI.19980817.39651,51042.458940,73,-74.02,11.23,0.99699,2793
HI.19980817.39651,51042.458940,74,-70.88,12.31,0.99431,2795
HI.19980817.39651,51042.458940,75,-73.92,11.56,0.99519,2793
HI.19980817.39651,51042.458940,76,-74.06,11.56,0.99579,2847
HI.19980817.39651,51042.458940,77,-33.31,12.33,0.99405,2846
HI.19980817.39651,51042.458940,78,-38.53,12.25,0.99571,2846
HI.19980817.39651,51042.458940,79,-42.89,13.04,0.99450,2843
HI.19980817.39651,51042.458940,80,-80.52,10.93,0.99651,2845
HI.19980817.39651,51042.458940,81,-51.73,12.46,0.99723,2845
HI.19980817.39651,51042.458940,82,-70.89,12.12,0.99703,2844
HI.19980817.39651,51042.458940,83,-69.18,11.85,0.99771,2844
HI.19980817.39651,51042.458940,84,-74.04,12.54,0.99726,2843
HI.19980817.39651,51042.458940,85,-38.42,26.92,0.98654,2843
HI.19980817.39651,51042.458940,86,-48.49,12.92,0.99658,2842
HI.19980817.39651,51042.458940,87,-35.92,13.65,0.99557,2842
HI.19980817.39651,51042.458940,88,-4.52,12.81,0.99695,2841
HI.19980817.39651,51042.458940,89,-30.38,19.69,0.99114,2840
HI.19980817.39651,51042.458940,90,-62.68,58.90,0.94783,2840
HI.19980817.39651,51042.458940,91,22.80,34.53,0.97983,2839
HI.19980817.39651,51042.458940,92,45.57,36.79,0.97844,2839
HI.19980817.39651,51042.458940,93,-80.21,35.42,0.98716,2839
HI.19980817.46581,51042.539145,72,-128.47,15.39,0.99428,2844
HI.19980817.46581,51042.539145,73,-135.44,12.33,0.99637,2793
HI.19980817.46581,51042.539145,74,-115.48,13.53,0.99314,2795
HI.19980817.46581,51042.539145,75,-112.20,13.26,0.99373,2793
HI.19980817.46581,51042.539145,76,-116.05,12.50,0.99505,2847
HI.19980817.46581,51042.539145,77,-65.06,14.32,0.99213,2846
HI.19980817.46581,51042.539145,78,-68.80,13.24,0.99502,2846
HI.19980817.46581,51042.539145,79,-45.27,16.71,0.99135,2843
HI.19980817.46581,51042.539145,80,-101.17,12.62,0.99537,2845
HI.19980817.46581,51042.539145,81,-58.23,22.04,0.99191,2844
HI.19980817.46581,51042.539145,82,-77.94,26.33,0.98735,2844
HI.19980817.46581,51042.539145,83,-5.84,15.26,0.99629,2844
HI.19980817.46581,51042.539145,84,-19.58,15.82,0.99576,2843
HI.19980817.46581,51042.539145,85,28.08,29.30,0.98447,2842
HI.19980817.46581,51042.539145,86,47.48,16.69,0.99449,2842
HI.19980817.46581,51042.539145,87,92.18,16.74,0.99357,2842
HI.19980817.46581,51042.539145,88,105.93,14.44,0.99618,2841
HI.19980817.46581,51042.539145,89,104.95,21.30,0.98970,2840
HI.19980817.46581,51042.539145,90,16.60,61.47,0.94444,2840
HI.19980817.46581,51042.539145,91,145.89,37.18,0.97729,2839
HI.19980817.46581,51042.539145,92,128.28,37.83,0.97739,2839
HI.19980817.46581,51042.539145,93,283.66,73.12,0.95283,2838
HI.19980818.39654,51043.458981,72,-445.25,10.53,0.99726,2844
HI.19980818.39654,51043.458981,73,-444.41,14.01,0.99535,2793
HI.19980818.39654,51043.458981,74,-444.01,10.56,0.99578,2794
HI.19980818.39654,51043.458981,75,-381.43,12.15,0.99472,2793
HI.19980818.39654,51043.458981,76,-398.29,10.50,0.99649,2847
HI.19980818.39654,51043.458981,77,-375.34,10.71,0.99550,2846
HI.19980818.39654,51043.458981,78,-358.19,11.36,0.99629,2846
HI.19980818.39654,51043.458981,79,-365.49,12.00,0.99533,2843
HI.19980818.39654,51043.458981,80,-398.29,11.60,0.99611,2845
HI.19980818.39654,51043.458981,81,-350.36,11.92,0.99747,2844
HI.19980818.39654,51043.458981,82,-402.02,11.27,0.99743,2844
HI.19980818.39654,51043.458981,83,-334.53,11.79,0.99774,2844
HI.19980818.39654,51043.458981,84,-321.93,12.56,0.99726,2843
HI.19980818.39654,51043.458981,85,-280.65,27.37,0.98612,2842
HI.19980818.39654,51043.458981,86,-270.58,13.61,0.99622,2842
HI.19980818.39654,51043.458981,87,-293.08,13.91,0.99542,2841
HI.19980818.39654,51043.458981,88,-288.57,12.59,0.99704,2841
HI.19980818.39654,51043.458981,89,-283.18,19.80,0.99100,2840
HI.19980818.39654,51043.458981,90,-363.92,59.16,0.94721,2840
HI.19980818.39654,51043.458981,91,-243.80,34.35,0.97982,2839
HI.19980818.39654,51043.458981,92,-278.17,36.24,0.97872,2839
HI.19980818.39654,51043.458981,93,-364.79,34.08,0.98784,2838
HI.19980818.47821,51043.553495,72,-103.48,14.69,0.99476,2844
HI.19980818.47821,51043.553495,73,-142.25,13.47,0.99571,2793
HI.19980818.47821,51043.553495,74,-107.25,14.06,0.99266,2794
HI.19980818.47821,51043.553495,75,-81.41,12.39,0.99452,2793
HI.19980818.47821,51043.553495,76,-95.56,12.54,0.99507,2846
HI.19980818.47821,51043.553495,77,-46.72,11.47,0.99487,2846
HI.19980818.47821,51043.553495,78,-28.72,11.45,0.99627,2846
HI.19980818.47821,51043.553495,79,-50.76,12.19,0.99520,2843
HI.19980818.47821,51043.553495,80,-53.92,11.47,0.99618,2845
HI.19980818.47821,51043.553495,81,-33.75,12.86,0.99711,2844
HI.19980818.47821,51043.553495,82,-49.35,12.74,0.99677,2844
HI.19980818.47821,51043.553495,83,17.95,20.79,0.99316,2843
HI.19980818.47821,51043.553495,84,-1.89,12.93,0.99712,2843
HI.19980818.47821,51043.553495,85,57.20,26.49,0.98700,2842
HI.19980818.47821,51043.553495,86,79.67,11.32,0.99739,2842
HI.19980818.47821,51043.553495,87,36.91,12.10,0.99654,2841
HI.19980818.47821,51043.553495,88,63.68,10.39,0.99798,2841
HI.19980818.47821,51043.553495,89,64.86,18.57,0.99200,2840
HI.19980818.47821,51043.553495,90,18.90,65.27,0.94001,2840
HI.19980818.47821,51043.553495,91,-3.38,116.37,0.85012,2839
HI.19980825.19425,51050.224840,72,1013.94,8.46,0.99822,2844
HI.19980825.19425,51050.224840,73,1023.18,7.96,0.99847,2793
HI.19980825.19425,51050.224840,74,1058.58,9.86,0.99630,2794
HI.19980825.19425,51050.224840,75,1045.51,8.68,0.99724,2793
HI.19980825.19425,51050.224840,76,1041.67,8.54,0.99766,2845
HI.19980825.19425,51050.224840,77,1094.40,9.55,0.99640,2845
HI.19980825.19425,51050.224840,78,1128.61,9.87,0.99718,2845
HI.19980825.19425,51050.224840,79,1103.40,10.61,0.99630,2843
HI.19980825.19425,51050.224840,80,1120.41,9.39,0.99741,2844
HI.19980825.19425,51050.224840,81,1183.32,12.21,0.99734,2844
HI.19980825.19425,51050.224840,82,1113.49,10.20,0.99788,2843
HI.19980825.19425,51050.224840,83,1168.23,10.49,0.99820,2843
HI.19980825.19425,51050.224840,84,1187.90,11.57,0.99765,2842
HI.19980825.19425,51050.224840,85,1234.44,26.41,0.98696,2841
HI.19980825.19425,51050.224840,86,1262.90,13.27,0.99640,2841
HI.19980825.19425,51050.224840,87,1277.96,13.62,0.99560,2840
HI.19980825.19425,51050.224840,88,1236.96,12.61,0.99704,2840
HI.19980825.19425,51050.224840,89,1288.80,19.78,0.99101,2839
HI.19980825.19425,51050.224840,90,1203.10,58.96,0.94707,2839
HI.19980825.19425,51050.224840,91,1266.74,34.23,0.97986,2838
HI.19980825.19425,51050.224840,92,1274.24,36.08,0.97903,2838
HI.19980825.19425,51050.224840,93,1161.24,33.64,0.98837,2837
HI.19980825.19954,51050.230963,72,992.74,8.93,0.99802,2843
HI.19980825.19954,51050.230963,73,1033.87,12.50,0.99627,2793
HI.19980825.19954,51050.230963,74,1037.79,10.62,0.99571,2794
HI.19980825.19954,51050.230963,75,1052.27,11.16,0.99552,2793
HI.19980825.19954,51050.230963,76,1032.98,8.98,0.99742,2845
HI.19980825.19954,51050.230963,77,1083.40,9.54,0.99640,2845
HI.19980825.19954,51050.230963,78,1139.61,12.55,0.99550,2845
HI.19980825.19954,51050.230963,79,1093.17,10.69,0.99625,2842
HI.19980825.19954,51050.230963,80,1081.88,11.05,0.99645,2844
HI.19980825.19954,51050.230963,89,1270.66,19.35,0.99142,2839
HI.19980825.19954,51050.230963,90,1158.31,58.52,0.94761,2839
HI.19980825.19954,51050.230963,91,1255.99,34.05,0.98015,2838
HI.19980825.19954,51050.230963,92,1232.57,36.28,0.97874,2838
HI.19980825.19954,51050.230963,93,1141.39,33.42,0.98859,2837
HI.19980825.43288,51050.501037,72,-695.04,16.60,0.99331,2844
HI.19980825.43288,51050.501037,73,-681.78,15.41,0.99437,2793
HI.19980825.43288,51050.501037,74,-640.26,16.83,0.98953,2794
HI.19980825.43288,51050.501037,75,-610.89,15.61,0.99129,2793
HI.19980825.43288,51050.501037,76,-639.65,15.92,0.99212,2846
HI.19980825.43288,51050.501037,77,-557.64,14.49,0.99185,2845
HI.19980825.43288,51050.501037,78,-521.97,13.95,0.99444,2845
HI.19980825.43288,51050.501037,79,-511.46,15.06,0.99266,2843
HI.19980825.43288,51050.501037,80,-504.37,12.90,0.99518,2844
HI.19980825.43288,51050.501037,81,-410.32,13.34,0.99684,2843
HI.19980825.43288,51050.501037,82,-461.52,13.82,0.99613,2843
HI.19980825.43288,51050.501037,83,-418.56,12.00,0.99765,2842
HI.19980825.43288,51050.501037,84,-403.79,13.05,0.99703,2842
HI.19980825.43288,51050.501037,85,-328.60,26.22,0.98711,2841
HI.19980825.43288,51050.501037,86,-292.92,12.25,0.99691,2841
HI.19980825.43288,51050.501037,87,-249.76,11.46,0.99685,2840
HI.19980825.43288,51050.501037,88,-278.35,9.67,0.99823,2840
HI.19980825.43288,51050.501037,89,-259.78,18.22,0.99219,2839
HI.19980825.43288,51050.501037,90,-376.45,58.94,0.94661,2839
HI.19980825.43288,51050.501037,91,-321.93,32.77,0.98132,2838
HI.19980825.43288,51050.501037,92,-278.45,35.95,0.97892,2838
HI.19980825.43288,51050.501037,93,-312.12,34.61,0.98733,2837
HI.19980825.43615,51050.504810,72,-748.52,16.22,0.99361,2844
HI.19980825.43615,51050.504810,73,-743.27,14.67,0.99490,2793
HI.19980825.43615,51050.504810,74,-688.89,17.04,0.98923,2794
HI.19980825.43615,51050.504810,75,-667.05,16.46,0.99038,2793
HI.19980825.43615,51050.504810,76,-700.11,16.62,0.99157,2846
HI.19980825.43615,51050.504810,77,-620.09,15.83,0.99040,2845
HI.19980825.43615,51050.504810,78,-546.85,15.68,0.99316,2845
HI.19980825.43615,51050.504810,79,-558.96,15.66,0.99214,2843
HI.19980825.43615,51050.504810,80,-558.06,14.04,0.99436,2844
HI.19980825.43615,51050.504810,81,-483.08,14.49,0.99632,2843
HI.19980825.43615,51050.504810,82,-520.88,15.18,0.99542,2843
HI.19980825.43615,51050.504810,83,-465.23,13.71,0.99697,2842
HI.19980825.43615,51050.504810,84,-442.51,13.00,0.99708,2842
HI.19980825.43615,51050.504810,85,-367.22,26.66,0.98678,2841
HI.19980825.43615,51050.504810,86,-334.31,12.88,0.99662,2841
HI.19980825.43615,51050.504810,87,-292.08,11.67,0.99675,2840
HI.19980825.43615,51050.504810,88,-312.35,10.42,0.99797,2840
HI.19980825.43615,51050.504810,89,-295.13,18.48,0.99205,2839
HI.19980825.43615,51050.504810,90,-416.76,59.39,0.94622,2839
HI.19980825.43615,51050.504810,91,-375.42,33.80,0.98036,2838
HI.19980825.43615,51050.504810,92,-331.87,36.13,0.97881,2838
HI.19980825.43615,51050.504810,93,-364.53,34.57,0.98745,2837
HI.19980826.19326,51051.223701,72,535.58,5.91,0.99912,2844
HI.19980826.19326,51051.223701,73,550.17,5.45,0.99927,2794
HI.19980826.19326,51051.223701,74,555.98,7.49,0.99781,2795
HI.19980826.19326,51051.223701,75,566.49,5.94,0.99869,2793
HI.19980826.19326,51051.223701,76,547.43,5.59,0.99897,2847
HI.19980826.19326,51051.223701,77,566.94,5.17,0.99892,2846
HI.19980826.19326,51051.223701,78,615.91,15.88,0.99271,2845
HI.19980826.19326,51051.223701,79,558.92,6.31,0.99867,2843
HI.19980826.19326,51051.223701,80,592.12,4.52,0.99938,2845
HI.19980826.19326,51051.223701,81,582.61,6.04,0.99933,2845
HI.19980826.19326,51051.223701,82,604.77,5.27,0.99942,2844
HI.19980826.19326,51051.223701,83,605.81,5.20,0.99955,2844
HI.19980826.19326,51051.223701,84,593.09,6.53,0.99924,2843
HI.19980826.19326,51051.223701,85,600.26,15.18,0.99569,2843
HI.19980826.19326,51051.223701,86,622.03,5.82,0.99928,2842
HI.19980826.19326,51051.223701,87,624.65,7.03,0.99879,2842
HI.19980826.19326,51051.223701,88,630.86,6.34,0.99922,2841
HI.19980826.19326,51051.223701,89,616.51,16.92,0.99316,2840
HI.19980826.19326,51051.223701,90,550.46,58.64,0.94620,2840
HI.19980826.19326,51051.223701,91,640.71,35.02,0.97848,2839
HI.19980826.19326,51051.223701,92,612.75,33.50,0.98138,2839
HI.19980826.19326,51051.223701,93,523.33,31.89,0.98915,2839
HI.19980826.19932,51051.230717,72,505.39,129.78,0.76044,2844
HI.19980826.19932,51051.230717,73,678.92,82.14,0.89111,2794
HI.19980826.19932,51051.230717,74,535.43,41.01,0.94608,2795
HI.19980826.19932,51051.230717,75,457.63,61.64,0.89839,2793
HI.19980826.19932,51051.230717,76,608.58,22.91,0.98393,2847
HI.19980826.19932,51051.230717,77,568.26,13.32,0.99314,2846
HI.19980826.19932,51051.230717,78,588.48,19.28,0.98970,2846
HI.19980826.19932,51051.230717,79,626.08,10.52,0.99642,2843
HI.19980826.19932,51051.230717,80,604.43,4.88,0.99928,2845
HI.19980826.19932,51051.230717,81,599.82,6.90,0.99912,2845
HI.19980826.19932,51051.230717,82,593.16,8.64,0.99846,2844
HI.19980826.19932,51051.230717,83,620.30,5.36,0.99952,2844
HI.19980826.19932,51051.230717,84,627.55,6.98,0.99913,2843
HI.19980826.19932,51051.230717,85,627.83,14.95,0.99580,2843
HI.19980826.19932,51051.230717,86,624.44,5.96,0.99925,2842
HI.19980826.19932,51051.230717,87,622.46,8.59,0.99823,2842
HI.19980826.19932,51051.230717,88,586.58,25.32,0.98860,2841
HI.19980826.19932,51051.230717,89,644.91,23.93,0.98770,2840
HI.19980826.19932,51051.230717,90,531.92,88.12,0.90611,2840
HI.19980826.19932,51051.230717,92,498.09,290.20,0.55619,2839
HI.19980826.34749,51051.402204,72,-6.81,4.34,0.99953,2844
HI.19980826.34749,51051.402204,73,11.53,3.43,0.99971,2794
HI.19980826.34749,51051.402204,74,26.86,5.58,0.99881,2793
HI.19980826.34749,51051.402204,75,17.29,4.38,0.99929,2793
HI.19980826.34749,51051.402204,76,18.50,3.89,0.99951,2847
HI.19980826.34749,51051.402204,77,12.58,3.89,0.99939,2846
HI.19980826.34749,51051.402204,78,11.43,3.47,0.99965,2846
HI.19980826.34749,51051.402204,79,-5.91,4.83,0.99922,2843
HI.19980826.34749,51051.402204,80,2.03,2.74,0.99977,2845
HI.19980826.34749,51051.402204,81,-15.35,4.62,0.99960,2843
HI.19980826.34749,51051.402204,82,-8.81,4.01,0.99966,2844
HI.19980826.34749,51051.402204,83,-3.78,4.27,0.99970,2844
HI.19980826.34749,51051.402204,84,-22.41,4.32,0.99966,2843
HI.19980826.34749,51051.402204,85,-4.31,24.05,0.98886,2843
HI.19980826.34749,51051.402204,86,-8.13,5.92,0.99926,2842
HI.19980826.34749,51051.402204,87,-10.51,6.10,0.99908,2842
HI.19980826.34749,51051.402204,88,-0.74,4.60,0.99959,2841
HI.19980826.34749,51051.402204,89,-28.75,15.78,0.99404,2840
HI.19980826.34749,51051.402204,90,-58.98,57.36,0.94808,2840
HI.19980826.34749,51051.402204,91,36.01,32.46,0.98132,2839
HI.19980826.34749,51051.402204,92,-12.04,33.35,0.98147,2839
HI.19980826.34749,51051.402204,93,-95.92,31.28,0.98945,2839
HI.19980826.35345,51051.409098,72,11.38,5.07,0.99935,2844
HI.19980826.35345,51051.409098,73,27.37,3.67,0.99967,2794
HI.19980826.35345,51051.409098,74,42.46,5.15,0.99897,2795
HI.19980826.35345,51051.409098,75,35.70,4.35,0.99930,2793
HI.19980826.35345,51051.409098,76,31.67,4.00,0.99948,2845
HI.19980826.35345,51051.409098,77,30.87,3.75,0.99944,2846
HI.19980826.35345,51051.409098,78,25.33,4.42,0.99943,2845
HI.19980826.35345,51051.409098,79,8.06,5.43,0.99901,2843
HI.19980826.35345,51051.409098,80,11.42,3.19,0.99969,2845
HI.19980826.35345,51051.409098,81,9.26,5.34,0.99947,2843
HI.19980826.35345,51051.409098,82,10.04,4.20,0.99963,2844
HI.19980826.35345,51051.409098,83,1.30,3.65,0.99978,2844
HI.19980826.35345,51051.409098,84,3.67,4.74,0.99960,2843
HI.19980826.35345,51051.409098,85,10.11,24.02,0.98887,2843
HI.19980826.35345,51051.409098,86,12.14,4.77,0.99951,2842
HI.19980826.35345,51051.409098,87,15.41,6.58,0.99894,2842
HI.19980826.35345,51051.409098,88,-2.48,4.18,0.99966,2839
HI.19980826.35345,51051.409098,89,-3.31,15.57,0.99419,2839
HI.19980826.35345,51051.409098,90,-15.10,57.50,0.94829,2840
HI.19980826.35345,51051.409098,91,62.50,32.53,0.98121,2839
HI.19980826.35345,51051.409098,92,17.25,33.66,0.98118,2839
HI.19980826.35345,51051.409098,93,-81.78,30.46,0.99011,2839
HI.19980826.35939,51051.415978,72,-23.25,4.81,0.99942,2844
HI.19980826.35939,51051.415978,73,-24.45,4.44,0.99951,2792
HI.19980826.35939,51051.415978,74,-41.17,5.56,0.99883,2795
HI.19980826.35939,51051.415978,75,-29.68,5.18,0.99902,2793
HI.19980826.35939,51051.415978,76,-28.43,4.92,0.99920,2847
HI.19980826.35939,51051.415978,77,-21.11,5.04,0.99897,2846
HI.19980826.35939,51051.415978,78,-23.98,4.49,0.99941,2843
HI.19980826.35939,51051.415978,79,-5.40,6.00,0.99882,2843
HI.19980826.35939,51051.415978,80,-7.29,3.51,0.99962,2845
HI.19980826.35939,51051.415978,81,1.88,5.42,0.99945,2845
HI.19980826.35939,51051.415978,82,-3.10,4.82,0.99952,2844
HI.19980826.35939,51051.415978,83,5.85,5.02,0.99958,2844
HI.19980826.35939,51051.415978,84,6.74,5.83,0.99939,2843
HI.19980826.35939,51051.415978,85,-5.89,15.57,0.99542,2843
HI.19980826.35939,51051.415978,86,-7.31,5.75,0.99931,2842
HI.19980826.35939,51051.415978,87,-14.50,8.38,0.99834,2842
HI.19980826.35939,51051.415978,88,0.08,8.92,0.99848,2841
HI.19980826.35939,51051.415978,89,4.99,20.88,0.99041,2840
HI.19980826.35939,51051.415978,91,-54.77,40.12,0.97308,2839
HI.19980826.35939,51051.415978,93,41.70,68.21,0.95227,2839
HI.19980826.44043,51051.509782,72,21.73,7.69,0.99851,2844
HI.19980826.44043,51051.509782,73,-19.02,6.44,0.99898,2794
HI.19980826.44043,51051.509782,74,20.06,7.80,0.99769,2795
HI.19980826.44043,51051.509782,75,20.61,7.30,0.99805,2793
HI.19980826.44043,51051.509782,76,14.15,7.99,0.99791,2847
HI.19980826.44043,51051.509782,77,25.93,9.07,0.99670,2846
HI.19980826.44043,51051.509782,78,16.90,9.69,0.99728,2846
HI.19980826.44043,51051.509782,79,32.22,12.03,0.99542,2843
HI.19980826.44043,51051.509782,80,40.74,8.27,0.99793,2845
HI.19980826.44043,51051.509782,81,86.90,18.51,0.99396,2845
HI.19980826.44043,51051.509782,82,48.07,21.00,0.99130,2843
HI.19980826.44043,51051.509782,83,54.91,18.78,0.99438,2842
HI.19980826.44043,51051.509782,84,90.31,9.13,0.99853,2843
HI.19980826.44043,51051.509782,85,119.37,26.26,0.98690,2840
HI.19980826.44043,51051.509782,86,64.68,13.32,0.99634,2842
HI.19980826.44043,51051.509782,87,85.48,8.46,0.99827,2842
HI.19980826.44043,51051.509782,88,101.13,8.70,0.99857,2841
HI.19980826.44043,51051.509782,89,98.95,17.22,0.99301,2840
HI.19980826.44043,51051.509782,90,5.33,56.96,0.94884,2840
HI.19980826.44043,51051.509782,91,113.38,33.06,0.98067,2839
HI.19980826.44043,51051.509782,92,67.04,35.10,0.97977,2839
HI.19980826.44043,51051.509782,93,67.04,32.84,0.98860,2839
HI.19980912.28430,51068.329067,72,-927.36,179.92,0.67468,2844
HI.19980912.28430,51068.329067,74,-711.57,39.82,0.94926,2784
HI.19980912.28430,51068.329067,77,-662.61,96.84,0.79824,2845
HI.19980912.28430,51068.329067,82,-600.90,43.54,0.96720,2826
HI.19980912.28430,51068.329067,83,-526.83,21.00,0.99311,2843
HI.19980912.28430,51068.329067,90,-485.46,98.23,0.88737,2839
HI.19980912.28430,51068.329067,93,-453.73,118.94,0.89302,2812
HI.19980913.29698,51069.343742,72,-783.05,16.29,0.99337,2844
HI.19980913.29698,51069.343742,73,-769.50,14.62,0.99476,2792
HI.19980913.29698,51069.343742,74,-756.19,16.06,0.99012,2787
HI.19980913.29698,51069.343742,75,-757.40,15.38,0.99132,2792
HI.19980913.29698,51069.343742,76,-714.06,16.16,0.99164,2842
HI.19980913.29698,51069.343742,77,-774.12,23.90,0.97809,2843
HI.19980913.29698,51069.343742,78,-679.44,16.06,0.99247,2845
HI.19980913.29698,51069.343742,79,-775.15,15.76,0.99174,2841
HI.19980913.29698,51069.343742,80,-741.82,14.17,0.99402,2844
HI.19980913.29698,51069.343742,81,-714.84,15.89,0.99543,2843
HI.19980913.29698,51069.343742,82,-793.95,14.32,0.99574,2843
HI.19980913.29698,51069.343742,83,-823.66,13.72,0.99687,2843
HI.19980913.29698,51069.343742,84,-793.64,16.25,0.99534,2842
HI.19980913.29698,51069.343742,85,-769.23,28.00,0.98518,2842
HI.19980913.29698,51069.343742,87,-771.73,16.01,0.99380,2841
HI.19980913.29698,51069.343742,88,-800.47,13.97,0.99633,2841
HI.19980913.29698,51069.343742,89,-708.26,22.27,0.98863,2840
HI.19980913.29698,51069.343742,90,-849.63,61.80,0.94327,2840
HI.19980913.29698,51069.343742,91,-743.59,34.74,0.97922,2839
HI.19980913.29698,51069.343742,93,-948.28,33.85,0.98812,2839
HI.19980914.33654,51070.389523,72,-549.55,11.03,0.99699,2844
HI.19980914.33654,51070.389523,73,-550.85,8.39,0.99830,2792
HI.19980914.33654,51070.389523,74,-523.29,10.18,0.99607,2793
HI.19980914.33654,51070.389523,75,-505.83,8.94,0.99709,2791
HI.19980914.33654,51070.389523,76,-526.54,8.66,0.99761,2845
HI.19980914.33654,51070.389523,77,-480.79,8.49,0.99716,2845
HI.19980914.33654,51070.389523,78,-493.55,8.09,0.99811,2845
HI.19980914.33654,51070.389523,79,-496.05,9.90,0.99679,2843
HI.19980914.33654,51070.389523,80,-494.63,7.16,0.99850,2844
HI.19980914.33654,51070.389523,81,-483.99,8.91,0.99858,2843
HI.19980914.33654,51070.389523,82,-509.51,9.05,0.99835,2843
HI.19980914.33654,51070.389523,83,-454.71,6.67,0.99927,2842
HI.19980914.33654,51070.389523,84,-444.42,18.06,0.99440,2842
HI.19980914.33654,51070.389523,85,-415.33,24.93,0.98830,2841
HI.19980914.33654,51070.389523,86,-413.35,8.79,0.99840,2841
HI.19980914.33654,51070.389523,87,-400.23,10.13,0.99754,2840
HI.19980914.33654,51070.389523,88,-406.23,7.45,0.99896,2840
HI.19980914.33654,51070.389523,89,-423.78,16.76,0.99347,2839
HI.19980914.33654,51070.389523,90,-442.91,58.72,0.94704,2839
HI.19980914.33654,51070.389523,91,-386.58,32.65,0.98148,2838
HI.19980914.33654,51070.389523,92,-391.44,35.63,0.97949,2837
HI.19980914.33654,51070.389523,93,-489.93,33.45,0.98823,2837
HI.19980915.28132,51071.325610,72,941.72,9.79,0.99769,2844
HI.19980915.28132,51071.325610,73,989.13,7.26,0.99876,2793
HI.19980915.28132,51071.325610,74,955.92,8.53,0.99730,2794
HI.19980915.28132,51071.325610,75,960.28,7.56,0.99797,2793
HI.19980915.28132,51071.325610,76,929.20,7.97,0.99801,2846
HI.19980915.28132,51071.325610,77,1002.31,9.46,0.99660,2846
HI.19980915.28132,51071.325610,78,965.32,7.20,0.99853,2845
HI.19980915.28132,51071.325610,79,916.33,9.34,0.99719,2843
HI.19980915.28132,51071.325610,80,959.31,8.54,0.99790,2844
HI.19980915.28132,51071.325610,81,934.93,8.74,0.99866,2844
HI.19980915.28132,51071.325610,82,927.04,8.23,0.99866,2843
HI.19980915.28132,51071.325610,83,954.31,7.03,0.99920,2843
HI.19980915.28132,51071.325610,84,929.64,13.19,0.99705,2842
HI.19980915.28132,51071.325610,85,942.58,25.87,0.98764,2842
HI.19980915.28132,51071.325610,86,918.08,9.07,0.99834,2841
HI.19980915.28132,51071.325610,87,952.83,9.88,0.99771,2841
HI.19980915.28132,51071.325610,88,949.96,7.97,0.99882,2840
HI.19980915.28132,51071.325610,89,893.51,21.64,0.98958,2840
HI.19980915.28132,51071.325610,90,866.70,59.72,0.94625,2839
HI.19980915.28132,51071.325610,91,960.43,32.72,0.98170,2839
HI.19980915.28132,51071.325610,92,926.96,35.20,0.97992,2838
HI.19980915.28132,51071.325610,93,799.56,34.05,0.98794,2838
HI.19980916.27261,51072.315542,72,340.47,14.11,0.99517,2844
HI.19980916.27261,51072.315542,73,383.84,12.47,0.99629,2792
HI.19980916.27261,51072.315542,74,356.88,13.92,0.99280,2793
HI.19980916.27261,51072.315542,75,418.09,14.79,0.99220,2793
HI.19980916.27261,51072.315542,76,371.99,13.19,0.99451,2846
HI.19980916.27261,51072.315542,77,461.45,12.30,0.99415,2845
HI.19980916.27261,51072.315542,78,422.49,11.98,0.99589,2845
HI.19980916.27261,51072.315542,79,393.68,13.40,0.99417,2843
HI.19980916.27261,51072.315542,80,414.86,11.94,0.99584,2844
HI.19980916.27261,51072.315542,81,385.14,15.92,0.99554,2844
HI.19980916.27261,51072.315542,82,379.80,13.19,0.99651,2843
HI.19980916.27261,51072.315542,83,448.62,11.60,0.99779,2842
HI.19980916.27261,51072.315542,84,417.01,14.85,0.99619,2842
HI.19980916.27261,51072.315542,85,479.17,26.42,0.98696,2841
HI.19980916.27261,51072.315542,86,457.91,12.31,0.99689,2841
HI.19980916.27261,51072.315542,87,428.84,15.08,0.99467,2840
HI.19980916.27261,51072.315542,88,459.91,15.10,0.99577,2840
HI.19980916.27261,51072.315542,89,463.39,18.76,0.99184,2839
HI.19980916.27261,51072.315542,90,424.54,59.54,0.94574,2839
HI.19980916.27261,51072.315542,91,506.35,33.29,0.98082,2838
HI.19980916.27261,51072.315542,92,492.33,36.69,0.97825,2838
HI.19980916.27261,51072.315542,93,391.79,34.11,0.98795,2837
HI.19980917.29496,51073.341397,72,512.18,9.55,0.99778,2844
HI.19980917.29496,51073.341397,73,458.22,8.90,0.99815,2793
HI.19980917.29496,51073.341397,74,485.92,8.90,0.99707,2794
HI.19980917.29496,51073.341397,75,512.07,9.38,0.99689,2793
HI.19980917.29496,51073.341397,76,499.70,7.37,0.99830,2846
HI.19980917.29496,51073.341397,77,539.41,7.50,0.99783,2843
HI.19980917.29496,51073.341397,78,523.77,7.77,0.99829,2845
HI.19980917.29496,51073.341397,79,508.90,9.31,0.99721,2843
HI.19980917.29496,51073.341397,80,518.52,6.49,0.99878,2844
HI.19980917.29496,51073.341397,81,541.34,9.58,0.99839,2844
HI.19980917.29496,51073.341397,82,465.06,8.82,0.99846,2843
HI.19980917.29496,51073.341397,83,543.26,6.54,0.99931,2843
HI.19980917.29496,51073.341397,84,528.84,12.12,0.99749,2842
HI.19980917.29496,51073.341397,85,552.54,17.80,0.99412,2842
HI.19980917.29496,51073.341397,86,537.26,9.44,0.99819,2841
HI.19980917.29496,51073.341397,87,553.58,9.55,0.99784,2841
HI.19980917.29496,51073.341397,88,521.93,8.97,0.99853,2840
HI.19980917.29496,51073.341397,89,443.25,17.59,0.99293,2840
HI.19980918.26233,51074.303637,72,-93.42,15.87,0.99395,2844
HI.19980918.26233,51074.303637,73,-106.32,14.35,0.99518,2793
HI.19980918.26233,51074.303637,74,-82.78,15.18,0.99159,2794
HI.19980918.26233,51074.303637,75,-84.68,15.52,0.99155,2793
HI.19980918.26233,51074.303637,76,-59.73,14.05,0.99390,2846
HI.19980918.26233,51074.303637,77,-1.79,12.99,0.99348,2845
HI.19980918.26233,51074.303637,78,25.97,12.50,0.99557,2845
HI.19980918.26233,51074.303637,79,3.30,13.97,0.99373,2843
HI.19980918.26233,51074.303637,80,36.52,11.76,0.99600,2845
HI.19980918.26233,51074.303637,81,53.16,12.67,0.99718,2844
HI.19980918.26233,51074.303637,82,33.26,12.60,0.99684,2843
HI.19980918.26233,51074.303637,83,101.12,11.76,0.99778,2843
HI.19980918.26233,51074.303637,84,93.67,14.88,0.99622,2842
HI.19980918.26233,51074.303637,85,131.03,14.26,0.99623,2842
HI.19980918.26233,51074.303637,86,138.14,12.22,0.99697,2841
HI.19980918.26233,51074.303637,87,144.89,12.96,0.99601,2841
HI.19980918.26233,51074.303637,88,141.38,11.05,0.99775,2840
HI.19980918.26233,51074.303637,89,124.49,20.52,0.99045,2840
HI.19980918.26233,51074.303637,90,67.88,61.02,0.94436,2839
HI.19980918.26233,51074.303637,91,171.70,34.19,0.98006,2839
HI.19980918.26233,51074.303637,92,91.15,37.44,0.97763,2838
HI.19980918.26233,51074.303637,93,29.75,35.26,0.98713,2838
